{"type":"FeatureCollection","features":[{"type":"Feature","properties":{"dep":"18","muni":"001","name":"FLORENCIA","dep_name":"CAQUETÁ"},"geometry":{"type":"Polygon","coordinates":[[[-75.40430955108471,1.7695121792219881],[-75.47898278489383,1.6046627398446045],[-75.45939636291111,1.444771178343232],[-75.47898278489383,1.3431346818849956],[-75.56834583519002,1.3220637009119462],[-75.5916047112945,1.3914739911761078],[-75.66627794510363,1.4943499571033474],[-75.72993381654747,1.4980683655103562],[-75.77889987150428,1.5823522894025528],[-75.80460705035661,1.6158179650656308],[-75.75808929814764,1.6777914385157748],[-75.7862447797478,1.7633148318769738],[-75.73483042204316,1.7868647517880287],[-75.68831266983419,1.8810644314322476],[-75.6589330368601,1.8922196566532739],[-75.58793225717274,2.0136876646155564],[-75.53529374809416,2.117803100011799],[-75.44470654642407,2.1438319588608596],[-75.42634427581527,2.1946502070899783],[-75.38349897772805,2.1227609778878103],[-75.3920680373455,1.9950956225805134],[-75.3492227392583,1.9752641110764673],[-75.3553434961279,1.8661907978042134],[-75.40430955108471,1.7695121792219881]]]}},{"type":"Feature","properties":{"dep":"18","muni":"029","name":"ALBANIA","dep_name":"CAQUETÁ"},"geometry":{"type":"Polygon","coordinates":[[[-75.75686514677372,1.1894404677286383],[-75.81072780722621,1.1720878951625977],[-75.81440026134797,1.111353891181456],[-75.92212558225295,1.1076354827744472],[-75.9551776693488,1.1820036509146208],[-75.99435051331425,1.2476955327717736],[-75.90621161439199,1.359247784982033],[-75.85357310531342,1.34065574294699],[-75.7862447797478,1.206793040294678],[-75.75686514677372,1.1894404677286383]]]}},{"type":"Feature","properties":{"dep":"18","muni":"094","name":"BELÉN DE LOS ANDAQUÍES","dep_name":"CAQUETÁ"},"geometry":{"type":"Polygon","coordinates":[[[-75.77889987150428,1.5823522894025528],[-75.77767572013036,1.4559264035642583],[-75.737278724791,1.4175028500251692],[-75.74217533028667,1.3233031703809495],[-75.75686514677372,1.1894404677286383],[-75.7862447797478,1.206793040294678],[-75.85357310531342,1.34065574294699],[-75.90621161439199,1.359247784982033],[-75.99557466468816,1.421221258432177],[-76.02740260041008,1.5290551022354286],[-76.09962753147138,1.563760247367509],[-75.98333315094895,1.6220153124106451],[-75.90376331164414,1.716214992054864],[-75.83765913745245,1.7397649119659189],[-75.7862447797478,1.7633148318769738],[-75.75808929814764,1.6777914385157748],[-75.80460705035661,1.6158179650656308],[-75.77889987150428,1.5823522894025528]]]}},{"type":"Feature","properties":{"dep":"18","muni":"247","name":"EL DONCELLO","dep_name":"CAQUETÁ"},"geometry":{"type":"Polygon","coordinates":[[[-75.3492227392583,2.3235550318662783],[-75.28679101918836,2.2714973141681565],[-75.25741138621427,2.1376346115158453],[-75.29780838155365,2.054590157092652],[-75.31494650078852,1.801738385416063],[-75.26108384033604,1.7943015686020463],[-75.17784154690946,1.7100176447098496],[-75.05420225814352,1.7323280951519013],[-75.0223743224216,1.6468047017907024],[-74.93301127212543,1.5042657128553705],[-74.92933881800366,1.4249396668391858],[-74.96483920784735,1.4435317088742297],[-75.03828829028257,1.4819552624133188],[-75.07501283150017,1.545168205332466],[-75.33086046864949,1.659199396480732],[-75.3614642529975,1.7484411982489396],[-75.31004989529285,1.9145301070953256],[-75.3859472804759,2.3148787455832576],[-75.3492227392583,2.3235550318662783]]]}},{"type":"Feature","properties":{"dep":"18","muni":"256","name":"EL PAUJÍL","dep_name":"CAQUETÁ"},"geometry":{"type":"Polygon","coordinates":[[[-74.96483920784735,1.4435317088742297],[-75.05665056089137,1.3877555827691],[-75.08113358836977,1.273724391620834],[-75.11785812958738,1.34065574294699],[-75.21334193675315,1.3443741513539988],[-75.26230799170996,1.4237001973701835],[-75.32841216590165,1.483194731882322],[-75.36880916124102,1.5662391863055154],[-75.33942952826693,1.6616783354187374],[-75.40430955108471,1.7695121792219881],[-75.3553434961279,1.8661907978042134],[-75.3492227392583,1.9752641110764673],[-75.3920680373455,1.9950956225805134],[-75.38349897772805,2.1227609778878103],[-75.42634427581527,2.1946502070899783],[-75.39451634009335,2.302484050893229],[-75.3859472804759,2.3148787455832576],[-75.31004989529285,1.9145301070953256],[-75.3614642529975,1.7484411982489396],[-75.33086046864949,1.659199396480732],[-75.07501283150017,1.545168205332466],[-75.03828829028257,1.4819552624133188],[-74.96483920784735,1.4435317088742297]]]}},{"type":"Feature","properties":{"dep":"18","muni":"410","name":"LA MONTAÑITA","dep_name":"CAQUETÁ"},"geometry":{"type":"Polygon","coordinates":[[[-75.08113358836977,1.273724391620834],[-74.95749429960382,1.1001986659604306],[-74.89995918502959,0.9762517190601416],[-75.19497966614435,1.0419436009172944],[-75.19375551477043,1.1088749522434505],[-75.28067026231876,1.1720878951625977],[-75.34555028513654,1.2613296969308054],[-75.36024010162357,1.3505714986990132],[-75.47898278489383,1.3431346818849956],[-75.45939636291111,1.444771178343232],[-75.47898278489383,1.6046627398446045],[-75.40430955108471,1.7695121792219881],[-75.33942952826693,1.6616783354187374],[-75.36880916124102,1.5662391863055154],[-75.32841216590165,1.483194731882322],[-75.26230799170996,1.4237001973701835],[-75.21334193675315,1.3443741513539988],[-75.11785812958738,1.34065574294699],[-75.08113358836977,1.273724391620834]]]}},{"type":"Feature","properties":{"dep":"18","muni":"460","name":"MILÁN","dep_name":"CAQUETÁ"},"geometry":{"type":"Polygon","coordinates":[[[-75.19497966614435,1.0419436009172944],[-75.22558345049235,0.9601386159631042],[-75.32351556040597,0.9241940013620207],[-75.40063709696294,1.030788375696269],[-75.54141450496377,1.087803971270401],[-75.56834583519002,1.2167087960467011],[-75.56834583519002,1.3220637009119462],[-75.47898278489383,1.3431346818849956],[-75.36024010162357,1.3505714986990132],[-75.34555028513654,1.2613296969308054],[-75.28067026231876,1.1720878951625977],[-75.19375551477043,1.1088749522434505],[-75.19497966614435,1.0419436009172944]]]}},{"type":"Feature","properties":{"dep":"18","muni":"479","name":"MORELIA","dep_name":"CAQUETÁ"},"geometry":{"type":"Polygon","coordinates":[[[-75.56834583519002,1.3220637009119462],[-75.56834583519002,1.2167087960467011],[-75.64791567449483,1.235300838081745],[-75.66750209647755,1.2947953725938834],[-75.74217533028667,1.3233031703809495],[-75.737278724791,1.4175028500251692],[-75.77767572013036,1.4559264035642583],[-75.77889987150428,1.5823522894025528],[-75.72993381654747,1.4980683655103562],[-75.66627794510363,1.4943499571033474],[-75.5916047112945,1.3914739911761078],[-75.56834583519002,1.3220637009119462]]]}},{"type":"Feature","properties":{"dep":"18","muni":"610","name":"SAN JOSÉ DEL FRAGUA","dep_name":"CAQUETÁ"},"geometry":{"type":"Polygon","coordinates":[[[-76.09962753147138,1.563760247367509],[-76.02740260041008,1.5290551022354286],[-75.99557466468816,1.421221258432177],[-75.90621161439199,1.359247784982033],[-75.99435051331425,1.2476955327717736],[-75.9551776693488,1.1820036509146208],[-76.09840338009745,1.1485379752515428],[-76.13267961856722,1.101438135429433],[-76.28080193481156,1.1373827500305165],[-76.30283665954212,1.2365403075507473],[-76.20368039825459,1.3530504376370187],[-76.18409397627187,1.488152609758333],[-76.14981773780211,1.5364919190494462],[-76.16940415978483,1.588549636747567],[-76.09962753147138,1.563760247367509]]]}},{"type":"Feature","properties":{"dep":"18","muni":"860","name":"VALPARAÍSO","dep_name":"CAQUETÁ"},"geometry":{"type":"Polygon","coordinates":[[[-75.56834583519002,1.2167087960467011],[-75.54141450496377,1.087803971270401],[-75.40063709696294,1.030788375696269],[-75.32351556040597,0.9241940013620207],[-75.46918957390247,0.8423890164078296],[-75.51693147748536,0.9613780854321075],[-75.63934661487738,1.0134358031302284],[-75.82052101821758,0.9341097571140438],[-75.87560783004398,1.0270699672892603],[-75.8584697108091,1.0977197270224242],[-75.81440026134797,1.111353891181456],[-75.81072780722621,1.1720878951625977],[-75.75686514677372,1.1894404677286383],[-75.74217533028667,1.3233031703809495],[-75.66750209647755,1.2947953725938834],[-75.64791567449483,1.235300838081745],[-75.56834583519002,1.2167087960467011]]]}},{"type":"Feature","properties":{"dep":"18","muni":"150","name":"CARTAGENA DEL CHAIRÁ","dep_name":"CAQUETÁ"},"geometry":{"type":"Polygon","coordinates":[[[-73.67335950836154,0.5362400575641173],[-73.58154815531752,0.48294287039699313],[-73.48484019677782,0.32429077836462383],[-73.42485677945574,0.2561199575694655],[-73.38813223823813,0.2685146522594941],[-73.2351133164981,0.16068080845624344],[-73.14575026620193,0.1309335412001742],[-73.18492311016738,0.06028378146700941],[-73.32814882091604,0.0379733310249577],[-73.41996017396005,0.06772059828102694],[-73.47994359128215,0.11482043810313591],[-73.54849606822168,0.07267847615703804],[-73.64397987538746,0.07267847615703804],[-73.70885989820522,0.10614415182011605],[-73.7614984072838,0.07887582350205236],[-73.86187881994525,0.1693570947392633],[-74.51190319949687,0.1693570947392633],[-74.555972648958,0.33048812570963815],[-74.64166324513242,0.5263243018120942],[-74.71756063031548,0.6242423898633218],[-74.81549274022909,0.6663843518094206],[-74.85099313007277,0.7903312987097086],[-74.81304443748124,0.8485863637528448],[-74.89995918502959,0.9762517190601416],[-74.95749429960382,1.1001986659604306],[-75.08113358836977,1.273724391620834],[-75.05665056089137,1.3877555827691],[-74.96483920784735,1.4435317088742297],[-74.92933881800366,1.4249396668391858],[-74.82406179984653,1.392713460645111],[-74.7983546209942,1.4187423194941715],[-74.78733725862892,1.5674786557745177],[-74.57311076819289,1.2340613686127417],[-74.47273035553143,1.1758063035696065],[-74.38336730523525,1.0989591964914274],[-74.34174615852197,1.0196331504752427],[-74.24993480547795,0.9576596770250987],[-74.17526157166883,0.8820520394159228],[-74.07610531038128,0.839910077469824],[-74.06998455351169,0.7568656230466306],[-74.02346680130272,0.7233999473835526],[-73.96225923260671,0.615566103580302],[-73.89860336116286,0.6329186761463426],[-73.86922372818877,0.5746636111032064],[-73.80801615949277,0.5647478553511833],[-73.72844632018794,0.6217634509253163],[-73.67335950836154,0.5362400575641173]]]}},{"type":"Feature","properties":{"dep":"18","muni":"753","name":"SAN VICENTE DEL CAGUÁN","dep_name":"CAQUETÁ"},"geometry":{"type":"Polygon","coordinates":[[[-74.60004209841912,2.635901338055005],[-74.68083608909787,2.5540963531008147],[-74.67226702948042,2.4487414482355696],[-74.74204365779387,2.3235550318662783],[-74.74326780916779,2.270257844699154],[-74.65023230474986,2.2429895163810905],[-74.59392134154953,2.13515567257784],[-74.64411154788026,2.0954926495697475],[-74.56086925445368,1.9628694163864386],[-74.56331755720153,1.8475987557691704],[-74.47028205278359,1.8066962632920749],[-74.32215973653925,1.788104221257032],[-74.20708950739075,1.716214992054864],[-74.10548494335536,1.6914256026748067],[-73.99408716832863,1.6393678849766857],[-73.91084487490205,1.6368889460386793],[-73.85820636582349,1.6083811482516133],[-73.73946368255324,1.6381284155076825],[-73.65989384324841,1.612099556658622],[-73.6586696918745,1.5761549420575385],[-73.47627113716038,1.3617267239200386],[-73.41383941709046,1.245216593833768],[-73.39302884373382,1.1472985057825396],[-73.32202806404644,1.0803671544563844],[-73.23878577061987,1.0320278451652714],[-73.29142427969843,1.0121963336612252],[-73.37833902724677,1.0667329902973526],[-73.4652537747951,1.0444225398553],[-73.51421982975191,0.9836885358741592],[-73.53625455448247,0.8622205279118766],[-73.56930664157832,0.7816550124266888],[-73.57665154982185,0.6961316190654898],[-73.64275572401354,0.6205239814563139],[-73.67335950836154,0.5362400575641173],[-73.72844632018794,0.6217634509253163],[-73.80801615949277,0.5647478553511833],[-73.86922372818877,0.5746636111032064],[-73.89860336116286,0.6329186761463426],[-73.96225923260671,0.615566103580302],[-74.02346680130272,0.7233999473835526],[-74.06998455351169,0.7568656230466306],[-74.07610531038128,0.839910077469824],[-74.17526157166883,0.8820520394159228],[-74.24993480547795,0.9576596770250987],[-74.34174615852197,1.0196331504752427],[-74.38336730523525,1.0989591964914274],[-74.47273035553143,1.1758063035696065],[-74.57311076819289,1.2340613686127417],[-74.78733725862892,1.5674786557745177],[-74.8105961347334,1.6034232703756013],[-74.79957877236812,1.7062992363028409],[-74.84487237320317,1.7509201371869452],[-74.85833803831629,1.8649513283352102],[-74.9011833364035,1.9529536606344156],[-74.94647693723854,2.097971588507753],[-75.02604677654335,2.150029306205874],[-75.00768450593456,2.213242249125021],[-74.98932223532576,2.4289099367315234],[-75.01502941417807,2.4896439407126643],[-74.98075317570832,2.565251578321841],[-75.05420225814352,2.6284645212409874],[-75.13377209744834,2.598717253984918],[-75.15213436805715,2.7090300367261753],[-75.14478945981362,2.7239036703542103],[-75.07011622600449,2.744974651327259],[-74.9440286344907,2.8961899265456115],[-74.90485579052526,2.9581633999957555],[-74.89873503365565,2.96436074734077],[-74.87914861167293,2.913542499111651],[-74.80325122648989,2.935852949553704],[-74.7616300797766,2.8726400066345565],[-74.6710428781065,2.8875136402625907],[-74.66369796986298,2.803229716370395],[-74.61962852040185,2.7524114681412764],[-74.63676663963673,2.7102695061951785],[-74.60004209841912,2.635901338055005]]]}},{"type":"Feature","properties":{"dep":"18","muni":"756","name":"SOLANO","dep_name":"CAQUETÁ"},"geometry":{"type":"Polygon","coordinates":[[[-72.03299666730847,0.6639054128714141],[-71.98158230960382,0.6292002677393338],[-71.99015136922127,0.5659873248201865],[-71.92894380052525,0.5436768743781348],[-71.92159889228174,0.4593929504859382],[-71.85671886946396,0.45567454207892943],[-71.83223584198555,0.3391644119926589],[-71.76980412191563,0.3280091867716326],[-71.69757919085433,0.23752791553442165],[-71.62657841116696,0.21645693456137316],[-71.58373311307976,0.163159747394249],[-71.44907646194854,0.13960982748319406],[-71.3744032281394,0.1743149726152744],[-71.33523038417395,0.15448346111122824],[-71.29728169158243,0.07515741509504359],[-71.25443639349523,0.059044311998006194],[-71.2715745127301,0.035494392086951265],[-71.43683494820934,0.00698659429988524],[-71.47478364080087,-0.011605447735157703],[-71.54945687460999,0.021860227927920306],[-71.70492409909785,-0.06738157384028742],[-71.73675203481977,-0.16406019242251269],[-71.71104485596746,-0.23223101321767148],[-71.78939054389835,-0.27065456675676103],[-71.99627212609086,-0.27685191410177534],[-72.06237630028255,-0.325191223392888],[-72.14317029096128,-0.3475016738349397],[-72.18356728630066,-0.46153286498320556],[-72.23008503850963,-0.4925196017082776],[-72.24232655224883,-0.6053113233875402],[-72.31699978605795,-0.6524111632096496],[-72.43329416658037,-0.5668877698484507],[-72.5385711847375,-0.6772005525897073],[-72.59243384519,-0.6933136556867447],[-72.74545276693003,-0.5606904225034364],[-72.8776611153134,-0.6177060180775689],[-72.9376445326355,-0.6053113233875402],[-72.99640379858367,-0.5334220941853727],[-73.11269817910609,-0.604071853918537],[-73.20940613764579,-0.6239033654225832],[-73.33549372915957,-0.5061537658673094],[-73.4885126508996,-0.5284642163093611],[-73.57053079295224,-0.5160695216193325],[-73.5803240039436,-0.4553355176381908],[-73.6770319624833,-0.42186984197511324],[-73.8410682465886,-0.3983199220640583],[-73.88024109055405,-0.3710515937459946],[-73.9989837738243,-0.34378326542793136],[-74.10915739747713,-0.23594942162468024],[-74.15689930106002,-0.26073881100473795],[-74.29033180081731,-0.1975258680855907],[-74.35153936951333,-0.10704459684837975],[-74.41152278683542,-0.11819982206940605],[-74.43967826843559,-0.07481839065430496],[-74.54128283247096,-0.1206787610074116],[-74.70409496520234,0.03673386155595448],[-74.66247381848906,0.0540864341219951],[-74.67838778635003,0.16068080845624344],[-74.7371470522982,0.20902011774735563],[-74.84487237320317,0.21397799562336672],[-74.89261427678606,0.24868314075544795],[-74.96483920784735,0.24496473234843918],[-75.01502941417807,0.38626425181476787],[-74.98320147845615,0.41229311066382923],[-75.03339168478688,0.48418233986599635],[-75.19620381751827,0.47922446198998436],[-75.23537666148371,0.5659873248201865],[-75.20722117988355,0.6019319394212701],[-75.2708770513274,0.6614264739334086],[-75.26598044583172,0.7258788863215591],[-75.33820537689301,0.7680208482676569],[-75.42267182169351,0.7382735810115877],[-75.48387939038952,0.7828944818956911],[-75.46918957390247,0.8423890164078296],[-75.32351556040597,0.9241940013620207],[-75.22558345049235,0.9601386159631042],[-75.19497966614435,1.0419436009172944],[-74.89995918502959,0.9762517190601416],[-74.81304443748124,0.8485863637528448],[-74.85099313007277,0.7903312987097086],[-74.81549274022909,0.6663843518094206],[-74.71756063031548,0.6242423898633218],[-74.64166324513242,0.5263243018120942],[-74.555972648958,0.33048812570963815],[-74.51190319949687,0.1693570947392633],[-73.86187881994525,0.1693570947392633],[-73.7614984072838,0.07887582350205236],[-73.70885989820522,0.10614415182011605],[-73.64397987538746,0.07267847615703804],[-73.54849606822168,0.07267847615703804],[-73.47994359128215,0.11482043810313591],[-73.41996017396005,0.06772059828102694],[-73.32814882091604,0.0379733310249577],[-73.18492311016738,0.06028378146700941],[-73.14575026620193,0.1309335412001742],[-73.2351133164981,0.16068080845624344],[-73.38813223823813,0.2685146522594941],[-73.42485677945574,0.2561199575694655],[-73.48484019677782,0.32429077836462383],[-73.58154815531752,0.48294287039699313],[-73.67335950836154,0.5362400575641173],[-73.64275572401354,0.6205239814563139],[-73.57665154982185,0.6961316190654898],[-73.56930664157832,0.7816550124266888],[-73.53625455448247,0.8622205279118766],[-73.51421982975191,0.9836885358741592],[-73.4652537747951,1.0444225398553],[-73.37833902724677,1.0667329902973526],[-73.29142427969843,1.0121963336612252],[-73.23878577061987,1.0320278451652714],[-73.21675104588931,0.997322700033191],[-73.07842194063632,0.8944467341059514],[-73.04536985354048,0.9056019593269768],[-72.85685054195676,1.0431830703862977],[-72.87031620706989,1.1460590363135372],[-72.7258663449473,1.1857220593216296],[-72.65119311113817,1.1720878951625977],[-72.5079674003895,1.067972459766355],[-72.46757040505014,1.0840855628633923],[-72.39901792811061,1.002280577909202],[-72.26925788247507,0.763062970391645],[-72.19091219454418,0.7271183557905614],[-72.08073857089136,0.7048079053485097],[-72.03299666730847,0.6639054128714141]]]}},{"type":"Feature","properties":{"dep":"18","muni":"785","name":"SOLITA","dep_name":"CAQUETÁ"},"geometry":{"type":"Polygon","coordinates":[[[-75.46918957390247,0.8423890164078296],[-75.48387939038952,0.7828944818956911],[-75.537742050842,0.8262759133107922],[-75.60507037640761,0.8374311385318185],[-75.63689831212955,0.8770941615399108],[-75.75808929814764,0.8374311385318185],[-75.8095036558523,0.8956862035749538],[-75.82052101821758,0.9341097571140438],[-75.63934661487738,1.0134358031302284],[-75.51693147748536,0.9613780854321075],[-75.46918957390247,0.8423890164078296]]]}},{"type":"Feature","properties":{"dep":"18","muni":"205","name":"CURILLO","dep_name":"CAQUETÁ"},"geometry":{"type":"Polygon","coordinates":[[[-75.81440026134797,1.111353891181456],[-75.8584697108091,1.0977197270224242],[-75.87560783004398,1.0270699672892603],[-75.82052101821758,0.9341097571140438],[-75.8095036558523,0.8956862035749538],[-75.85602140806125,0.8845309783539284],[-75.97598824270544,1.0617751124213406],[-76.08493771498433,1.0580567040143318],[-76.13267961856722,1.101438135429433],[-76.09840338009745,1.1485379752515428],[-75.9551776693488,1.1820036509146208],[-75.92212558225295,1.1076354827744472],[-75.81440026134797,1.111353891181456]]]}},{"type":"Feature","properties":{"dep":"18","muni":"592","name":"PUERTO RICO","dep_name":"CAQUETÁ"},"geometry":{"type":"Polygon","coordinates":[[[-74.78733725862892,1.5674786557745177],[-74.7983546209942,1.4187423194941715],[-74.82406179984653,1.392713460645111],[-74.92933881800366,1.4249396668391858],[-74.93301127212543,1.5042657128553705],[-75.0223743224216,1.6468047017907024],[-75.05420225814352,1.7323280951519013],[-75.17784154690946,1.7100176447098496],[-75.26108384033604,1.7943015686020463],[-75.31494650078852,1.801738385416063],[-75.29780838155365,2.054590157092652],[-75.25741138621427,2.1376346115158453],[-75.28679101918836,2.2714973141681565],[-75.3492227392583,2.3235550318662783],[-75.19497966614435,2.511954391154717],[-75.13377209744834,2.598717253984918],[-75.05420225814352,2.6284645212409874],[-74.98075317570832,2.565251578321841],[-75.01502941417807,2.4896439407126643],[-74.98932223532576,2.4289099367315234],[-75.00768450593456,2.213242249125021],[-75.02604677654335,2.150029306205874],[-74.94647693723854,2.097971588507753],[-74.9011833364035,1.9529536606344156],[-74.85833803831629,1.8649513283352102],[-74.84487237320317,1.7509201371869452],[-74.79957877236812,1.7062992363028409],[-74.8105961347334,1.6034232703756013],[-74.78733725862892,1.5674786557745177]]]}},{"type":"Feature","properties":{"dep":"19","muni":"001","name":"POPAYÁN","dep_name":"CAUCA"},"geometry":{"type":"Polygon","coordinates":[[[-76.58806392966554,2.5528568836318115],[-76.38485480159478,2.4239520588555115],[-76.50726993898681,2.4152757725724916],[-76.5317529664652,2.312399806645252],[-76.55746014531753,2.397923200006451],[-76.61866771401354,2.4152757725724916],[-76.72394473217068,2.4772492460226356],[-76.76801418163181,2.5677305172598466],[-76.58806392966554,2.5528568836318115]]]}},{"type":"Feature","properties":{"dep":"19","muni":"022","name":"ALMAGUER","dep_name":"CAUCA"},"geometry":{"type":"Polygon","coordinates":[[[-76.72394473217068,1.9802219889524784],[-76.74842775964909,1.8946985955912794],[-76.79372136048413,1.8438803473621617],[-76.86839459429326,1.8463592863001672],[-76.93572291985888,1.921966923909343],[-76.86594629154543,1.9827009278904848],[-76.83656665857134,1.9851798668284903],[-76.79127305773629,1.9504747216964091],[-76.72394473217068,1.9802219889524784]]]}},{"type":"Feature","properties":{"dep":"19","muni":"050","name":"ARGELIA","dep_name":"CAUCA"},"geometry":{"type":"Polygon","coordinates":[[[-77.30908908890453,2.508235982747708],[-77.13648374518179,2.4351072840765378],[-77.13403544243394,2.316118215052261],[-77.16586337815588,2.2962867035482146],[-77.17810489189507,2.202087023903995],[-77.21238113036483,2.1574661230198915],[-77.30541663478277,2.145071428329863],[-77.32255475401766,2.221918535408041],[-77.37519326309622,2.26406049735414],[-77.40334874469639,2.383049566378417],[-77.32133060264374,2.4487414482355696],[-77.30908908890453,2.508235982747708]]]}},{"type":"Feature","properties":{"dep":"19","muni":"075","name":"BALBOA","dep_name":"CAUCA"},"geometry":{"type":"Polygon","coordinates":[[[-77.20136376799955,1.9541931301034179],[-77.20258791937349,1.9517141911654123],[-77.33234796500902,2.04963227921664],[-77.30908908890453,2.1252399168258167],[-77.30541663478277,2.145071428329863],[-77.21238113036483,2.1574661230198915],[-77.17810489189507,2.202087023903995],[-77.08751769022498,2.116563630542796],[-77.1193456259469,2.0298007677125938],[-77.16096677266019,2.027321828774588],[-77.20136376799955,1.9541931301034179]]]}},{"type":"Feature","properties":{"dep":"19","muni":"100","name":"BOLÍVAR","dep_name":"CAUCA"},"geometry":{"type":"Polygon","coordinates":[[[-76.86594629154543,1.9827009278904848],[-76.93572291985888,1.921966923909343],[-76.86839459429326,1.8463592863001672],[-76.80841117697118,1.702580827895832],[-76.8524806264323,1.635649476569677],[-76.90022253001518,1.6616783354187374],[-76.93572291985888,1.7286096867448935],[-77.02631012152897,1.7137360531168584],[-77.0520173003813,1.7397649119659189],[-77.01896521328544,1.816612019044098],[-77.07894863060754,1.8240488358581155],[-77.0887418415989,1.9033748818743002],[-77.13036298831219,1.9380800270063805],[-77.03487918114641,2.002532439394531],[-76.95163688771984,2.09673211903875],[-76.98346482344176,2.0434349318716256],[-76.86594629154543,1.9827009278904848]]]}},{"type":"Feature","properties":{"dep":"19","muni":"110","name":"BUENOS AIRES","dep_name":"CAUCA"},"geometry":{"type":"Polygon","coordinates":[[[-76.55746014531753,3.1019418584000897],[-76.61132280577002,2.875118945572562],[-76.63090922775274,2.8726400066345565],[-76.64437489286587,2.888753109731594],[-76.68722019095307,2.9817133199068104],[-76.80473872284941,3.051123610170972],[-76.81208363109293,3.1254917783111447],[-76.78882475498845,3.218451988486361],[-76.78270399811885,3.23084668317639],[-76.74965191102301,3.146562759284194],[-76.67742697996171,3.099462919462084],[-76.55746014531753,3.1019418584000897]]]}},{"type":"Feature","properties":{"dep":"19","muni":"130","name":"CAJIBÍO","dep_name":"CAUCA"},"geometry":{"type":"Polygon","coordinates":[[[-76.66885792034427,2.7189457924781983],[-76.6162194112657,2.6631696663730686],[-76.5011491821172,2.6148303570819564],[-76.49747672799545,2.6061540707989357],[-76.58806392966554,2.5528568836318115],[-76.76801418163181,2.5677305172598466],[-76.87329119978894,2.678043300001103],[-76.85125647505838,2.761087754424296],[-76.66885792034427,2.7189457924781983]]]}},{"type":"Feature","properties":{"dep":"19","muni":"137","name":"CALDONO","dep_name":"CAUCA"},"geometry":{"type":"Polygon","coordinates":[[[-76.36526837961206,2.7672851017693114],[-76.41301028319495,2.721424731416204],[-76.50482163623896,2.7065510977881697],[-76.57214996180457,2.82677963628145],[-76.61132280577002,2.855287434068516],[-76.63090922775274,2.8726400066345565],[-76.61132280577002,2.875118945572562],[-76.55256353982185,2.8862741707935884],[-76.47789030601272,2.8441322088474896],[-76.36282007686422,2.918500376987663],[-76.36526837961206,2.7672851017693114]]]}},{"type":"Feature","properties":{"dep":"19","muni":"142","name":"CALOTO","dep_name":"CAUCA"},"geometry":{"type":"Polygon","coordinates":[[[-76.43014840242984,3.21349411061035],[-76.42035519143847,3.207296763265335],[-76.43504500792551,3.1626758623812314],[-76.4044412235775,3.0759129995510293],[-76.35669931999462,3.070955121675018],[-76.3554751686207,3.1725916181332545],[-76.33221629251622,3.131689125656159],[-76.27590532931589,3.069715652206015],[-76.31385402190742,2.9916290756588335],[-76.36649253098598,2.9197398464566655],[-76.43749331067335,3.0188974039768963],[-76.43137255380375,3.104420797338096],[-76.45707973265607,3.1539995760982116],[-76.43014840242984,3.21349411061035]]]}},{"type":"Feature","properties":{"dep":"19","muni":"212","name":"CORINTO","dep_name":"CAUCA"},"geometry":{"type":"Polygon","coordinates":[[[-76.08371356361042,3.1577179845052195],[-76.10329998559314,3.0957445110550754],[-76.21469776061987,3.059799896453992],[-76.27590532931589,3.069715652206015],[-76.33221629251622,3.131689125656159],[-76.28692269168117,3.2283677442383842],[-76.1253347103237,3.156478515036217],[-76.08371356361042,3.1577179845052195]]]}},{"type":"Feature","properties":{"dep":"19","muni":"290","name":"FLORENCIA","dep_name":"CAUCA"},"geometry":{"type":"Polygon","coordinates":[[[-77.0520173003813,1.7397649119659189],[-77.02631012152897,1.7137360531168584],[-77.0703795709901,1.674073030108766],[-77.1438286534253,1.6777914385157748],[-77.0520173003813,1.7397649119659189]]]}},{"type":"Feature","properties":{"dep":"19","muni":"300","name":"GUACHENÉ","dep_name":"CAUCA"},"geometry":{"type":"Polygon","coordinates":[[[-76.37750989335126,3.2048178243273293],[-76.3554751686207,3.1725916181332545],[-76.35669931999462,3.070955121675018],[-76.4044412235775,3.0759129995510293],[-76.43504500792551,3.1626758623812314],[-76.42035519143847,3.207296763265335],[-76.37750989335126,3.2048178243273293]]]}},{"type":"Feature","properties":{"dep":"19","muni":"355","name":"INZÁ","dep_name":"CAUCA"},"geometry":{"type":"Polygon","coordinates":[[[-75.96252257759231,2.498320226995685],[-76.12655886169762,2.3805706274404104],[-76.21959436611556,2.3185971539902663],[-76.32364723289878,2.39296532213044],[-76.28814684305509,2.464854551332607],[-76.22693927435908,2.4809676544296444],[-76.22571512298515,2.5478990057558004],[-76.21102530649812,2.632182929647996],[-76.03841996277536,2.669367013718083],[-76.02495429766225,2.5875620287638927],[-75.95762597209664,2.540462188941783],[-75.96252257759231,2.498320226995685]]]}},{"type":"Feature","properties":{"dep":"19","muni":"364","name":"JAMBALÓ","dep_name":"CAUCA"},"geometry":{"type":"Polygon","coordinates":[[[-76.31385402190742,2.9916290756588335],[-76.30528496228997,2.873879476103559],[-76.22449097161123,2.8540479645995127],[-76.24407739359395,2.7821587353973456],[-76.36526837961206,2.7672851017693114],[-76.36282007686422,2.918500376987663],[-76.36649253098598,2.9197398464566655],[-76.31385402190742,2.9916290756588335]]]}},{"type":"Feature","properties":{"dep":"19","muni":"392","name":"LA SIERRA","dep_name":"CAUCA"},"geometry":{"type":"Polygon","coordinates":[[[-76.8402391126931,2.226876413284053],[-76.72761718629243,2.2293553522220586],[-76.64927149836154,2.188452859744964],[-76.70925491568363,2.1425924893918564],[-76.88798101627599,2.1624240008959026],[-76.89287762177166,2.1661424093029114],[-76.93205046573712,2.2578631500091255],[-76.8402391126931,2.226876413284053]]]}},{"type":"Feature","properties":{"dep":"19","muni":"397","name":"LA VEGA","dep_name":"CAUCA"},"geometry":{"type":"Polygon","coordinates":[[[-76.70925491568363,2.1425924893918564],[-76.66518546622251,2.044674401340629],[-76.58071902142201,2.0285612982435914],[-76.62356431950923,1.9752641110764673],[-76.72394473217068,1.9802219889524784],[-76.79127305773629,1.9504747216964091],[-76.83656665857134,1.9851798668284903],[-76.87818780528463,2.0434349318716256],[-76.88798101627599,2.1624240008959026],[-76.70925491568363,2.1425924893918564]]]}},{"type":"Feature","properties":{"dep":"19","muni":"450","name":"MERCADERES","dep_name":"CAUCA"},"geometry":{"type":"Polygon","coordinates":[[[-77.13036298831219,1.9380800270063805],[-77.0887418415989,1.9033748818743002],[-77.07894863060754,1.8240488358581155],[-77.01896521328544,1.816612019044098],[-77.0520173003813,1.7397649119659189],[-77.1438286534253,1.6777914385157748],[-77.23808830921716,1.6579599270117287],[-77.26991624493908,1.6629178048877398],[-77.32989966226118,1.6815098469227836],[-77.2943992724175,1.7657937708149793],[-77.2943992724175,1.8314856526721321],[-77.20258791937349,1.9517141911654123],[-77.20136376799955,1.9541931301034179],[-77.13036298831219,1.9380800270063805]]]}},{"type":"Feature","properties":{"dep":"19","muni":"455","name":"MIRANDA","dep_name":"CAUCA"},"geometry":{"type":"Polygon","coordinates":[[[-76.05555808201025,3.223409866362373],[-76.09105847185394,3.198620476982315],[-76.08371356361042,3.1577179845052195],[-76.1253347103237,3.156478515036217],[-76.28692269168117,3.2283677442383842],[-76.36894083373382,3.2395229694594105],[-76.35180271449894,3.2866228092815195],[-76.3432336548815,3.2816649314055084],[-76.22938757710692,3.2767070535294964],[-76.19143888451539,3.227128274769381],[-76.05555808201025,3.223409866362373]]]}},{"type":"Feature","properties":{"dep":"19","muni":"473","name":"MORALES","dep_name":"CAUCA"},"geometry":{"type":"Polygon","coordinates":[[[-76.64437489286587,2.888753109731594],[-76.63090922775274,2.8726400066345565],[-76.61132280577002,2.855287434068516],[-76.57582241592634,2.73257995663723],[-76.66885792034427,2.7189457924781983],[-76.85125647505838,2.761087754424296],[-76.91613649787615,2.8156244110604236],[-76.8586013833019,2.9767554420307984],[-76.79984211735373,2.9544449915887467],[-76.8279975989539,2.8528084951305104],[-76.719048126675,2.8057086553084005],[-76.64437489286587,2.888753109731594]]]}},{"type":"Feature","properties":{"dep":"19","muni":"513","name":"PADILLA","dep_name":"CAUCA"},"geometry":{"type":"Polygon","coordinates":[[[-76.28692269168117,3.2283677442383842],[-76.33221629251622,3.131689125656159],[-76.3554751686207,3.1725916181332545],[-76.37750989335126,3.2048178243273293],[-76.36894083373382,3.2395229694594105],[-76.28692269168117,3.2283677442383842]]]}},{"type":"Feature","properties":{"dep":"19","muni":"517","name":"PÁEZ","dep_name":"CAUCA"},"geometry":{"type":"Polygon","coordinates":[[[-76.028626751784,2.940810827429715],[-75.89641840340062,2.855287434068516],[-75.82296932096541,2.8354559225644698],[-75.81072780722621,2.7871166132733576],[-75.74829608715628,2.7189457924781983],[-75.76053760089547,2.6805222389391092],[-75.8401074402003,2.5578147615078235],[-75.81440026134797,2.48344659336765],[-75.84133159157422,2.4586572039875927],[-75.90988406851375,2.446262509297564],[-75.96252257759231,2.498320226995685],[-75.95762597209664,2.540462188941783],[-76.02495429766225,2.5875620287638927],[-76.03841996277536,2.669367013718083],[-76.21102530649812,2.632182929647996],[-76.25019815046356,2.6520144411520423],[-76.2159219119938,2.774721918583328],[-76.24407739359395,2.7821587353973456],[-76.22449097161123,2.8540479645995127],[-76.11676565070626,2.9246977243326775],[-76.06779959574945,3.04616573229496],[-76.02128184354048,3.0052632398178654],[-76.028626751784,2.940810827429715]]]}},{"type":"Feature","properties":{"dep":"19","muni":"532","name":"PATÍA","dep_name":"CAUCA"},"geometry":{"type":"Polygon","coordinates":[[[-76.93205046573712,2.2578631500091255],[-76.89287762177166,2.1661424093029114],[-76.95163688771984,2.09673211903875],[-77.03487918114641,2.002532439394531],[-77.13036298831219,1.9380800270063805],[-77.20136376799955,1.9541931301034179],[-77.16096677266019,2.027321828774588],[-77.1193456259469,2.0298007677125938],[-77.08751769022498,2.116563630542796],[-77.17810489189507,2.202087023903995],[-77.16586337815588,2.2962867035482146],[-77.13403544243394,2.316118215052261],[-77.02875842427682,2.316118215052261],[-76.99325803443313,2.2058054323110037],[-76.93205046573712,2.2578631500091255]]]}},{"type":"Feature","properties":{"dep":"19","muni":"533","name":"PIAMONTE","dep_name":"CAUCA"},"geometry":{"type":"Polygon","coordinates":[[[-76.13267961856722,1.101438135429433],[-76.08493771498433,1.0580567040143318],[-76.16573170566306,1.0295489062272658],[-76.21347360924595,0.9787306579981472],[-76.40076876945575,0.9799701274671504],[-76.48523521425624,1.0084779252542164],[-76.5672533563089,1.0816066239253868],[-76.46932124639528,1.0964802575534218],[-76.42402764556023,1.1844825898526263],[-76.24774984771572,1.3852766438310935],[-76.258767210081,1.4410527699362232],[-76.2159219119938,1.4955894265723506],[-76.19878379275892,1.5749154725885353],[-76.16940415978483,1.588549636747567],[-76.14981773780211,1.5364919190494462],[-76.18409397627187,1.488152609758333],[-76.20368039825459,1.3530504376370187],[-76.30283665954212,1.2365403075507473],[-76.28080193481156,1.1373827500305165],[-76.13267961856722,1.101438135429433]]]}},{"type":"Feature","properties":{"dep":"19","muni":"548","name":"PIENDAMÓ - TUNÍA","dep_name":"CAUCA"},"geometry":{"type":"Polygon","coordinates":[[[-76.50482163623896,2.7065510977881697],[-76.5011491821172,2.6148303570819564],[-76.6162194112657,2.6631696663730686],[-76.66885792034427,2.7189457924781983],[-76.57582241592634,2.73257995663723],[-76.61132280577002,2.855287434068516],[-76.57214996180457,2.82677963628145],[-76.50482163623896,2.7065510977881697]]]}},{"type":"Feature","properties":{"dep":"19","muni":"573","name":"PUERTO TEJADA","dep_name":"CAUCA"},"geometry":{"type":"Polygon","coordinates":[[[-76.46075218677784,3.2593544809634567],[-76.49258012249976,3.289101748219526],[-76.46075218677784,3.3287647712276183],[-76.35180271449894,3.2866228092815195],[-76.36894083373382,3.2395229694594105],[-76.37750989335126,3.2048178243273293],[-76.42035519143847,3.207296763265335],[-76.43014840242984,3.21349411061035],[-76.46075218677784,3.2593544809634567]]]}},{"type":"Feature","properties":{"dep":"19","muni":"585","name":"PURACÉ","dep_name":"CAUCA"},"geometry":{"type":"Polygon","coordinates":[[[-76.32364723289878,2.39296532213044],[-76.21959436611556,2.3185971539902663],[-76.12655886169762,2.3805706274404104],[-76.14614528368034,2.293807764610209],[-76.12166225620194,2.2243974743460475],[-76.20857700375028,2.198368615496987],[-76.27468117794197,2.270257844699154],[-76.36037177411637,2.270257844699154],[-76.41913104006454,2.192171268151972],[-76.42525179693415,2.1289583252328255],[-76.55378769119577,2.1388740809848485],[-76.5317529664652,2.312399806645252],[-76.50726993898681,2.4152757725724916],[-76.38485480159478,2.4239520588555115],[-76.32364723289878,2.39296532213044]]]}},{"type":"Feature","properties":{"dep":"19","muni":"622","name":"ROSAS","dep_name":"CAUCA"},"geometry":{"type":"Polygon","coordinates":[[[-76.75944512201437,2.3062024593002377],[-76.71537567255324,2.2863709477961915],[-76.65416810385723,2.2343132300980706],[-76.64927149836154,2.188452859744964],[-76.72761718629243,2.2293553522220586],[-76.8402391126931,2.226876413284053],[-76.82554929620605,2.297526173017218],[-76.75944512201437,2.3062024593002377]]]}},{"type":"Feature","properties":{"dep":"19","muni":"693","name":"SAN SEBASTIÁN","dep_name":"CAUCA"},"geometry":{"type":"Polygon","coordinates":[[[-76.62356431950923,1.9752641110764673],[-76.59051223241337,1.868669736742219],[-76.65294395248331,1.7992594464780574],[-76.719048126675,1.8054567938230717],[-76.80841117697118,1.702580827895832],[-76.86839459429326,1.8463592863001672],[-76.79372136048413,1.8438803473621617],[-76.74842775964909,1.8946985955912794],[-76.72394473217068,1.9802219889524784],[-76.62356431950923,1.9752641110764673]]]}},{"type":"Feature","properties":{"dep":"19","muni":"698","name":"SANTANDER DE QUILICHAO","dep_name":"CAUCA"},"geometry":{"type":"Polygon","coordinates":[[[-76.50359748486504,3.1440838203461885],[-76.43137255380375,3.104420797338096],[-76.43749331067335,3.0188974039768963],[-76.36649253098598,2.9197398464566655],[-76.36282007686422,2.918500376987663],[-76.47789030601272,2.8441322088474896],[-76.55256353982185,2.8862741707935884],[-76.61132280577002,2.875118945572562],[-76.55746014531753,3.1019418584000897],[-76.50359748486504,3.1440838203461885]]]}},{"type":"Feature","properties":{"dep":"19","muni":"701","name":"SANTA ROSA","dep_name":"CAUCA"},"geometry":{"type":"Polygon","coordinates":[[[-76.31630232465525,1.6839887858607892],[-76.22693927435908,1.664157274356743],[-76.19878379275892,1.5749154725885353],[-76.2159219119938,1.4955894265723506],[-76.258767210081,1.4410527699362232],[-76.24774984771572,1.3852766438310935],[-76.42402764556023,1.1844825898526263],[-76.46932124639528,1.0964802575534218],[-76.5672533563089,1.0816066239253868],[-76.54032202608265,1.2043141013566725],[-76.5856156269177,1.3047111283459065],[-76.60152959477865,1.4137844416181604],[-76.69701340194443,1.4435317088742297],[-76.88553271352815,1.3728819491410649],[-76.92103310337183,1.3456136208230012],[-76.92837801161535,1.5005473044483626],[-76.8586013833019,1.5228577548904143],[-76.8524806264323,1.635649476569677],[-76.80841117697118,1.702580827895832],[-76.719048126675,1.8054567938230717],[-76.65294395248331,1.7992594464780574],[-76.59051223241337,1.868669736742219],[-76.43382085655159,1.7905831601950375],[-76.31630232465525,1.6839887858607892]]]}},{"type":"Feature","properties":{"dep":"19","muni":"743","name":"SILVIA","dep_name":"CAUCA"},"geometry":{"type":"Polygon","coordinates":[[[-76.21102530649812,2.632182929647996],[-76.22571512298515,2.5478990057558004],[-76.34445780625542,2.516912269030728],[-76.43259670517767,2.5478990057558004],[-76.49747672799545,2.6061540707989357],[-76.5011491821172,2.6148303570819564],[-76.50482163623896,2.7065510977881697],[-76.41301028319495,2.721424731416204],[-76.36526837961206,2.7672851017693114],[-76.24407739359395,2.7821587353973456],[-76.2159219119938,2.774721918583328],[-76.25019815046356,2.6520144411520423],[-76.21102530649812,2.632182929647996]]]}},{"type":"Feature","properties":{"dep":"19","muni":"760","name":"SOTARÁ - PAISPAMBA","dep_name":"CAUCA"},"geometry":{"type":"Polygon","coordinates":[[[-76.61866771401354,2.4152757725724916],[-76.55746014531753,2.397923200006451],[-76.5317529664652,2.312399806645252],[-76.55378769119577,2.1388740809848485],[-76.58928808103946,2.107887344259776],[-76.58071902142201,2.0285612982435914],[-76.66518546622251,2.044674401340629],[-76.70925491568363,2.1425924893918564],[-76.64927149836154,2.188452859744964],[-76.65416810385723,2.2343132300980706],[-76.71537567255324,2.2863709477961915],[-76.64927149836154,2.3099208677072465],[-76.66028886072682,2.364457524343373],[-76.61866771401354,2.4152757725724916]]]}},{"type":"Feature","properties":{"dep":"19","muni":"780","name":"SUÁREZ","dep_name":"CAUCA"},"geometry":{"type":"Polygon","coordinates":[[[-76.64437489286587,2.888753109731594],[-76.719048126675,2.8057086553084005],[-76.8279975989539,2.8528084951305104],[-76.79984211735373,2.9544449915887467],[-76.8586013833019,2.9767554420307984],[-76.80473872284941,3.051123610170972],[-76.68722019095307,2.9817133199068104],[-76.64437489286587,2.888753109731594]]]}},{"type":"Feature","properties":{"dep":"19","muni":"785","name":"SUCRE","dep_name":"CAUCA"},"geometry":{"type":"Polygon","coordinates":[[[-76.88798101627599,2.1624240008959026],[-76.87818780528463,2.0434349318716256],[-76.83656665857134,1.9851798668284903],[-76.86594629154543,1.9827009278904848],[-76.98346482344176,2.0434349318716256],[-76.95163688771984,2.09673211903875],[-76.89287762177166,2.1661424093029114],[-76.88798101627599,2.1624240008959026]]]}},{"type":"Feature","properties":{"dep":"19","muni":"807","name":"TIMBÍO","dep_name":"CAUCA"},"geometry":{"type":"Polygon","coordinates":[[[-76.61866771401354,2.4152757725724916],[-76.66028886072682,2.364457524343373],[-76.64927149836154,2.3099208677072465],[-76.71537567255324,2.2863709477961915],[-76.75944512201437,2.3062024593002377],[-76.72394473217068,2.4772492460226356],[-76.61866771401354,2.4152757725724916]]]}},{"type":"Feature","properties":{"dep":"19","muni":"821","name":"TORIBÍO","dep_name":"CAUCA"},"geometry":{"type":"Polygon","coordinates":[[[-76.06779959574945,3.04616573229496],[-76.11676565070626,2.9246977243326775],[-76.22449097161123,2.8540479645995127],[-76.30528496228997,2.873879476103559],[-76.31385402190742,2.9916290756588335],[-76.27590532931589,3.069715652206015],[-76.21469776061987,3.059799896453992],[-76.10329998559314,3.0957445110550754],[-76.06779959574945,3.04616573229496]]]}},{"type":"Feature","properties":{"dep":"19","muni":"824","name":"TOTORÓ","dep_name":"CAUCA"},"geometry":{"type":"Polygon","coordinates":[[[-76.49747672799545,2.6061540707989357],[-76.43259670517767,2.5478990057558004],[-76.34445780625542,2.516912269030728],[-76.22571512298515,2.5478990057558004],[-76.22693927435908,2.4809676544296444],[-76.28814684305509,2.464854551332607],[-76.32364723289878,2.39296532213044],[-76.38485480159478,2.4239520588555115],[-76.58806392966554,2.5528568836318115],[-76.49747672799545,2.6061540707989357]]]}},{"type":"Feature","properties":{"dep":"19","muni":"256","name":"EL TAMBO","dep_name":"CAUCA"},"geometry":{"type":"Polygon","coordinates":[[[-76.91613649787615,2.8156244110604236],[-76.85125647505838,2.761087754424296],[-76.87329119978894,2.678043300001103],[-76.76801418163181,2.5677305172598466],[-76.72394473217068,2.4772492460226356],[-76.75944512201437,2.3062024593002377],[-76.82554929620605,2.297526173017218],[-76.8402391126931,2.226876413284053],[-76.93205046573712,2.2578631500091255],[-76.99325803443313,2.2058054323110037],[-77.02875842427682,2.316118215052261],[-77.13403544243394,2.316118215052261],[-77.13648374518179,2.4351072840765378],[-77.30908908890453,2.508235982747708],[-77.31031324027846,2.5578147615078235],[-77.20626037349524,2.645817093807028],[-77.25155397433029,2.702832689381161],[-77.21850188723444,2.769764040707317],[-77.00794785092016,2.8193428194674324],[-76.96020594733727,2.7734824491143257],[-76.91613649787615,2.8156244110604236]]]}},{"type":"Feature","properties":{"dep":"19","muni":"318","name":"GUAPI","dep_name":"CAUCA"},"geometry":{"type":"Polygon","coordinates":[[[-77.40334874469639,2.383049566378417],[-77.37519326309622,2.26406049735414],[-77.45965970789672,2.2863709477961915],[-77.48781518949689,2.1946502070899783],[-77.55391936368858,2.202087023903995],[-77.59921296452362,2.1673818787719146],[-77.73386961565484,2.1339162031088366],[-77.83547417969022,2.1760581650549344],[-77.84771569342942,2.260342088947131],[-77.91749232174287,2.411557364165483],[-77.92850968410815,2.640859215931017],[-77.90769911075151,2.6805222389391092],[-77.78773227610733,2.6904379946911323],[-77.72285225328956,2.687959055753126],[-77.59064390490619,2.6098724792059445],[-77.57840239116697,2.5528568836318115],[-77.44741819415752,2.4623756123946015],[-77.40334874469639,2.383049566378417]]]}},{"type":"Feature","properties":{"dep":"19","muni":"418","name":"LÓPEZ DE MICAY","dep_name":"CAUCA"},"geometry":{"type":"Polygon","coordinates":[[[-76.78882475498845,3.218451988486361],[-76.81208363109293,3.1254917783111447],[-76.80473872284941,3.051123610170972],[-76.8586013833019,2.9767554420307984],[-76.91613649787615,2.8156244110604236],[-76.96020594733727,2.7734824491143257],[-77.00794785092016,2.8193428194674324],[-77.21850188723444,2.769764040707317],[-77.25155397433029,2.702832689381161],[-77.3127615430263,2.716466853540193],[-77.31031324027846,2.82677963628145],[-77.40334874469639,2.888753109731594],[-77.57228163429738,2.9246977243326775],[-77.63348920299339,2.9061056822976346],[-77.670213744211,2.9482476442437324],[-77.69102431756764,3.0003053619418534],[-77.56248842330602,3.1626758623812314],[-77.49760840048825,3.2159730495483556],[-77.43028007492263,3.2543966030874447],[-77.34703778149606,3.1403654119391797],[-77.31643399714805,3.1738310876022577],[-77.2344158550954,3.108139205745104],[-77.17810489189507,3.156478515036217],[-77.1009833553381,3.184986312823283],[-76.9981546399288,3.155239045567214],[-76.93817122260671,3.1143365530901193],[-76.90879158963263,3.2010994159203205],[-76.78882475498845,3.218451988486361]]]}},{"type":"Feature","properties":{"dep":"19","muni":"809","name":"TIMBIQUÍ","dep_name":"CAUCA"},"geometry":{"type":"Polygon","coordinates":[[[-77.25155397433029,2.702832689381161],[-77.20626037349524,2.645817093807028],[-77.31031324027846,2.5578147615078235],[-77.30908908890453,2.508235982747708],[-77.32133060264374,2.4487414482355696],[-77.40334874469639,2.383049566378417],[-77.44741819415752,2.4623756123946015],[-77.57840239116697,2.5528568836318115],[-77.59064390490619,2.6098724792059445],[-77.72285225328956,2.687959055753126],[-77.78773227610733,2.6904379946911323],[-77.7975254870987,2.7474535902652644],[-77.73631791840269,2.7871166132733576],[-77.670213744211,2.9482476442437324],[-77.63348920299339,2.9061056822976346],[-77.57228163429738,2.9246977243326775],[-77.40334874469639,2.888753109731594],[-77.31031324027846,2.82677963628145],[-77.3127615430263,2.716466853540193],[-77.25155397433029,2.702832689381161]]]}},{"type":"Feature","properties":{"dep":"19","muni":"845","name":"VILLA RICA","dep_name":"CAUCA"},"geometry":{"type":"Polygon","coordinates":[[[-76.43014840242984,3.21349411061035],[-76.45707973265607,3.1539995760982116],[-76.43137255380375,3.104420797338096],[-76.50359748486504,3.1440838203461885],[-76.46075218677784,3.2593544809634567],[-76.43014840242984,3.21349411061035]]]}},{"type":"Feature","properties":{"dep":"76","muni":"001","name":"CALI","dep_name":"VALLE DEL CAUCA"},"geometry":{"type":"Polygon","coordinates":[[[-76.49135597112584,3.5060089052950305],[-76.47544200326487,3.451472248658904],[-76.46075218677784,3.3287647712276183],[-76.49258012249976,3.289101748219526],[-76.55868429669145,3.2829044008745116],[-76.60765035164826,3.313891137599583],[-76.69578925057051,3.3114121986615777],[-76.70191000744012,3.356033099545681],[-76.7068066129358,3.427922328747849],[-76.65049564973546,3.466345882286938],[-76.59540883790906,3.5481508672411284],[-76.59173638378729,3.546911397772126],[-76.54766693432617,3.499811557950016],[-76.49135597112584,3.5060089052950305]]]}},{"type":"Feature","properties":{"dep":"76","muni":"036","name":"ANDALUCÍA","dep_name":"VALLE DEL CAUCA"},"geometry":{"type":"Polygon","coordinates":[[[-76.07147204987122,4.088559555726388],[-76.17185246253267,4.119546292451458],[-76.24530154496789,4.167885601742572],[-76.24897399908964,4.18399870483961],[-76.23550833397653,4.213745972095678],[-76.15104188917603,4.182759235370606],[-76.07147204987122,4.088559555726388]]]}},{"type":"Feature","properties":{"dep":"76","muni":"041","name":"ANSERMANUEVO","dep_name":"VALLE DEL CAUCA"},"geometry":{"type":"Polygon","coordinates":[[[-75.98945390781856,4.88058054641923],[-75.91478067400942,4.8731437296052125],[-75.93559124736606,4.807451847748061],[-75.96374672896623,4.801254500403045],[-76.0163852380448,4.692181187130792],[-76.08861016910609,4.735562618545893],[-76.14736943505426,4.785141397306008],[-76.13880037543683,4.840917523411138],[-76.1375762240629,4.843396462349144],[-76.07147204987122,4.837199115004129],[-75.98945390781856,4.88058054641923]]]}},{"type":"Feature","properties":{"dep":"76","muni":"054","name":"ARGELIA","dep_name":"VALLE DEL CAUCA"},"geometry":{"type":"Polygon","coordinates":[[[-76.08861016910609,4.735562618545893],[-76.12288640757586,4.651278694653696],[-76.19388718726323,4.682265431378768],[-76.14736943505426,4.785141397306008],[-76.08861016910609,4.735562618545893]]]}},{"type":"Feature","properties":{"dep":"76","muni":"111","name":"GUADALAJARA DE BUGA","dep_name":"VALLE DEL CAUCA"},"geometry":{"type":"Polygon","coordinates":[[[-76.3126298705335,3.993120406613164],[-76.22693927435908,3.932386402632023],[-76.14124867818467,3.903878604844957],[-76.1008516828453,3.9571757920120803],[-76.08371356361042,3.9063575437829634],[-75.998022967436,3.893962849092933],[-75.87315952729614,3.9261890552870096],[-75.84990065119166,3.889004971216922],[-75.91722897675727,3.7489449212195964],[-75.9551776693488,3.714239776087515],[-75.99924711880992,3.756381738033613],[-76.0824894122365,3.770015902192645],[-76.10452413696706,3.8195946809527612],[-76.17797321940228,3.804721047324726],[-76.27712948068981,3.8381867229878033],[-76.37261328785559,3.8121578641387437],[-76.3126298705335,3.993120406613164]]]}},{"type":"Feature","properties":{"dep":"76","muni":"113","name":"BUGALAGRANDE","dep_name":"VALLE DEL CAUCA"},"geometry":{"type":"Polygon","coordinates":[[[-76.03719581140145,4.255887934041777],[-75.95395351797487,4.176561888025592],[-76.00169542155776,4.102193719885419],[-76.07147204987122,4.088559555726388],[-76.15104188917603,4.182759235370606],[-76.23550833397653,4.213745972095678],[-76.21224945787203,4.2596063424487856],[-76.17185246253267,4.31786140749192],[-76.08371356361042,4.243493239351748],[-76.03719581140145,4.255887934041777]]]}},{"type":"Feature","properties":{"dep":"76","muni":"122","name":"CAICEDONIA","dep_name":"VALLE DEL CAUCA"},"geometry":{"type":"Polygon","coordinates":[[[-75.80338289898269,4.395947984039102],[-75.79236553661741,4.337692918995966],[-75.79481383936525,4.310424590677902],[-75.82541762371325,4.21498544156468],[-75.89274594927886,4.299269365456878],[-75.85479725668733,4.3637217778450275],[-75.86703877042653,4.410821617667137],[-75.80338289898269,4.395947984039102]]]}},{"type":"Feature","properties":{"dep":"76","muni":"126","name":"CALIMA","dep_name":"VALLE DEL CAUCA"},"geometry":{"type":"Polygon","coordinates":[[[-76.49870087936937,4.063770166346329],[-76.41545858594279,4.009233509710201],[-76.42402764556023,3.942302158384047],[-76.47789030601272,3.865455051305867],[-76.56113259943929,3.8481024787398272],[-76.59296053516121,3.8629761123678623],[-76.71415152117932,3.841905131394812],[-76.81453193384077,3.875370807057891],[-76.88798101627599,3.993120406613164],[-76.85982553467582,4.0303044906832515],[-76.68109943408348,3.964612608826098],[-76.62478847088315,4.015430857055216],[-76.58928808103946,3.993120406613164],[-76.49870087936937,4.063770166346329]]]}},{"type":"Feature","properties":{"dep":"76","muni":"130","name":"CANDELARIA","dep_name":"VALLE DEL CAUCA"},"geometry":{"type":"Polygon","coordinates":[[[-76.29059514580293,3.47130376016295],[-76.32976798976837,3.3833014278637448],[-76.30038835679429,3.365948855297704],[-76.3432336548815,3.2816649314055084],[-76.35180271449894,3.2866228092815195],[-76.46075218677784,3.3287647712276183],[-76.47544200326487,3.451472248658904],[-76.37506159060342,3.450232779189901],[-76.29059514580293,3.47130376016295]]]}},{"type":"Feature","properties":{"dep":"76","muni":"147","name":"CARTAGO","dep_name":"VALLE DEL CAUCA"},"geometry":{"type":"Polygon","coordinates":[[[-75.93559124736606,4.807451847748061],[-75.85602140806125,4.728125801731876],[-75.85602140806125,4.713252168103841],[-75.82786592646109,4.659954980936718],[-75.86581461905261,4.612855141114608],[-75.97231578858367,4.667391797750735],[-76.0163852380448,4.666152328281731],[-76.0163852380448,4.692181187130792],[-75.96374672896623,4.801254500403045],[-75.93559124736606,4.807451847748061]]]}},{"type":"Feature","properties":{"dep":"76","muni":"243","name":"EL ÁGUILA","dep_name":"VALLE DEL CAUCA"},"geometry":{"type":"Polygon","coordinates":[[[-75.99067805919248,4.912806752613305],[-75.98945390781856,4.88058054641923],[-76.07147204987122,4.837199115004129],[-76.1375762240629,4.843396462349144],[-76.08861016910609,4.946272428276384],[-76.07759280674081,5.046669455265617],[-76.02740260041008,4.938835611462366],[-75.99067805919248,4.912806752613305]]]}},{"type":"Feature","properties":{"dep":"76","muni":"246","name":"EL CAIRO","dep_name":"VALLE DEL CAUCA"},"geometry":{"type":"Polygon","coordinates":[[[-76.14736943505426,4.785141397306008],[-76.19388718726323,4.682265431378768],[-76.29794005404645,4.698378534475806],[-76.3126298705335,4.750436252173927],[-76.21102530649812,4.829762298190111],[-76.13880037543683,4.840917523411138],[-76.14736943505426,4.785141397306008]]]}},{"type":"Feature","properties":{"dep":"76","muni":"248","name":"EL CERRITO","dep_name":"VALLE DEL CAUCA"},"geometry":{"type":"Polygon","coordinates":[[[-75.9551776693488,3.714239776087515],[-75.96007427484447,3.704324020335492],[-76.00659202705344,3.7167187150255208],[-76.08983432048001,3.6212795659122987],[-76.24162909084612,3.6212795659122987],[-76.29304344855076,3.6026875238772558],[-76.3677166823599,3.627476913257313],[-76.42647594830807,3.694408264583469],[-76.40076876945575,3.7402686349365757],[-76.39709631533398,3.7625790853786283],[-76.32119893015093,3.7068029592734977],[-76.20123209550675,3.6621820583893943],[-76.12411055894978,3.6882109172384547],[-76.0824894122365,3.770015902192645],[-75.99924711880992,3.756381738033613],[-75.9551776693488,3.714239776087515]]]}},{"type":"Feature","properties":{"dep":"76","muni":"250","name":"EL DOVIO","dep_name":"VALLE DEL CAUCA"},"geometry":{"type":"Polygon","coordinates":[[[-76.18531812764579,4.545923789788452],[-76.16573170566306,4.512458114125373],[-76.26856042107237,4.481471377400302],[-76.36526837961206,4.492626602621327],[-76.30038835679429,4.653757633591702],[-76.2832502375594,4.594263099079564],[-76.2220426688634,4.602939385362584],[-76.18531812764579,4.545923789788452]]]}},{"type":"Feature","properties":{"dep":"76","muni":"275","name":"FLORIDA","dep_name":"VALLE DEL CAUCA"},"geometry":{"type":"Polygon","coordinates":[[[-76.06167883887986,3.3547936300766787],[-76.03841996277536,3.3014964429095546],[-76.05555808201025,3.223409866362373],[-76.19143888451539,3.227128274769381],[-76.22938757710692,3.2767070535294964],[-76.3432336548815,3.2816649314055084],[-76.30038835679429,3.365948855297704],[-76.18164567352403,3.3572725690146843],[-76.08861016910609,3.3882593057397568],[-76.06167883887986,3.3547936300766787]]]}},{"type":"Feature","properties":{"dep":"76","muni":"306","name":"GINEBRA","dep_name":"VALLE DEL CAUCA"},"geometry":{"type":"Polygon","coordinates":[[[-76.0824894122365,3.770015902192645],[-76.12411055894978,3.6882109172384547],[-76.20123209550675,3.6621820583893943],[-76.32119893015093,3.7068029592734977],[-76.30283665954212,3.760100146440622],[-76.22081851748948,3.7687764327236426],[-76.17797321940228,3.804721047324726],[-76.10452413696706,3.8195946809527612],[-76.0824894122365,3.770015902192645]]]}},{"type":"Feature","properties":{"dep":"76","muni":"318","name":"GUACARÍ","dep_name":"VALLE DEL CAUCA"},"geometry":{"type":"Polygon","coordinates":[[[-76.17797321940228,3.804721047324726],[-76.22081851748948,3.7687764327236426],[-76.30283665954212,3.760100146440622],[-76.32119893015093,3.7068029592734977],[-76.39709631533398,3.7625790853786283],[-76.37261328785559,3.8121578641387437],[-76.27712948068981,3.8381867229878033],[-76.17797321940228,3.804721047324726]]]}},{"type":"Feature","properties":{"dep":"76","muni":"020","name":"ALCALÁ","dep_name":"VALLE DEL CAUCA"},"geometry":{"type":"Polygon","coordinates":[[[-75.70912324319083,4.679786492440764],[-75.74095117891275,4.654997103060705],[-75.82786592646109,4.659954980936718],[-75.85602140806125,4.713252168103841],[-75.70912324319083,4.679786492440764]]]}},{"type":"Feature","properties":{"dep":"76","muni":"497","name":"OBANDO","dep_name":"VALLE DEL CAUCA"},"geometry":{"type":"Polygon","coordinates":[[[-75.86581461905261,4.612855141114608],[-75.86703877042653,4.57567105704452],[-75.88050443553966,4.531050156160417],[-75.96374672896623,4.531050156160417],[-76.03107505453184,4.569473709699507],[-76.03841996277536,4.583107873858538],[-76.0163852380448,4.666152328281731],[-75.97231578858367,4.667391797750735],[-75.86581461905261,4.612855141114608]]]}},{"type":"Feature","properties":{"dep":"76","muni":"520","name":"PALMIRA","dep_name":"VALLE DEL CAUCA"},"geometry":{"type":"Polygon","coordinates":[[[-75.96007427484447,3.704324020335492],[-75.99312636194031,3.60888487122227],[-75.98455730232288,3.5593060924621547],[-76.03719581140145,3.4527117181279063],[-76.12166225620194,3.4762616380389613],[-76.29059514580293,3.47130376016295],[-76.37506159060342,3.450232779189901],[-76.47544200326487,3.451472248658904],[-76.49135597112584,3.5060089052950305],[-76.42647594830807,3.680774100424437],[-76.42647594830807,3.694408264583469],[-76.3677166823599,3.627476913257313],[-76.29304344855076,3.6026875238772558],[-76.24162909084612,3.6212795659122987],[-76.08983432048001,3.6212795659122987],[-76.00659202705344,3.7167187150255208],[-75.96007427484447,3.704324020335492]]]}},{"type":"Feature","properties":{"dep":"76","muni":"563","name":"PRADERA","dep_name":"VALLE DEL CAUCA"},"geometry":{"type":"Polygon","coordinates":[[[-76.03719581140145,3.4527117181279063],[-76.06167883887986,3.3547936300766787],[-76.08861016910609,3.3882593057397568],[-76.18164567352403,3.3572725690146843],[-76.30038835679429,3.365948855297704],[-76.32976798976837,3.3833014278637448],[-76.29059514580293,3.47130376016295],[-76.12166225620194,3.4762616380389613],[-76.03719581140145,3.4527117181279063]]]}},{"type":"Feature","properties":{"dep":"76","muni":"606","name":"RESTREPO","dep_name":"VALLE DEL CAUCA"},"geometry":{"type":"Polygon","coordinates":[[[-76.47789030601272,3.865455051305867],[-76.46809709502136,3.8307499061737857],[-76.5366495719609,3.7489449212195964],[-76.60275374615259,3.751423860157602],[-76.56113259943929,3.8481024787398272],[-76.47789030601272,3.865455051305867]]]}},{"type":"Feature","properties":{"dep":"76","muni":"616","name":"RIOFRÍO","dep_name":"VALLE DEL CAUCA"},"geometry":{"type":"Polygon","coordinates":[[[-76.24897399908964,4.18399870483961],[-76.24530154496789,4.167885601742572],[-76.30283665954212,4.067488574753337],[-76.41545858594279,4.009233509710201],[-76.49870087936937,4.063770166346329],[-76.44851067303864,4.161688254397557],[-76.34813026037718,4.159209315459551],[-76.32609553564662,4.195153930060634],[-76.24897399908964,4.18399870483961]]]}},{"type":"Feature","properties":{"dep":"76","muni":"622","name":"ROLDANILLO","dep_name":"VALLE DEL CAUCA"},"geometry":{"type":"Polygon","coordinates":[[[-76.16573170566306,4.512458114125373],[-76.06535129300161,4.492626602621327],[-76.06902374712337,4.455442518551241],[-76.14859358642819,4.372398064128047],[-76.25631890733317,4.4021453313841175],[-76.26856042107237,4.481471377400302],[-76.16573170566306,4.512458114125373]]]}},{"type":"Feature","properties":{"dep":"76","muni":"670","name":"SAN PEDRO","dep_name":"VALLE DEL CAUCA"},"geometry":{"type":"Polygon","coordinates":[[[-76.1008516828453,3.9571757920120803],[-76.14124867818467,3.903878604844957],[-76.22693927435908,3.932386402632023],[-76.3126298705335,3.993120406613164],[-76.30038835679429,4.048896532718295],[-76.16205925154131,4.022867673869234],[-76.1008516828453,3.9571757920120803]]]}},{"type":"Feature","properties":{"dep":"76","muni":"736","name":"SEVILLA","dep_name":"VALLE DEL CAUCA"},"geometry":{"type":"Polygon","coordinates":[[[-75.86703877042653,4.410821617667137],[-75.85479725668733,4.3637217778450275],[-75.89274594927886,4.299269365456878],[-75.82541762371325,4.21498544156468],[-75.8401074402003,4.100954250416416],[-75.75196854127805,4.077404330505361],[-75.74584778440844,4.04269918537328],[-75.82296932096541,3.9051180743139593],[-75.85479725668733,4.050136002187298],[-75.9013150088963,4.084841147319379],[-75.9135565226355,4.175322418556588],[-75.95395351797487,4.176561888025592],[-76.03719581140145,4.255887934041777],[-76.02128184354048,4.3017483043948825],[-75.95395351797487,4.3252982243059375],[-75.95150521522703,4.372398064128047],[-75.87805613279183,4.409582148198133],[-75.86703877042653,4.410821617667137]]]}},{"type":"Feature","properties":{"dep":"76","muni":"823","name":"TORO","dep_name":"VALLE DEL CAUCA"},"geometry":{"type":"Polygon","coordinates":[[[-76.0163852380448,4.692181187130792],[-76.0163852380448,4.666152328281731],[-76.03841996277536,4.583107873858538],[-76.15104188917603,4.57567105704452],[-76.12288640757586,4.651278694653696],[-76.08861016910609,4.735562618545893],[-76.0163852380448,4.692181187130792]]]}},{"type":"Feature","properties":{"dep":"76","muni":"828","name":"TRUJILLO","dep_name":"VALLE DEL CAUCA"},"geometry":{"type":"Polygon","coordinates":[[[-76.21224945787203,4.2596063424487856],[-76.23550833397653,4.213745972095678],[-76.24897399908964,4.18399870483961],[-76.32609553564662,4.195153930060634],[-76.34813026037718,4.159209315459551],[-76.44851067303864,4.161688254397557],[-76.45463142990823,4.229859075192715],[-76.40688952632534,4.299269365456878],[-76.29671590267253,4.294311487580865],[-76.21224945787203,4.2596063424487856]]]}},{"type":"Feature","properties":{"dep":"76","muni":"834","name":"TULUÁ","dep_name":"VALLE DEL CAUCA"},"geometry":{"type":"Polygon","coordinates":[[[-75.82296932096541,3.9051180743139593],[-75.84990065119166,3.889004971216922],[-75.87315952729614,3.9261890552870096],[-75.998022967436,3.893962849092933],[-76.08371356361042,3.9063575437829634],[-76.1008516828453,3.9571757920120803],[-76.16205925154131,4.022867673869234],[-76.30038835679429,4.048896532718295],[-76.30283665954212,4.067488574753337],[-76.24530154496789,4.167885601742572],[-76.17185246253267,4.119546292451458],[-76.07147204987122,4.088559555726388],[-76.00169542155776,4.102193719885419],[-75.95395351797487,4.176561888025592],[-75.9135565226355,4.175322418556588],[-75.9013150088963,4.084841147319379],[-75.85479725668733,4.050136002187298],[-75.82296932096541,3.9051180743139593]]]}},{"type":"Feature","properties":{"dep":"76","muni":"845","name":"ULLOA","dep_name":"VALLE DEL CAUCA"},"geometry":{"type":"Polygon","coordinates":[[[-75.71401984868652,4.713252168103841],[-75.70912324319083,4.679786492440764],[-75.85602140806125,4.713252168103841],[-75.85602140806125,4.728125801731876],[-75.71401984868652,4.713252168103841]]]}},{"type":"Feature","properties":{"dep":"76","muni":"863","name":"VERSALLES","dep_name":"VALLE DEL CAUCA"},"geometry":{"type":"Polygon","coordinates":[[[-76.19388718726323,4.682265431378768],[-76.12288640757586,4.651278694653696],[-76.15104188917603,4.57567105704452],[-76.18531812764579,4.545923789788452],[-76.2220426688634,4.602939385362584],[-76.2832502375594,4.594263099079564],[-76.30038835679429,4.653757633591702],[-76.29794005404645,4.698378534475806],[-76.19388718726323,4.682265431378768]]]}},{"type":"Feature","properties":{"dep":"76","muni":"869","name":"VIJES","dep_name":"VALLE DEL CAUCA"},"geometry":{"type":"Polygon","coordinates":[[[-76.40076876945575,3.7402686349365757],[-76.42647594830807,3.694408264583469],[-76.42647594830807,3.680774100424437],[-76.50604578761289,3.699366142459481],[-76.5366495719609,3.7489449212195964],[-76.46809709502136,3.8307499061737857],[-76.44483821891687,3.74646598228159],[-76.40076876945575,3.7402686349365757]]]}},{"type":"Feature","properties":{"dep":"76","muni":"890","name":"YOTOCO","dep_name":"VALLE DEL CAUCA"},"geometry":{"type":"Polygon","coordinates":[[[-76.30038835679429,4.048896532718295],[-76.3126298705335,3.993120406613164],[-76.37261328785559,3.8121578641387437],[-76.39709631533398,3.7625790853786283],[-76.40076876945575,3.7402686349365757],[-76.44483821891687,3.74646598228159],[-76.46809709502136,3.8307499061737857],[-76.47789030601272,3.865455051305867],[-76.42402764556023,3.942302158384047],[-76.41545858594279,4.009233509710201],[-76.30283665954212,4.067488574753337],[-76.30038835679429,4.048896532718295]]]}},{"type":"Feature","properties":{"dep":"76","muni":"892","name":"YUMBO","dep_name":"VALLE DEL CAUCA"},"geometry":{"type":"Polygon","coordinates":[[[-76.42647594830807,3.680774100424437],[-76.49135597112584,3.5060089052950305],[-76.54766693432617,3.499811557950016],[-76.59173638378729,3.546911397772126],[-76.50604578761289,3.699366142459481],[-76.42647594830807,3.680774100424437]]]}},{"type":"Feature","properties":{"dep":"76","muni":"895","name":"ZARZAL","dep_name":"VALLE DEL CAUCA"},"geometry":{"type":"Polygon","coordinates":[[[-75.8951942520267,4.425695251295172],[-75.87805613279183,4.409582148198133],[-75.95150521522703,4.372398064128047],[-75.95395351797487,4.3252982243059375],[-76.02128184354048,4.3017483043948825],[-76.03719581140145,4.255887934041777],[-76.08371356361042,4.243493239351748],[-76.17185246253267,4.31786140749192],[-76.14859358642819,4.372398064128047],[-76.06902374712337,4.455442518551241],[-76.03841996277536,4.465358274303265],[-75.95762597209664,4.4021453313841175],[-75.8951942520267,4.425695251295172]]]}},{"type":"Feature","properties":{"dep":"76","muni":"403","name":"LA VICTORIA","dep_name":"VALLE DEL CAUCA"},"geometry":{"type":"Polygon","coordinates":[[[-75.88050443553966,4.531050156160417],[-75.86948707317438,4.454203049082238],[-75.8951942520267,4.425695251295172],[-75.95762597209664,4.4021453313841175],[-76.03841996277536,4.465358274303265],[-76.06902374712337,4.455442518551241],[-76.06535129300161,4.492626602621327],[-76.03107505453184,4.569473709699507],[-75.96374672896623,4.531050156160417],[-75.88050443553966,4.531050156160417]]]}},{"type":"Feature","properties":{"dep":"76","muni":"400","name":"LA UNIÓN","dep_name":"VALLE DEL CAUCA"},"geometry":{"type":"Polygon","coordinates":[[[-76.03841996277536,4.583107873858538],[-76.03107505453184,4.569473709699507],[-76.06535129300161,4.492626602621327],[-76.16573170566306,4.512458114125373],[-76.18531812764579,4.545923789788452],[-76.15104188917603,4.57567105704452],[-76.03841996277536,4.583107873858538]]]}},{"type":"Feature","properties":{"dep":"76","muni":"377","name":"LA CUMBRE","dep_name":"VALLE DEL CAUCA"},"geometry":{"type":"Polygon","coordinates":[[[-76.56113259943929,3.8481024787398272],[-76.60275374615259,3.751423860157602],[-76.5366495719609,3.7489449212195964],[-76.50604578761289,3.699366142459481],[-76.59173638378729,3.546911397772126],[-76.59540883790906,3.5481508672411284],[-76.64927149836154,3.632434791133325],[-76.64437489286587,3.78488953582068],[-76.59296053516121,3.8629761123678623],[-76.56113259943929,3.8481024787398272]]]}},{"type":"Feature","properties":{"dep":"76","muni":"364","name":"JAMUNDÍ","dep_name":"VALLE DEL CAUCA"},"geometry":{"type":"Polygon","coordinates":[[[-76.49258012249976,3.289101748219526],[-76.46075218677784,3.2593544809634567],[-76.50359748486504,3.1440838203461885],[-76.55746014531753,3.1019418584000897],[-76.67742697996171,3.099462919462084],[-76.74965191102301,3.146562759284194],[-76.78270399811885,3.23084668317639],[-76.70191000744012,3.356033099545681],[-76.69578925057051,3.3114121986615777],[-76.60765035164826,3.313891137599583],[-76.55868429669145,3.2829044008745116],[-76.49258012249976,3.289101748219526]]]}},{"type":"Feature","properties":{"dep":"76","muni":"100","name":"BOLÍVAR","dep_name":"VALLE DEL CAUCA"},"geometry":{"type":"Polygon","coordinates":[[[-76.26856042107237,4.481471377400302],[-76.25631890733317,4.4021453313841175],[-76.14859358642819,4.372398064128047],[-76.17185246253267,4.31786140749192],[-76.21224945787203,4.2596063424487856],[-76.29671590267253,4.294311487580865],[-76.40688952632534,4.299269365456878],[-76.45463142990823,4.229859075192715],[-76.48768351700409,4.236056422537731],[-76.54889108570009,4.337692918995966],[-76.53909787470873,4.395947984039102],[-76.48156276013448,4.414540026074146],[-76.36526837961206,4.492626602621327],[-76.26856042107237,4.481471377400302]]]}},{"type":"Feature","properties":{"dep":"76","muni":"233","name":"DAGUA","dep_name":"VALLE DEL CAUCA"},"geometry":{"type":"Polygon","coordinates":[[[-76.59296053516121,3.8629761123678623],[-76.64437489286587,3.78488953582068],[-76.64927149836154,3.632434791133325],[-76.59540883790906,3.5481508672411284],[-76.65049564973546,3.466345882286938],[-76.7068066129358,3.427922328747849],[-76.74842775964909,3.4341196760928634],[-76.85492892918015,3.5642639703381667],[-76.79372136048413,3.6646609973274],[-76.8218768420843,3.7055634898044953],[-76.77535908987532,3.7625790853786283],[-76.81453193384077,3.875370807057891],[-76.71415152117932,3.841905131394812],[-76.59296053516121,3.8629761123678623]]]}},{"type":"Feature","properties":{"dep":"76","muni":"109","name":"BUENAVENTURA","dep_name":"VALLE DEL CAUCA"},"geometry":{"type":"Polygon","coordinates":[[[-76.85982553467582,4.0303044906832515],[-76.88798101627599,3.993120406613164],[-76.81453193384077,3.875370807057891],[-76.77535908987532,3.7625790853786283],[-76.8218768420843,3.7055634898044953],[-76.79372136048413,3.6646609973274],[-76.85492892918015,3.5642639703381667],[-76.74842775964909,3.4341196760928634],[-76.7068066129358,3.427922328747849],[-76.70191000744012,3.356033099545681],[-76.78270399811885,3.23084668317639],[-76.78882475498845,3.218451988486361],[-76.90879158963263,3.2010994159203205],[-76.93817122260671,3.1143365530901193],[-76.9981546399288,3.155239045567214],[-77.1009833553381,3.184986312823283],[-77.17810489189507,3.156478515036217],[-77.2344158550954,3.108139205745104],[-77.31643399714805,3.1738310876022577],[-77.34703778149606,3.1403654119391797],[-77.43028007492263,3.2543966030874447],[-77.49760840048825,3.2159730495483556],[-77.55024690956681,3.23084668317639],[-77.48047028125336,3.322567423882604],[-77.3372445705047,3.4477538402518952],[-77.36662420347878,3.483698454852979],[-77.3005200292871,3.570461317683181],[-77.2282950982258,3.5828560123732096],[-77.18422564876468,3.6547452415753767],[-77.1976913138778,3.74646598228159],[-77.18055319464291,3.83198937564279],[-77.28338191005221,3.841905131394812],[-77.31765814852197,3.9497389751980627],[-77.21238113036483,4.009233509710201],[-77.24298491471285,4.083601677850375],[-77.31398569440022,4.029065021214247],[-77.35927929523527,3.9261890552870096],[-77.44986649690536,4.038980776966271],[-77.35315853836566,4.197632868998641],[-77.30664078615669,4.165406662804566],[-77.15851846991235,4.182759235370606],[-77.04956899763346,4.094756903071401],[-76.99448218580704,4.120785761920462],[-76.91491234650223,4.095996372540403],[-76.85982553467582,4.0303044906832515]]]}},{"type":"Feature","properties":{"dep":"86","muni":"001","name":"MOCOA","dep_name":"PUTUMAYO"},"geometry":{"type":"Polygon","coordinates":[[[-76.5672533563089,1.0816066239253868],[-76.48523521425624,1.0084779252542164],[-76.46320048952568,0.9093203677339856],[-76.41056198044711,0.868417875256891],[-76.46564879227351,0.868417875256891],[-76.56113259943929,1.030788375696269],[-76.63702998462234,1.0754092765803724],[-76.74108285140557,1.0059989863162109],[-76.79127305773629,1.121269646933479],[-76.74597945690124,1.1993562234806614],[-76.85615308055407,1.2501744717097791],[-76.8769636539107,1.2898374947178715],[-76.90389498413695,1.320824231442944],[-76.92103310337183,1.3456136208230012],[-76.88553271352815,1.3728819491410649],[-76.69701340194443,1.4435317088742297],[-76.60152959477865,1.4137844416181604],[-76.5856156269177,1.3047111283459065],[-76.54032202608265,1.2043141013566725],[-76.5672533563089,1.0816066239253868]]]}},{"type":"Feature","properties":{"dep":"86","muni":"219","name":"COLÓN","dep_name":"PUTUMAYO"},"geometry":{"type":"Polygon","coordinates":[[[-76.93327461711104,1.2848796168418604],[-76.96510255283296,1.1572142615345626],[-77.02141351603329,1.1956378150736526],[-76.93327461711104,1.2848796168418604]]]}},{"type":"Feature","properties":{"dep":"86","muni":"320","name":"ORITO","dep_name":"PUTUMAYO"},"geometry":{"type":"Polygon","coordinates":[[[-77.07282787373794,0.9427860433970636],[-77.00182709405057,0.8994046119819625],[-76.95041273634591,0.901883550919969],[-76.93082631436319,0.8151206880897668],[-76.89165347039774,0.7704997872056625],[-76.76556587888396,0.7928102376477142],[-76.69946170469228,0.7457103978256052],[-76.65416810385723,0.6477923097743767],[-76.77168663575357,0.5052533208390448],[-76.87206704841502,0.48294287039699313],[-76.99937879130272,0.4928586261490162],[-77.02141351603329,0.558550508006169],[-77.08996599297282,0.4197299274778459],[-77.13036298831219,0.525084832343091],[-77.12791468556435,0.6019319394212701],[-77.18667395151252,0.630439737208337],[-77.17688074052116,0.6713422296854317],[-77.15974262128627,0.7432314588875988],[-77.13893204792963,0.8213180354347811],[-77.11689732319907,0.9006440814509657],[-77.07282787373794,0.9427860433970636]]]}},{"type":"Feature","properties":{"dep":"86","muni":"749","name":"SIBUNDOY","dep_name":"PUTUMAYO"},"geometry":{"type":"Polygon","coordinates":[[[-76.8769636539107,1.2898374947178715],[-76.88798101627599,1.1733273646316],[-76.96510255283296,1.1572142615345626],[-76.93327461711104,1.2848796168418604],[-76.90389498413695,1.320824231442944],[-76.8769636539107,1.2898374947178715]]]}},{"type":"Feature","properties":{"dep":"86","muni":"755","name":"SAN FRANCISCO","dep_name":"PUTUMAYO"},"geometry":{"type":"Polygon","coordinates":[[[-76.74108285140557,1.0059989863162109],[-76.85370477780621,1.0456620093243032],[-76.94796443359807,1.0964802575534218],[-76.96510255283296,1.1572142615345626],[-76.88798101627599,1.1733273646316],[-76.8769636539107,1.2898374947178715],[-76.85615308055407,1.2501744717097791],[-76.74597945690124,1.1993562234806614],[-76.79127305773629,1.121269646933479],[-76.74108285140557,1.0059989863162109]]]}},{"type":"Feature","properties":{"dep":"86","muni":"757","name":"SAN MIGUEL","dep_name":"PUTUMAYO"},"geometry":{"type":"Polygon","coordinates":[[[-76.65661640660507,0.33172759517864137],[-76.6407024387441,0.25859889650747103],[-76.73251379178812,0.2883461637635403],[-76.84880817231054,0.2400068544724281],[-76.99937879130272,0.2895856332325435],[-77.04956899763346,0.2895856332325435],[-77.03855163526816,0.3230513088956215],[-76.91858480062399,0.38130637393875677],[-76.84146326406702,0.3019803279225721],[-76.76066927338829,0.34164335093066445],[-76.65661640660507,0.33172759517864137]]]}},{"type":"Feature","properties":{"dep":"86","muni":"760","name":"SANTIAGO","dep_name":"PUTUMAYO"},"geometry":{"type":"Polygon","coordinates":[[[-77.02141351603329,1.1956378150736526],[-76.96510255283296,1.1572142615345626],[-76.94796443359807,1.0964802575534218],[-76.85370477780621,1.0456620093243032],[-76.97244746107648,0.9812095969361536],[-77.0471206948856,0.9787306579981472],[-77.0397757866421,1.0394646619792889],[-77.08384523610322,1.0617751124213406],[-77.0887418415989,1.1820036509146208],[-77.02141351603329,1.1956378150736526]]]}},{"type":"Feature","properties":{"dep":"86","muni":"865","name":"VALLE DEL GUAMUEZ","dep_name":"PUTUMAYO"},"geometry":{"type":"Polygon","coordinates":[[[-76.77168663575357,0.5052533208390448],[-76.69211679644876,0.5052533208390448],[-76.65661640660507,0.33172759517864137],[-76.76066927338829,0.34164335093066445],[-76.84146326406702,0.3019803279225721],[-76.91858480062399,0.38130637393875677],[-77.03855163526816,0.3230513088956215],[-77.04956899763346,0.2895856332325435],[-77.1132248690773,0.3726300876557369],[-77.08996599297282,0.4197299274778459],[-77.02141351603329,0.558550508006169],[-76.99937879130272,0.4928586261490162],[-76.87206704841502,0.48294287039699313],[-76.77168663575357,0.5052533208390448]]]}},{"type":"Feature","properties":{"dep":"86","muni":"885","name":"VILLAGARZÓN","dep_name":"PUTUMAYO"},"geometry":{"type":"Polygon","coordinates":[[[-76.46564879227351,0.868417875256891],[-76.49013181975192,0.7866128903026999],[-76.76556587888396,0.7928102376477142],[-76.89165347039774,0.7704997872056625],[-76.93082631436319,0.8151206880897668],[-76.95041273634591,0.901883550919969],[-77.00182709405057,0.8994046119819625],[-77.07282787373794,0.9427860433970636],[-77.0471206948856,0.9787306579981472],[-76.97244746107648,0.9812095969361536],[-76.85370477780621,1.0456620093243032],[-76.74108285140557,1.0059989863162109],[-76.63702998462234,1.0754092765803724],[-76.56113259943929,1.030788375696269],[-76.46564879227351,0.868417875256891]]]}},{"type":"Feature","properties":{"dep":"86","muni":"569","name":"PUERTO CAICEDO","dep_name":"PUTUMAYO"},"geometry":{"type":"Polygon","coordinates":[[[-76.23673248535044,0.6614264739334086],[-76.59418468653514,0.6068898172972821],[-76.65416810385723,0.6477923097743767],[-76.69946170469228,0.7457103978256052],[-76.76556587888396,0.7928102376477142],[-76.49013181975192,0.7866128903026999],[-76.46564879227351,0.868417875256891],[-76.41056198044711,0.868417875256891],[-76.38118234747303,0.8188390964967756],[-76.23183587985476,0.6986105580034954],[-76.23673248535044,0.6614264739334086]]]}},{"type":"Feature","properties":{"dep":"86","muni":"568","name":"PUERTO ASÍS","dep_name":"PUTUMAYO"},"geometry":{"type":"Polygon","coordinates":[[[-75.77155496326077,0.43956143898189204],[-76.14492113230642,0.37510902659374246],[-76.20000794413284,0.3726300876557369],[-76.3126298705335,0.4333640916368777],[-76.3371128980119,0.38502478234576554],[-76.41178613182103,0.3788274350007512],[-76.41178613182103,0.24124632394143042],[-76.58439147554378,0.22017534296838193],[-76.6407024387441,0.25859889650747103],[-76.65661640660507,0.33172759517864137],[-76.69211679644876,0.5052533208390448],[-76.77168663575357,0.5052533208390448],[-76.65416810385723,0.6477923097743767],[-76.59418468653514,0.6068898172972821],[-76.23673248535044,0.6614264739334086],[-76.08004110948865,0.6205239814563139],[-76.04576487101889,0.5759030805722096],[-75.92947049049647,0.5833398973862272],[-75.8217451695915,0.5164085460600711],[-75.77155496326077,0.43956143898189204]]]}},{"type":"Feature","properties":{"dep":"86","muni":"571","name":"PUERTO GUZMÁN","dep_name":"PUTUMAYO"},"geometry":{"type":"Polygon","coordinates":[[[-75.8095036558523,0.8956862035749538],[-75.75808929814764,0.8374311385318185],[-75.63689831212955,0.8770941615399108],[-75.60507037640761,0.8374311385318185],[-75.537742050842,0.8262759133107922],[-75.48387939038952,0.7828944818956911],[-75.42267182169351,0.7382735810115877],[-75.33820537689301,0.7680208482676569],[-75.26598044583172,0.7258788863215591],[-75.45572390878935,0.49533756508702176],[-75.77155496326077,0.43956143898189204],[-75.8217451695915,0.5164085460600711],[-75.92947049049647,0.5833398973862272],[-76.04576487101889,0.5759030805722096],[-76.08004110948865,0.6205239814563139],[-76.23673248535044,0.6614264739334086],[-76.23183587985476,0.6986105580034954],[-76.38118234747303,0.8188390964967756],[-76.41056198044711,0.868417875256891],[-76.46320048952568,0.9093203677339856],[-76.48523521425624,1.0084779252542164],[-76.40076876945575,0.9799701274671504],[-76.21347360924595,0.9787306579981472],[-76.16573170566306,1.0295489062272658],[-76.08493771498433,1.0580567040143318],[-75.97598824270544,1.0617751124213406],[-75.85602140806125,0.8845309783539284],[-75.8095036558523,0.8956862035749538]]]}},{"type":"Feature","properties":{"dep":"86","muni":"573","name":"PUERTO LEGUÍZAMO","dep_name":"PUTUMAYO"},"geometry":{"type":"Polygon","coordinates":[[[-73.8410682465886,-0.3983199220640583],[-74.38948806210486,-0.5532536056894188],[-74.5376103783492,-0.46277233445220833],[-74.57555907094073,-0.3958409831260523],[-74.72612968993292,-0.3499806127729457],[-74.77754404763756,-0.208681093306617],[-74.85466558419454,-0.24338623843869733],[-74.92811466662974,-0.2285126048106627],[-75.06889207463057,-0.09464990215835112],[-75.20232457438787,-0.04507112339823571],[-75.27577365682308,-0.1268761083524259],[-75.3920680373455,-0.10208671897236865],[-75.56956998656393,-0.030197489770201535],[-75.63322585800778,0.045410147838974346],[-75.73972702753883,0.03177598367994339],[-75.8217451695915,0.08259423190906112],[-75.9551776693488,0.2015833009333381],[-76.0102644811752,0.29826191951556336],[-76.05433393063633,0.3280091867716326],[-76.12166225620194,0.31933290048861274],[-76.14492113230642,0.37510902659374246],[-75.77155496326077,0.43956143898189204],[-75.45572390878935,0.49533756508702176],[-75.26598044583172,0.7258788863215591],[-75.2708770513274,0.6614264739334086],[-75.20722117988355,0.6019319394212701],[-75.23537666148371,0.5659873248201865],[-75.19620381751827,0.47922446198998436],[-75.03339168478688,0.48418233986599635],[-74.98320147845615,0.41229311066382923],[-75.01502941417807,0.38626425181476787],[-74.96483920784735,0.24496473234843918],[-74.89261427678606,0.24868314075544795],[-74.84487237320317,0.21397799562336672],[-74.7371470522982,0.20902011774735563],[-74.67838778635003,0.16068080845624344],[-74.66247381848906,0.0540864341219951],[-74.70409496520234,0.03673386155595448],[-74.54128283247096,-0.1206787610074116],[-74.43967826843559,-0.07481839065430496],[-74.41152278683542,-0.11819982206940605],[-74.35153936951333,-0.10704459684837975],[-74.29033180081731,-0.1975258680855907],[-74.15689930106002,-0.26073881100473795],[-74.10915739747713,-0.23594942162468024],[-73.9989837738243,-0.34378326542793136],[-73.88024109055405,-0.3710515937459946],[-73.8410682465886,-0.3983199220640583]]]}},{"type":"Feature","properties":{"dep":"52","muni":"683","name":"SANDONÁ","dep_name":"NARIÑO"},"geometry":{"type":"Polygon","coordinates":[[[-77.46700461614024,1.3629661933890418],[-77.4523147996532,1.307190067283912],[-77.37519326309622,1.230342960205733],[-77.50617746010569,1.263808635868811],[-77.50372915735785,1.3171058230359352],[-77.48047028125336,1.369163540734056],[-77.46700461614024,1.3629661933890418]]]}},{"type":"Feature","properties":{"dep":"52","muni":"685","name":"SAN BERNARDO","dep_name":"NARIÑO"},"geometry":{"type":"Polygon","coordinates":[[[-76.93205046573712,1.5005473044483626],[-77.01896521328544,1.4955894265723506],[-77.07160372236402,1.5154209380763968],[-77.06303466274657,1.5538444916154859],[-77.01162030504193,1.5724365336505297],[-76.93205046573712,1.5005473044483626]]]}},{"type":"Feature","properties":{"dep":"52","muni":"687","name":"SAN LORENZO","dep_name":"NARIÑO"},"geometry":{"type":"Polygon","coordinates":[[[-77.23808830921716,1.6579599270117287],[-77.17810489189507,1.6108600871896188],[-77.14750110754707,1.5302945717044318],[-77.14505280479923,1.5278156327664254],[-77.18422564876468,1.4484895867502408],[-77.23564000646932,1.4522079951572495],[-77.30174418066102,1.5178998770144023],[-77.2588988825738,1.5439287358634628],[-77.26991624493908,1.6629178048877398],[-77.23808830921716,1.6579599270117287]]]}},{"type":"Feature","properties":{"dep":"52","muni":"560","name":"POTOSÍ","dep_name":"NARIÑO"},"geometry":{"type":"Polygon","coordinates":[[[-77.18667395151252,0.630439737208337],[-77.3862106254615,0.6267213288013282],[-77.46088385927064,0.7432314588875988],[-77.51597067109705,0.7556261535776283],[-77.59309220765402,0.7246394168525558],[-77.63838580848906,0.7395130504805909],[-77.55759181781033,0.8411495469388273],[-77.41926271255736,0.7816550124266888],[-77.33602041913078,0.7010894969415009],[-77.26379548806949,0.6961316190654898],[-77.18667395151252,0.630439737208337]]]}},{"type":"Feature","properties":{"dep":"52","muni":"693","name":"SAN PABLO","dep_name":"NARIÑO"},"geometry":{"type":"Polygon","coordinates":[[[-76.90022253001518,1.6616783354187374],[-76.98468897481568,1.6567204575427255],[-77.06915541961618,1.6653967438257462],[-77.0703795709901,1.674073030108766],[-77.02631012152897,1.7137360531168584],[-76.93572291985888,1.7286096867448935],[-76.90022253001518,1.6616783354187374]]]}},{"type":"Feature","properties":{"dep":"52","muni":"565","name":"PROVIDENCIA","dep_name":"NARIÑO"},"geometry":{"type":"Polygon","coordinates":[[[-77.5735057856713,1.1894404677286383],[-77.57840239116697,1.1708484256935945],[-77.62247184062811,1.221666673922713],[-77.61512693238458,1.2898374947178715],[-77.61390278101067,1.297274311531889],[-77.5735057856713,1.1894404677286383]]]}},{"type":"Feature","properties":{"dep":"52","muni":"694","name":"SAN PEDRO DE CARTAGO","dep_name":"NARIÑO"},"geometry":{"type":"Polygon","coordinates":[[[-77.06303466274657,1.5538444916154859],[-77.07160372236402,1.5154209380763968],[-77.08139693335538,1.4869131402893307],[-77.14505280479923,1.5278156327664254],[-77.14750110754707,1.5302945717044318],[-77.06303466274657,1.5538444916154859]]]}},{"type":"Feature","properties":{"dep":"52","muni":"573","name":"PUERRES","dep_name":"NARIÑO"},"geometry":{"type":"Polygon","coordinates":[[[-77.15974262128627,0.7432314588875988],[-77.17688074052116,0.6713422296854317],[-77.2282950982258,0.7283578252595646],[-77.40579704744422,0.8485863637528448],[-77.48659103812297,0.8423890164078296],[-77.54167784994937,0.8919677951679459],[-77.53800539582761,0.8956862035749538],[-77.48047028125336,0.9279124097690294],[-77.43640083179224,0.8857704478229307],[-77.22951924959972,0.8857704478229307],[-77.21115697899091,0.7866128903026999],[-77.15974262128627,0.7432314588875988]]]}},{"type":"Feature","properties":{"dep":"52","muni":"699","name":"SANTACRUZ","dep_name":"NARIÑO"},"geometry":{"type":"Polygon","coordinates":[[[-77.61390278101067,1.297274311531889],[-77.61512693238458,1.2898374947178715],[-77.65185147360219,1.2476955327717736],[-77.66164468459355,1.154735322596557],[-77.69959337718508,1.0940013186154154],[-77.72162810191564,1.0977197270224242],[-77.79385303297694,1.2278640212677274],[-77.85628475304686,1.282400677903854],[-77.8464915420555,1.3790792964860792],[-77.8403707851859,1.4633632203782758],[-77.76080094588109,1.3939529301141143],[-77.64573071673259,1.3369373345399813],[-77.61390278101067,1.297274311531889]]]}},{"type":"Feature","properties":{"dep":"52","muni":"585","name":"PUPIALES","dep_name":"NARIÑO"},"geometry":{"type":"Polygon","coordinates":[[[-77.59554051040186,0.992364822157179],[-77.58941975353225,0.9750122495911384],[-77.56983333154953,0.8956862035749538],[-77.61512693238458,0.8560231805668614],[-77.67266204695883,0.8659389363188845],[-77.67633450108059,0.963857024370113],[-77.61390278101067,0.9948437610951846],[-77.59554051040186,0.992364822157179]]]}},{"type":"Feature","properties":{"dep":"52","muni":"678","name":"SAMANIEGO","dep_name":"NARIÑO"},"geometry":{"type":"Polygon","coordinates":[[[-77.55024690956681,1.4336159531222066],[-77.57105748292346,1.3567688460440275],[-77.53800539582761,1.3047111283459065],[-77.56860918017561,1.2080325097636813],[-77.5735057856713,1.1894404677286383],[-77.61390278101067,1.297274311531889],[-77.64573071673259,1.3369373345399813],[-77.76080094588109,1.3939529301141143],[-77.8403707851859,1.4633632203782758],[-77.87464702365567,1.4893920792273363],[-77.84281908793375,1.5947469840925814],[-77.73754206977661,1.5104630602003857],[-77.64450656535867,1.5290551022354286],[-77.57840239116697,1.4298975447151978],[-77.55024690956681,1.4336159531222066]]]}},{"type":"Feature","properties":{"dep":"52","muni":"207","name":"CONSACÁ","dep_name":"NARIÑO"},"geometry":{"type":"Polygon","coordinates":[[[-77.37519326309622,1.230342960205733],[-77.35927929523527,1.221666673922713],[-77.3617275979831,1.201835162418667],[-77.37886571721799,1.1919194066666439],[-77.47924612987944,1.1559747920655603],[-77.50128085461,1.2191877349847076],[-77.50617746010569,1.263808635868811],[-77.37519326309622,1.230342960205733]]]}},{"type":"Feature","properties":{"dep":"52","muni":"210","name":"CONTADERO","dep_name":"NARIÑO"},"geometry":{"type":"Polygon","coordinates":[[[-77.470677070262,0.9489833907420779],[-77.48047028125336,0.9279124097690294],[-77.53800539582761,0.8956862035749538],[-77.55147106094074,0.9031230203889713],[-77.57595408841914,0.9564202075560955],[-77.470677070262,0.9489833907420779]]]}},{"type":"Feature","properties":{"dep":"52","muni":"215","name":"CÓRDOBA","dep_name":"NARIÑO"},"geometry":{"type":"Polygon","coordinates":[[[-77.54167784994937,0.8919677951679459],[-77.48659103812297,0.8423890164078296],[-77.40579704744422,0.8485863637528448],[-77.2282950982258,0.7283578252595646],[-77.17688074052116,0.6713422296854317],[-77.18667395151252,0.630439737208337],[-77.26379548806949,0.6961316190654898],[-77.33602041913078,0.7010894969415009],[-77.41926271255736,0.7816550124266888],[-77.55759181781033,0.8411495469388273],[-77.54167784994937,0.8919677951679459]]]}},{"type":"Feature","properties":{"dep":"52","muni":"001","name":"PASTO","dep_name":"NARIÑO"},"geometry":{"type":"Polygon","coordinates":[[[-77.31031324027846,1.3530504376370187],[-77.24910567158244,1.2885980252488691],[-77.23564000646932,1.2588507579927999],[-77.0887418415989,1.1820036509146208],[-77.08384523610322,1.0617751124213406],[-77.0397757866421,1.0394646619792889],[-77.0471206948856,0.9787306579981472],[-77.07282787373794,0.9427860433970636],[-77.11689732319907,0.9006440814509657],[-77.13893204792963,0.8213180354347811],[-77.20748452486916,0.9006440814509657],[-77.31765814852197,0.9613780854321075],[-77.29317512104357,1.0444225398553],[-77.30541663478277,1.1237485858714846],[-77.3617275979831,1.201835162418667],[-77.35927929523527,1.221666673922713],[-77.32867551088725,1.3009927199388978],[-77.37519326309622,1.3059505978149089],[-77.31031324027846,1.3530504376370187]]]}},{"type":"Feature","properties":{"dep":"52","muni":"019","name":"ALBÁN","dep_name":"NARIÑO"},"geometry":{"type":"Polygon","coordinates":[[[-77.01896521328544,1.4955894265723506],[-77.10465580945986,1.4360948920602121],[-77.11077656632946,1.4435317088742297],[-77.08139693335538,1.4869131402893307],[-77.07160372236402,1.5154209380763968],[-77.01896521328544,1.4955894265723506]]]}},{"type":"Feature","properties":{"dep":"52","muni":"022","name":"ALDANA","dep_name":"NARIÑO"},"geometry":{"type":"Polygon","coordinates":[[[-77.67633450108059,0.963857024370113],[-77.67266204695883,0.8659389363188845],[-77.68490356069803,0.8374311385318185],[-77.72530055603741,0.9093203677339856],[-77.67633450108059,0.963857024370113]]]}},{"type":"Feature","properties":{"dep":"52","muni":"224","name":"CUASPUD CARLOSAMA","dep_name":"NARIÑO"},"geometry":{"type":"Polygon","coordinates":[[[-77.72530055603741,0.9093203677339856],[-77.68490356069803,0.8374311385318185],[-77.68490356069803,0.8287548522487986],[-77.75835264313325,0.8386706080008217],[-77.77426661099422,0.9179966540170064],[-77.72530055603741,0.9093203677339856]]]}},{"type":"Feature","properties":{"dep":"52","muni":"036","name":"ANCUYA","dep_name":"NARIÑO"},"geometry":{"type":"Polygon","coordinates":[[[-77.50372915735785,1.3171058230359352],[-77.50617746010569,1.263808635868811],[-77.50128085461,1.2191877349847076],[-77.56860918017561,1.2080325097636813],[-77.53800539582761,1.3047111283459065],[-77.50372915735785,1.3171058230359352]]]}},{"type":"Feature","properties":{"dep":"52","muni":"051","name":"ARBOLEDA","dep_name":"NARIÑO"},"geometry":{"type":"Polygon","coordinates":[[[-77.08139693335538,1.4869131402893307],[-77.11077656632946,1.4435317088742297],[-77.18422564876468,1.4484895867502408],[-77.14505280479923,1.5278156327664254],[-77.08139693335538,1.4869131402893307]]]}},{"type":"Feature","properties":{"dep":"52","muni":"083","name":"BELÉN","dep_name":"NARIÑO"},"geometry":{"type":"Polygon","coordinates":[[[-77.01406860778977,1.6170574345346331],[-77.01162030504193,1.5724365336505297],[-77.06303466274657,1.5538444916154859],[-77.07894863060754,1.5935075146235782],[-77.01406860778977,1.6170574345346331]]]}},{"type":"Feature","properties":{"dep":"52","muni":"110","name":"BUESACO","dep_name":"NARIÑO"},"geometry":{"type":"Polygon","coordinates":[[[-77.18422564876468,1.4484895867502408],[-77.11077656632946,1.4435317088742297],[-77.10465580945986,1.4360948920602121],[-77.03487918114641,1.3753608880790704],[-76.9981546399288,1.2997532504698945],[-76.93327461711104,1.2848796168418604],[-77.02141351603329,1.1956378150736526],[-77.0887418415989,1.1820036509146208],[-77.23564000646932,1.2588507579927999],[-77.24910567158244,1.2885980252488691],[-77.21972603860836,1.369163540734056],[-77.23564000646932,1.4522079951572495],[-77.18422564876468,1.4484895867502408]]]}},{"type":"Feature","properties":{"dep":"52","muni":"203","name":"COLÓN","dep_name":"NARIÑO"},"geometry":{"type":"Polygon","coordinates":[[[-76.98468897481568,1.6567204575427255],[-77.01406860778977,1.6170574345346331],[-77.07894863060754,1.5935075146235782],[-77.06915541961618,1.6653967438257462],[-76.98468897481568,1.6567204575427255]]]}},{"type":"Feature","properties":{"dep":"52","muni":"480","name":"NARIÑO","dep_name":"NARIÑO"},"geometry":{"type":"Polygon","coordinates":[[[-77.35927929523527,1.221666673922713],[-77.37519326309622,1.3059505978149089],[-77.32867551088725,1.3009927199388978],[-77.35927929523527,1.221666673922713]]]}},{"type":"Feature","properties":{"dep":"52","muni":"506","name":"OSPINA","dep_name":"NARIÑO"},"geometry":{"type":"Polygon","coordinates":[[[-77.49638424911433,1.0245910283512538],[-77.59554051040186,0.992364822157179],[-77.58085069391483,1.0555777650763263],[-77.55881596918425,1.0716908681733637],[-77.49638424911433,1.0245910283512538]]]}},{"type":"Feature","properties":{"dep":"52","muni":"720","name":"SAPUYES","dep_name":"NARIÑO"},"geometry":{"type":"Polygon","coordinates":[[[-77.69959337718508,1.0940013186154154],[-77.64328241398475,1.0369857230412833],[-77.58085069391483,1.0555777650763263],[-77.59554051040186,0.992364822157179],[-77.61390278101067,0.9948437610951846],[-77.70571413405469,0.9849280053431615],[-77.76447340000286,1.0394646619792889],[-77.72162810191564,1.0977197270224242],[-77.69959337718508,1.0940013186154154]]]}},{"type":"Feature","properties":{"dep":"52","muni":"786","name":"TAMINANGO","dep_name":"NARIÑO"},"geometry":{"type":"Polygon","coordinates":[[[-77.26991624493908,1.6629178048877398],[-77.2588988825738,1.5439287358634628],[-77.30174418066102,1.5178998770144023],[-77.32255475401766,1.5005473044483626],[-77.38498647408758,1.5278156327664254],[-77.39600383645286,1.6059022093136077],[-77.35438268973958,1.669115152232755],[-77.32989966226118,1.6815098469227836],[-77.26991624493908,1.6629178048877398]]]}},{"type":"Feature","properties":{"dep":"52","muni":"788","name":"TANGUA","dep_name":"NARIÑO"},"geometry":{"type":"Polygon","coordinates":[[[-77.31765814852197,0.9613780854321075],[-77.4278317721748,1.054338295607323],[-77.36417590073094,1.1361432805615141],[-77.37886571721799,1.1919194066666439],[-77.3617275979831,1.201835162418667],[-77.30541663478277,1.1237485858714846],[-77.29317512104357,1.0444225398553],[-77.31765814852197,0.9613780854321075]]]}},{"type":"Feature","properties":{"dep":"52","muni":"240","name":"CHACHAGÜÍ","dep_name":"NARIÑO"},"geometry":{"type":"Polygon","coordinates":[[[-77.30174418066102,1.5178998770144023],[-77.23564000646932,1.4522079951572495],[-77.21972603860836,1.369163540734056],[-77.24910567158244,1.2885980252488691],[-77.31031324027846,1.3530504376370187],[-77.29807172653925,1.4224607279011803],[-77.32255475401766,1.5005473044483626],[-77.30174418066102,1.5178998770144023]]]}},{"type":"Feature","properties":{"dep":"52","muni":"254","name":"EL PEÑOL","dep_name":"NARIÑO"},"geometry":{"type":"Polygon","coordinates":[[[-77.38498647408758,1.5278156327664254],[-77.43028007492263,1.4435317088742297],[-77.4829185840012,1.454686934095255],[-77.47434952438377,1.5055051823243737],[-77.4461940427836,1.5873101672785639],[-77.39600383645286,1.6059022093136077],[-77.38498647408758,1.5278156327664254]]]}},{"type":"Feature","properties":{"dep":"52","muni":"258","name":"EL TABLÓN DE GÓMEZ","dep_name":"NARIÑO"},"geometry":{"type":"Polygon","coordinates":[[[-76.93205046573712,1.5005473044483626],[-76.92837801161535,1.5005473044483626],[-76.92103310337183,1.3456136208230012],[-76.90389498413695,1.320824231442944],[-76.93327461711104,1.2848796168418604],[-76.9981546399288,1.2997532504698945],[-77.03487918114641,1.3753608880790704],[-77.10465580945986,1.4360948920602121],[-77.01896521328544,1.4955894265723506],[-76.93205046573712,1.5005473044483626]]]}},{"type":"Feature","properties":{"dep":"52","muni":"838","name":"TÚQUERRES","dep_name":"NARIÑO"},"geometry":{"type":"Polygon","coordinates":[[[-77.57840239116697,1.1708484256935945],[-77.56983333154953,1.092761849146413],[-77.55881596918425,1.0716908681733637],[-77.58085069391483,1.0555777650763263],[-77.64328241398475,1.0369857230412833],[-77.69959337718508,1.0940013186154154],[-77.66164468459355,1.154735322596557],[-77.65185147360219,1.2476955327717736],[-77.61512693238458,1.2898374947178715],[-77.62247184062811,1.221666673922713],[-77.57840239116697,1.1708484256935945]]]}},{"type":"Feature","properties":{"dep":"52","muni":"411","name":"LINARES","dep_name":"NARIÑO"},"geometry":{"type":"Polygon","coordinates":[[[-77.4829185840012,1.454686934095255],[-77.48047028125336,1.369163540734056],[-77.50372915735785,1.3171058230359352],[-77.53800539582761,1.3047111283459065],[-77.57105748292346,1.3567688460440275],[-77.55024690956681,1.4336159531222066],[-77.53433294170586,1.4484895867502408],[-77.47434952438377,1.5055051823243737],[-77.4829185840012,1.454686934095255]]]}},{"type":"Feature","properties":{"dep":"52","muni":"885","name":"YACUANQUER","dep_name":"NARIÑO"},"geometry":{"type":"Polygon","coordinates":[[[-77.4278317721748,1.054338295607323],[-77.44741819415752,1.0555777650763263],[-77.47802197850552,1.1175512385264703],[-77.47924612987944,1.1559747920655603],[-77.37886571721799,1.1919194066666439],[-77.36417590073094,1.1361432805615141],[-77.4278317721748,1.054338295607323]]]}},{"type":"Feature","properties":{"dep":"52","muni":"435","name":"MALLAMA","dep_name":"NARIÑO"},"geometry":{"type":"Polygon","coordinates":[[[-77.72162810191564,1.0977197270224242],[-77.76447340000286,1.0394646619792889],[-77.79874963847261,0.9985621695021933],[-77.91626817036895,1.077888215518378],[-77.97747573906497,1.1993562234806614],[-77.92728553273423,1.2414981854267593],[-77.8464915420555,1.3790792964860792],[-77.85628475304686,1.282400677903854],[-77.79385303297694,1.2278640212677274],[-77.72162810191564,1.0977197270224242]]]}},{"type":"Feature","properties":{"dep":"52","muni":"378","name":"LA CRUZ","dep_name":"NARIÑO"},"geometry":{"type":"Polygon","coordinates":[[[-76.8524806264323,1.635649476569677],[-76.8586013833019,1.5228577548904143],[-76.92837801161535,1.5005473044483626],[-76.93205046573712,1.5005473044483626],[-77.01162030504193,1.5724365336505297],[-77.01406860778977,1.6170574345346331],[-76.98468897481568,1.6567204575427255],[-76.90022253001518,1.6616783354187374],[-76.8524806264323,1.635649476569677]]]}},{"type":"Feature","properties":{"dep":"52","muni":"381","name":"LA FLORIDA","dep_name":"NARIÑO"},"geometry":{"type":"Polygon","coordinates":[[[-77.31031324027846,1.3530504376370187],[-77.37519326309622,1.3059505978149089],[-77.35927929523527,1.221666673922713],[-77.37519326309622,1.230342960205733],[-77.4523147996532,1.307190067283912],[-77.46700461614024,1.3629661933890418],[-77.40090044194855,1.3319794566639693],[-77.29807172653925,1.4224607279011803],[-77.31031324027846,1.3530504376370187]]]}},{"type":"Feature","properties":{"dep":"52","muni":"260","name":"EL TAMBO","dep_name":"NARIÑO"},"geometry":{"type":"Polygon","coordinates":[[[-77.32255475401766,1.5005473044483626],[-77.29807172653925,1.4224607279011803],[-77.40090044194855,1.3319794566639693],[-77.46700461614024,1.3629661933890418],[-77.48047028125336,1.369163540734056],[-77.4829185840012,1.454686934095255],[-77.43028007492263,1.4435317088742297],[-77.38498647408758,1.5278156327664254],[-77.32255475401766,1.5005473044483626]]]}},{"type":"Feature","properties":{"dep":"52","muni":"287","name":"FUNES","dep_name":"NARIÑO"},"geometry":{"type":"Polygon","coordinates":[[[-77.4278317721748,1.054338295607323],[-77.31765814852197,0.9613780854321075],[-77.20748452486916,0.9006440814509657],[-77.13893204792963,0.8213180354347811],[-77.15974262128627,0.7432314588875988],[-77.21115697899091,0.7866128903026999],[-77.22951924959972,0.8857704478229307],[-77.43640083179224,0.8857704478229307],[-77.48047028125336,0.9279124097690294],[-77.470677070262,0.9489833907420779],[-77.47434952438377,1.0221120894132483],[-77.44741819415752,1.0555777650763263],[-77.4278317721748,1.054338295607323]]]}},{"type":"Feature","properties":{"dep":"52","muni":"317","name":"GUACHUCAL","dep_name":"NARIÑO"},"geometry":{"type":"Polygon","coordinates":[[[-77.61390278101067,0.9948437610951846],[-77.67633450108059,0.963857024370113],[-77.72530055603741,0.9093203677339856],[-77.77426661099422,0.9179966540170064],[-77.79874963847261,0.9985621695021933],[-77.76447340000286,1.0394646619792889],[-77.70571413405469,0.9849280053431615],[-77.61390278101067,0.9948437610951846]]]}},{"type":"Feature","properties":{"dep":"52","muni":"399","name":"LA UNIÓN","dep_name":"NARIÑO"},"geometry":{"type":"Polygon","coordinates":[[[-77.1438286534253,1.6777914385157748],[-77.0703795709901,1.674073030108766],[-77.06915541961618,1.6653967438257462],[-77.07894863060754,1.5935075146235782],[-77.06303466274657,1.5538444916154859],[-77.14750110754707,1.5302945717044318],[-77.17810489189507,1.6108600871896188],[-77.23808830921716,1.6579599270117287],[-77.1438286534253,1.6777914385157748]]]}},{"type":"Feature","properties":{"dep":"52","muni":"320","name":"GUAITARILLA","dep_name":"NARIÑO"},"geometry":{"type":"Polygon","coordinates":[[[-77.47924612987944,1.1559747920655603],[-77.47802197850552,1.1175512385264703],[-77.56983333154953,1.092761849146413],[-77.57840239116697,1.1708484256935945],[-77.5735057856713,1.1894404677286383],[-77.56860918017561,1.2080325097636813],[-77.50128085461,1.2191877349847076],[-77.47924612987944,1.1559747920655603]]]}},{"type":"Feature","properties":{"dep":"52","muni":"405","name":"LEIVA","dep_name":"NARIÑO"},"geometry":{"type":"Polygon","coordinates":[[[-77.20258791937349,1.9517141911654123],[-77.2943992724175,1.8314856526721321],[-77.41069365293991,1.888501248246265],[-77.39600383645286,1.9827009278904848],[-77.31031324027846,1.9678272942624497],[-77.35193438699174,2.0533506876236487],[-77.30908908890453,2.1252399168258167],[-77.33234796500902,2.04963227921664],[-77.20258791937349,1.9517141911654123]]]}},{"type":"Feature","properties":{"dep":"52","muni":"323","name":"GUALMATÁN","dep_name":"NARIÑO"},"geometry":{"type":"Polygon","coordinates":[[[-77.57595408841914,0.9564202075560955],[-77.55147106094074,0.9031230203889713],[-77.56983333154953,0.8956862035749538],[-77.58941975353225,0.9750122495911384],[-77.57595408841914,0.9564202075560955]]]}},{"type":"Feature","properties":{"dep":"52","muni":"352","name":"ILES","dep_name":"NARIÑO"},"geometry":{"type":"Polygon","coordinates":[[[-77.47434952438377,1.0221120894132483],[-77.470677070262,0.9489833907420779],[-77.57595408841914,0.9564202075560955],[-77.58941975353225,0.9750122495911384],[-77.59554051040186,0.992364822157179],[-77.49638424911433,1.0245910283512538],[-77.47434952438377,1.0221120894132483]]]}},{"type":"Feature","properties":{"dep":"52","muni":"354","name":"IMUÉS","dep_name":"NARIÑO"},"geometry":{"type":"Polygon","coordinates":[[[-77.44741819415752,1.0555777650763263],[-77.47434952438377,1.0221120894132483],[-77.49638424911433,1.0245910283512538],[-77.55881596918425,1.0716908681733637],[-77.56983333154953,1.092761849146413],[-77.47802197850552,1.1175512385264703],[-77.44741819415752,1.0555777650763263]]]}},{"type":"Feature","properties":{"dep":"52","muni":"356","name":"IPIALES","dep_name":"NARIÑO"},"geometry":{"type":"Polygon","coordinates":[[[-77.53800539582761,0.8956862035749538],[-77.54167784994937,0.8919677951679459],[-77.55759181781033,0.8411495469388273],[-77.63838580848906,0.7395130504805909],[-77.59309220765402,0.7246394168525558],[-77.51597067109705,0.7556261535776283],[-77.46088385927064,0.7432314588875988],[-77.3862106254615,0.6267213288013282],[-77.18667395151252,0.630439737208337],[-77.12791468556435,0.6019319394212701],[-77.13036298831219,0.525084832343091],[-77.08996599297282,0.4197299274778459],[-77.1132248690773,0.3726300876557369],[-77.29684757516533,0.3651932708417194],[-77.3250030567655,0.3875037212837711],[-77.52331557934058,0.4160115190708371],[-77.52209142796664,0.5312821796881062],[-77.48536688674905,0.6564685960573975],[-77.56371257467994,0.6515107181813855],[-77.69714507443724,0.7543866841086251],[-77.68490356069803,0.8287548522487986],[-77.68490356069803,0.8374311385318185],[-77.67266204695883,0.8659389363188845],[-77.61512693238458,0.8560231805668614],[-77.56983333154953,0.8956862035749538],[-77.55147106094074,0.9031230203889713],[-77.53800539582761,0.8956862035749538]]]}},{"type":"Feature","properties":{"dep":"52","muni":"227","name":"CUMBAL","dep_name":"NARIÑO"},"geometry":{"type":"Polygon","coordinates":[[[-77.79874963847261,0.9985621695021933],[-77.77426661099422,0.9179966540170064],[-77.75835264313325,0.8386706080008217],[-77.86730211541214,0.8014865239307349],[-77.96523422532576,0.8237969743727867],[-78.03378670226529,0.8795731004779164],[-78.19659883499668,0.9489833907420779],[-78.20884034873588,1.0047595168472077],[-77.91626817036895,1.077888215518378],[-77.79874963847261,0.9985621695021933]]]}},{"type":"Feature","properties":{"dep":"52","muni":"233","name":"CUMBITARA","dep_name":"NARIÑO"},"geometry":{"type":"Polygon","coordinates":[[[-77.60900617551499,1.8723881451492277],[-77.59554051040186,1.7608358929389683],[-77.52943633621017,1.741004381434922],[-77.48047028125336,1.602183800906599],[-77.60043711589755,1.6009443314375957],[-77.61145447826283,1.6666362132947485],[-77.65919638184572,1.7013413584268298],[-77.65307562497611,1.8004989159470606],[-77.7130590422982,1.8153725495750948],[-77.68123110657628,1.8959380650602826],[-77.67143789558492,1.9033748818743002],[-77.60900617551499,1.8723881451492277]]]}},{"type":"Feature","properties":{"dep":"52","muni":"256","name":"EL ROSARIO","dep_name":"NARIÑO"},"geometry":{"type":"Polygon","coordinates":[[[-77.39600383645286,1.9827009278904848],[-77.41069365293991,1.888501248246265],[-77.2943992724175,1.8314856526721321],[-77.2943992724175,1.7657937708149793],[-77.32989966226118,1.6815098469227836],[-77.35438268973958,1.669115152232755],[-77.44129743728791,1.8091752022300804],[-77.60900617551499,1.8723881451492277],[-77.67143789558492,1.9033748818743002],[-77.60166126727147,1.940558965944386],[-77.51352236834921,1.907093290281309],[-77.49393594636649,1.9579115385104267],[-77.39600383645286,1.9827009278904848]]]}},{"type":"Feature","properties":{"dep":"52","muni":"385","name":"LA LLANADA","dep_name":"NARIÑO"},"geometry":{"type":"Polygon","coordinates":[[[-77.53433294170586,1.4484895867502408],[-77.55024690956681,1.4336159531222066],[-77.57840239116697,1.4298975447151978],[-77.64450656535867,1.5290551022354286],[-77.73754206977661,1.5104630602003857],[-77.84281908793375,1.5947469840925814],[-77.86485381266431,1.6170574345346331],[-77.82935342282062,1.6616783354187374],[-77.67266204695883,1.545168205332466],[-77.5979888131497,1.578633880995544],[-77.5918680562801,1.5141814686073936],[-77.53433294170586,1.4484895867502408]]]}},{"type":"Feature","properties":{"dep":"52","muni":"418","name":"LOS ANDES","dep_name":"NARIÑO"},"geometry":{"type":"Polygon","coordinates":[[[-77.7130590422982,1.8153725495750948],[-77.65307562497611,1.8004989159470606],[-77.65919638184572,1.7013413584268298],[-77.61145447826283,1.6666362132947485],[-77.60043711589755,1.6009443314375957],[-77.48047028125336,1.602183800906599],[-77.4461940427836,1.5873101672785639],[-77.47434952438377,1.5055051823243737],[-77.53433294170586,1.4484895867502408],[-77.5918680562801,1.5141814686073936],[-77.5979888131497,1.578633880995544],[-77.67266204695883,1.545168205332466],[-77.82935342282062,1.6616783354187374],[-77.86485381266431,1.6170574345346331],[-77.92361307861248,1.6678756827637518],[-77.87464702365567,1.8029778548850661],[-77.79630133572478,1.8537961031141847],[-77.73386961565484,1.8674302672732166],[-77.7130590422982,1.8153725495750948]]]}},{"type":"Feature","properties":{"dep":"52","muni":"540","name":"POLICARPA","dep_name":"NARIÑO"},"geometry":{"type":"Polygon","coordinates":[[[-77.35438268973958,1.669115152232755],[-77.39600383645286,1.6059022093136077],[-77.4461940427836,1.5873101672785639],[-77.48047028125336,1.602183800906599],[-77.52943633621017,1.741004381434922],[-77.59554051040186,1.7608358929389683],[-77.60900617551499,1.8723881451492277],[-77.44129743728791,1.8091752022300804],[-77.35438268973958,1.669115152232755]]]}},{"type":"Feature","properties":{"dep":"52","muni":"612","name":"RICAURTE","dep_name":"NARIÑO"},"geometry":{"type":"Polygon","coordinates":[[[-77.91626817036895,1.077888215518378],[-78.20884034873588,1.0047595168472077],[-78.2700479174319,1.0469014787933064],[-78.29085849078854,1.1386222194995197],[-78.1072357847005,1.206793040294678],[-78.02889009676962,1.2501744717097791],[-78.04970067012626,1.3778398270170769],[-78.00930367478689,1.426179136308189],[-77.92116477586464,1.401389746928131],[-77.87464702365567,1.4893920792273363],[-77.8403707851859,1.4633632203782758],[-77.8464915420555,1.3790792964860792],[-77.92728553273423,1.2414981854267593],[-77.97747573906497,1.1993562234806614],[-77.91626817036895,1.077888215518378]]]}},{"type":"Feature","properties":{"dep":"52","muni":"079","name":"BARBACOAS","dep_name":"NARIÑO"},"geometry":{"type":"Polygon","coordinates":[[[-77.86485381266431,1.6170574345346331],[-77.84281908793375,1.5947469840925814],[-77.87464702365567,1.4893920792273363],[-77.92116477586464,1.401389746928131],[-78.00930367478689,1.426179136308189],[-78.04970067012626,1.3778398270170769],[-78.02889009676962,1.2501744717097791],[-78.1072357847005,1.206793040294678],[-78.29085849078854,1.1386222194995197],[-78.31411736689302,1.1906799371976406],[-78.41817023367624,1.159693200472569],[-78.50998158672026,1.1894404677286383],[-78.48672271061577,1.34065574294699],[-78.46591213725912,1.3840371743620912],[-78.37042833009335,1.4125449721491572],[-78.26270300918837,1.3902345217071055],[-78.26882376605798,1.5476471442704716],[-78.25658225231876,1.6282126597556594],[-78.23332337621429,1.731088625682899],[-78.20516789461412,1.7013413584268298],[-78.07173539485682,1.7348070340899078],[-78.00807952341297,1.726130747806887],[-77.95176856021264,1.7794279349740112],[-77.79630133572478,1.8537961031141847],[-77.87464702365567,1.8029778548850661],[-77.92361307861248,1.6678756827637518],[-77.86485381266431,1.6170574345346331]]]}},{"type":"Feature","properties":{"dep":"52","muni":"250","name":"EL CHARCO","dep_name":"NARIÑO"},"geometry":{"type":"Polygon","coordinates":[[[-78.11335654157011,2.6433381548690225],[-78.0521489728741,2.4338678146075345],[-77.9493202574648,2.297526173017218],[-77.91504401899503,2.22563694381505],[-77.94075119784736,2.1611845314269003],[-77.8281292714467,2.044674401340629],[-77.72407640466348,1.9913772141735047],[-77.65429977635003,2.0236034203675795],[-77.58329899666266,2.0248428898365827],[-77.59921296452362,2.1673818787719146],[-77.55391936368858,2.202087023903995],[-77.48781518949689,2.1946502070899783],[-77.45965970789672,2.2863709477961915],[-77.37519326309622,2.26406049735414],[-77.32255475401766,2.221918535408041],[-77.30541663478277,2.145071428329863],[-77.30908908890453,2.1252399168258167],[-77.35193438699174,2.0533506876236487],[-77.31031324027846,1.9678272942624497],[-77.39600383645286,1.9827009278904848],[-77.49393594636649,1.9579115385104267],[-77.51352236834921,1.907093290281309],[-77.60166126727147,1.940558965944386],[-77.67143789558492,1.9033748818743002],[-77.68123110657628,1.8959380650602826],[-77.69959337718508,1.9157695765643288],[-77.83057757419454,1.9232063933783463],[-77.90402665662975,2.084337424348721],[-78.09132181683954,2.0769006075347036],[-78.18313316988356,2.1103662831977816],[-78.15865014240515,2.4251915283245147],[-78.18680562400532,2.593759376108907],[-78.22475431659684,2.6668880747800774],[-78.1427361745442,2.6805222389391092],[-78.11335654157011,2.6433381548690225]]]}},{"type":"Feature","properties":{"dep":"52","muni":"390","name":"LA TOLA","dep_name":"NARIÑO"},"geometry":{"type":"Polygon","coordinates":[[[-78.18313316988356,2.1103662831977816],[-78.20761619736196,2.0347586455886058],[-78.21740940835332,2.3669364632813794],[-78.19904713774451,2.4251915283245147],[-78.31044491277126,2.6582117884970566],[-78.22475431659684,2.6668880747800774],[-78.18680562400532,2.593759376108907],[-78.15865014240515,2.4251915283245147],[-78.18313316988356,2.1103662831977816]]]}},{"type":"Feature","properties":{"dep":"52","muni":"427","name":"MAGÜÍ","dep_name":"NARIÑO"},"geometry":{"type":"Polygon","coordinates":[[[-77.68123110657628,1.8959380650602826],[-77.7130590422982,1.8153725495750948],[-77.73386961565484,1.8674302672732166],[-77.79630133572478,1.8537961031141847],[-77.95176856021264,1.7794279349740112],[-78.00807952341297,1.726130747806887],[-78.07173539485682,1.7348070340899078],[-78.20516789461412,1.7013413584268298],[-78.23332337621429,1.731088625682899],[-78.26147885781445,1.7657937708149793],[-78.27616867430149,1.8971775345292858],[-78.27127206880581,2.017406073022565],[-78.20761619736196,2.0347586455886058],[-78.18313316988356,2.1103662831977816],[-78.09132181683954,2.0769006075347036],[-77.90402665662975,2.084337424348721],[-77.83057757419454,1.9232063933783463],[-77.69959337718508,1.9157695765643288],[-77.68123110657628,1.8959380650602826]]]}},{"type":"Feature","properties":{"dep":"52","muni":"473","name":"MOSQUERA","dep_name":"NARIÑO"},"geometry":{"type":"Polygon","coordinates":[[[-78.32635888063223,2.6569723190280543],[-78.30554830727557,2.5392227194727797],[-78.42551514191976,2.2727367836371597],[-78.3851181465804,2.193410737620975],[-78.46958459138088,2.250426333195108],[-78.5001883757289,2.2776946615131717],[-78.55894764167707,2.3185971539902663],[-78.56384424717274,2.432628345138532],[-78.55037858205962,2.4921228796506707],[-78.32635888063223,2.6569723190280543]]]}},{"type":"Feature","properties":{"dep":"52","muni":"490","name":"OLAYA HERRERA","dep_name":"NARIÑO"},"geometry":{"type":"Polygon","coordinates":[[[-78.20761619736196,2.0347586455886058],[-78.27127206880581,2.017406073022565],[-78.35084190811062,2.08805583275573],[-78.3851181465804,2.193410737620975],[-78.42551514191976,2.2727367836371597],[-78.30554830727557,2.5392227194727797],[-78.32635888063223,2.6569723190280543],[-78.31044491277126,2.6582117884970566],[-78.19904713774451,2.4251915283245147],[-78.21740940835332,2.3669364632813794],[-78.20761619736196,2.0347586455886058]]]}},{"type":"Feature","properties":{"dep":"52","muni":"520","name":"FRANCISCO PIZARRO","dep_name":"NARIÑO"},"geometry":{"type":"Polygon","coordinates":[[[-78.46958459138088,2.250426333195108],[-78.52956800870298,2.131437264170831],[-78.51732649496377,2.0347586455886058],[-78.55160273343354,1.8984170039982882],[-78.58710312327723,1.9727851721384617],[-78.67156956807771,2.031040237181597],[-78.71319071479101,2.164902939833909],[-78.7009492010518,2.2144817185940244],[-78.62627596724268,2.1872133902759607],[-78.55649933892921,2.193410737620975],[-78.5001883757289,2.2776946615131717],[-78.46958459138088,2.250426333195108]]]}},{"type":"Feature","properties":{"dep":"52","muni":"621","name":"ROBERTO PAYÁN","dep_name":"NARIÑO"},"geometry":{"type":"Polygon","coordinates":[[[-78.3851181465804,2.193410737620975],[-78.35084190811062,2.08805583275573],[-78.27127206880581,2.017406073022565],[-78.27616867430149,1.8971775345292858],[-78.26147885781445,1.7657937708149793],[-78.23332337621429,1.731088625682899],[-78.25658225231876,1.6282126597556594],[-78.32880718338006,1.5649997168365122],[-78.3973596603196,1.7273702172758902],[-78.47080874275481,1.7868647517880287],[-78.46713628863304,1.907093290281309],[-78.53446461419865,1.9703062332004553],[-78.51732649496377,2.0347586455886058],[-78.52956800870298,2.131437264170831],[-78.46958459138088,2.250426333195108],[-78.3851181465804,2.193410737620975]]]}},{"type":"Feature","properties":{"dep":"52","muni":"696","name":"SANTA BÁRBARA","dep_name":"NARIÑO"},"geometry":{"type":"Polygon","coordinates":[[[-77.92850968410815,2.640859215931017],[-77.91749232174287,2.411557364165483],[-77.84771569342942,2.260342088947131],[-77.83547417969022,2.1760581650549344],[-77.73386961565484,2.1339162031088366],[-77.59921296452362,2.1673818787719146],[-77.58329899666266,2.0248428898365827],[-77.65429977635003,2.0236034203675795],[-77.72407640466348,1.9913772141735047],[-77.8281292714467,2.044674401340629],[-77.94075119784736,2.1611845314269003],[-77.91504401899503,2.22563694381505],[-77.9493202574648,2.297526173017218],[-78.0521489728741,2.4338678146075345],[-78.11335654157011,2.6433381548690225],[-78.0582697297437,2.617309296019962],[-77.97257913356928,2.660690727435063],[-77.92850968410815,2.640859215931017]]]}},{"type":"Feature","properties":{"dep":"94","muni":"001","name":"INÍRIDA","dep_name":"GUAINÍA"},"geometry":{"type":"Polygon","coordinates":[[[-67.58198227173462,3.752663329626605],[-67.53791282227348,3.674576753079423],[-67.55872339563014,3.6150822185672844],[-67.65787965691767,3.5357561725510998],[-67.76682912919657,3.4725432296319525],[-67.84639896850138,3.389498775208759],[-67.84027821163178,3.2568755420254503],[-67.79008800530106,3.232086152645393],[-67.77907064293578,3.1478022287531964],[-67.87333029872762,3.1391259424701765],[-68.05940130756349,3.08458928583405],[-68.15243681198143,3.089547163710061],[-68.17324738533807,2.9866711977828215],[-68.32871460982594,3.0188974039768963],[-68.45235389859188,2.9717975641547874],[-68.51723392140966,2.9061056822976346],[-68.91263481518588,2.6854801168151203],[-69.04484316356925,2.5949988455779103],[-69.11094733776095,2.60367513186093],[-69.15991339271775,2.4958412880576795],[-69.17705151195264,2.3632180548743706],[-69.18806887431792,2.3632180548743706],[-69.35577761254498,2.7710035101763193],[-69.41820933261492,2.8676821287585446],[-69.38760554826692,2.997826423003848],[-69.27988022736194,3.094505041586073],[-69.15746508996992,3.160196923443226],[-69.125637154248,3.2097757022033413],[-69.04729146631709,3.1862257822922864],[-68.97873898937758,3.2060572937963325],[-68.90651405831628,3.2767070535294964],[-68.80858194840266,3.341159465917647],[-68.52090637553141,3.4452749013138897],[-68.4841818343138,3.5097273137020393],[-68.5502860085055,3.5481508672411284],[-68.68616681101064,3.5407140504271117],[-68.83796158137675,3.670858344672414],[-68.75349513657625,3.7836500663516777],[-68.70942568711513,3.7675369632546394],[-68.58945885247094,3.7774527190066625],[-68.57354488460999,3.8109183946697396],[-68.4535780499658,3.8381867229878033],[-68.42052596286996,3.9261890552870096],[-68.34707688043474,3.923710116349003],[-68.3140247933389,3.9782467729851305],[-68.23200665128624,3.9732888951091176],[-68.04348733970254,4.011712448648208],[-67.87945105559723,3.917512769003988],[-67.81946763827514,3.979486242454133],[-67.7080698632484,4.0451781243112865],[-67.69215589538743,3.9361048110390318],[-67.61258605608262,3.7551422685646108],[-67.58198227173462,3.752663329626605]]]}},{"type":"Feature","properties":{"dep":"94","muni":"343","name":"BARRANCOMINAS","dep_name":"GUAINÍA"},"geometry":{"type":"Polygon","coordinates":[[[-68.83796158137675,3.670858344672414],[-68.68616681101064,3.5407140504271117],[-68.5502860085055,3.5481508672411284],[-68.4841818343138,3.5097273137020393],[-68.52090637553141,3.4452749013138897],[-68.80858194840266,3.341159465917647],[-68.90651405831628,3.2767070535294964],[-68.97873898937758,3.2060572937963325],[-69.04729146631709,3.1862257822922864],[-69.125637154248,3.2097757022033413],[-69.15746508996992,3.160196923443226],[-69.27988022736194,3.094505041586073],[-69.38760554826692,2.997826423003848],[-69.41820933261492,2.8676821287585446],[-69.51858974527637,2.885034701324585],[-69.58346976809415,2.8528084951305104],[-69.71322981372968,2.8614847814135302],[-69.77198907967787,2.783398204866349],[-69.75362680906906,2.7189457924781983],[-69.87604194646107,2.6966353420361466],[-69.87604194646107,2.8999083349526193],[-69.97887066187037,3.1527601066292084],[-70.05354389567951,3.3969355920227766],[-69.9984570838531,3.3733856721117217],[-69.87359364371324,3.43288020662386],[-69.87236949233932,3.5357561725510998],[-69.77566153379962,3.565503439807169],[-69.69119508899912,3.5444324588341205],[-69.57857316259847,3.603926993346259],[-69.56021089198967,3.6782951614864317],[-69.42433008948453,3.6671399362654054],[-69.3202772227013,3.6956477340524723],[-69.12808545699583,3.6733372836104206],[-69.05586052593455,3.6386321384783393],[-69.01179107647341,3.6820135698934404],[-68.85142724648986,3.699366142459481],[-68.83796158137675,3.670858344672414]]]}},{"type":"Feature","properties":{"dep":"94","muni":"663","name":"MAPIRIPANA","dep_name":"GUAINÍA"},"geometry":{"type":"Polygon","coordinates":[[[-70.05354389567951,3.3969355920227766],[-69.97887066187037,3.1527601066292084],[-69.87604194646107,2.8999083349526193],[-69.87604194646107,2.6966353420361466],[-69.9984570838531,2.6916774641601346],[-69.9984570838531,2.5330253721277654],[-70.09638919376671,2.5193912079687335],[-70.24206320726321,2.5949988455779103],[-70.31306398695058,2.565251578321841],[-70.38161646389011,2.6049146013299334],[-70.45506554632533,2.4760097765536333],[-70.58482559196088,2.5293069637207566],[-70.58727389470872,2.46609402080161],[-70.6350157982916,2.3483444212463356],[-70.70724072935289,2.4722913681466245],[-70.76599999530106,2.5392227194727797],[-70.84801813735372,2.5677305172598466],[-70.91657061429325,2.560293700445829],[-70.94227779314556,2.6061540707989357],[-70.5015832985343,2.78835608274236],[-70.35101267954211,2.860245311944527],[-70.3559092850378,2.903626743359628],[-70.28001189985474,2.9346134800847006],[-70.25552887237635,3.0387289154809425],[-70.2836843539765,3.1292101867181534],[-70.24695981275889,3.1763100265402633],[-70.12821712948863,3.203578354858327],[-70.15759676246272,3.2816649314055084],[-70.11230316162768,3.3857803668017503],[-70.05354389567951,3.3969355920227766]]]}},{"type":"Feature","properties":{"dep":"94","muni":"883","name":"SAN FELIPE","dep_name":"GUAINÍA"},"geometry":{"type":"Polygon","coordinates":[[[-67.33592784557666,2.5007991659336906],[-67.29797915298514,2.4425441008905553],[-67.18780552933231,2.350823360184341],[-67.22085761642816,2.250426333195108],[-67.16209835048,2.1326767336398333],[-67.1143564468971,2.1339162031088366],[-67.09721832766222,2.050871748685643],[-67.12292550651455,1.9802219889524784],[-67.07151114880989,1.9343616185993717],[-67.03356245621836,1.7868647517880287],[-66.98582055263549,1.6864677247987947],[-67.14373607987119,1.6046627398446045],[-67.13394286887983,1.7955410380710486],[-67.20004704307152,1.8513171641761783],[-67.22697837329775,1.91205116815732],[-67.30287575848081,1.9008959429362937],[-67.34694520794194,1.9851798668284903],[-67.3567384189333,2.111605752666785],[-67.32980708870706,2.146310897798865],[-67.3689799326725,2.2157211880630268],[-67.41794598762931,2.2206790659390387],[-67.44977392335124,2.168621348240918],[-67.51098149204725,2.163663470364906],[-67.5868788772303,2.121521508418808],[-67.60156869371734,2.0434349318716256],[-67.6774660789004,2.0087297867395453],[-67.63217247806534,2.2615815584161334],[-67.6774660789004,2.330991848680295],[-67.66644871653511,2.4586572039875927],[-67.62727587256967,2.473530837615627],[-67.53791282227348,2.446262509297564],[-67.33592784557666,2.5007991659336906]]]}},{"type":"Feature","properties":{"dep":"94","muni":"884","name":"PUERTO COLOMBIA","dep_name":"GUAINÍA"},"geometry":{"type":"Polygon","coordinates":[[[-67.51587809754292,3.17507055707126],[-67.86231293636234,2.865203189820539],[-67.82191594102298,2.82677963628145],[-67.65787965691767,2.7970323690253807],[-67.62115511570006,2.8143849415914204],[-67.5623958497519,2.721424731416204],[-67.5685166066215,2.6681275442490797],[-67.48649846456884,2.6668880747800774],[-67.47058449670789,2.6247461128339795],[-67.39101465740306,2.5714489256668553],[-67.33592784557666,2.5007991659336906],[-67.53791282227348,2.446262509297564],[-67.62727587256967,2.473530837615627],[-67.66644871653511,2.4586572039875927],[-67.6774660789004,2.330991848680295],[-67.63217247806534,2.2615815584161334],[-67.6774660789004,2.0087297867395453],[-67.77539818881401,2.012448195146554],[-67.8843476610929,1.8946985955912794],[-67.9076065371974,1.8042173243540693],[-68.10347075702462,1.9083327597503112],[-68.1450919037379,1.9727851721384617],[-68.2173168347992,1.9653483553244442],[-68.25526552739073,2.022363950898577],[-68.22466174304273,2.1041689358527673],[-68.27117949525169,2.1772976345239377],[-68.32381800433026,2.09673211903875],[-68.56375167361863,2.064505912844675],[-68.76328834756761,2.1202820389498047],[-68.8232717648897,2.0806190159417124],[-68.85020309511594,2.1289583252328255],[-68.82816837038538,2.26406049735414],[-68.78165061817641,2.2727367836371597],[-68.73880532008921,2.3347102570873037],[-68.7987887374113,2.4251915283245147],[-68.98853220036892,2.3904863831924335],[-69.0595329800563,2.327273440273287],[-69.17705151195264,2.3632180548743706],[-69.15991339271775,2.4958412880576795],[-69.11094733776095,2.60367513186093],[-69.04484316356925,2.5949988455779103],[-68.91263481518588,2.6854801168151203],[-68.51723392140966,2.9061056822976346],[-68.45235389859188,2.9717975641547874],[-68.32871460982594,3.0188974039768963],[-68.17324738533807,2.9866711977828215],[-68.15243681198143,3.089547163710061],[-68.05940130756349,3.08458928583405],[-67.87333029872762,3.1391259424701765],[-67.77907064293578,3.1478022287531964],[-67.70684571187448,3.131689125656159],[-67.51587809754292,3.17507055707126]]]}},{"type":"Feature","properties":{"dep":"94","muni":"885","name":"LA GUADALUPE","dep_name":"GUAINÍA"},"geometry":{"type":"Polygon","coordinates":[[[-67.14373607987119,1.6046627398446045],[-66.98582055263549,1.6864677247987947],[-66.96378582790491,1.597225923030587],[-66.92094052981771,1.5315340411734342],[-66.91237147020027,1.4274186057771923],[-66.85606050699994,1.369163540734056],[-66.88054353447835,1.2898374947178715],[-66.85728465837386,1.2278640212677274],[-67.08864926804478,1.1658905478175834],[-67.10089078178397,1.2600902274618022],[-67.15597759361039,1.3171058230359352],[-67.07518360293166,1.3728819491410649],[-67.07885605705341,1.473278976130299],[-67.11313229552319,1.5947469840925814],[-67.14373607987119,1.6046627398446045]]]}},{"type":"Feature","properties":{"dep":"94","muni":"886","name":"CACAHUAL","dep_name":"GUAINÍA"},"geometry":{"type":"Polygon","coordinates":[[[-67.51587809754292,3.17507055707126],[-67.70684571187448,3.131689125656159],[-67.77907064293578,3.1478022287531964],[-67.79008800530106,3.232086152645393],[-67.84027821163178,3.2568755420254503],[-67.84639896850138,3.389498775208759],[-67.76682912919657,3.4725432296319525],[-67.65787965691767,3.5357561725510998],[-67.55872339563014,3.6150822185672844],[-67.53791282227348,3.674576753079423],[-67.58198227173462,3.752663329626605],[-67.50118828105589,3.7675369632546394],[-67.43875656098595,3.6398716079473425],[-67.44365316648164,3.585334951311215],[-67.40203201976834,3.47998004644597],[-67.33960029969842,3.451472248658904],[-67.31266896947217,3.394456653084771],[-67.33470369420274,3.3349621185726326],[-67.51587809754292,3.17507055707126]]]}},{"type":"Feature","properties":{"dep":"94","muni":"887","name":"PANA PANA","dep_name":"GUAINÍA"},"geometry":{"type":"Polygon","coordinates":[[[-68.2173168347992,1.9653483553244442],[-68.28464516036482,1.8364435305481441],[-68.23200665128624,1.8203304274511067],[-68.16345417434671,1.7273702172758902],[-68.81347855389834,1.7273702172758902],[-69.39372630513651,1.726130747806887],[-69.53450371313734,1.7769489960360056],[-69.64467733679015,1.7298491562138958],[-69.74505774945162,1.7298491562138958],[-69.7805581392953,1.6951440110818154],[-69.84543816211307,1.7137360531168584],[-69.86869703821756,1.7186939309928704],[-70.05476804705343,1.7769489960360056],[-70.14902770284527,1.8674302672732166],[-70.16371751933232,1.9194879849713375],[-70.08047522590574,1.926924801785355],[-70.06211295529695,1.9827009278904848],[-69.93724951515708,2.0136876646155564],[-69.91766309317435,1.9950956225805134],[-69.74016114395593,1.9727851721384617],[-69.6716086670164,2.0000535004565245],[-69.50879653428501,2.2231580048770443],[-69.48676180955445,2.3297523792112926],[-69.42188178673668,2.35454176859135],[-69.3802606400234,2.3099208677072465],[-69.29824249797073,2.3185971539902663],[-69.18806887431792,2.3632180548743706],[-69.17705151195264,2.3632180548743706],[-69.0595329800563,2.327273440273287],[-68.98853220036892,2.3904863831924335],[-68.7987887374113,2.4251915283245147],[-68.73880532008921,2.3347102570873037],[-68.78165061817641,2.2727367836371597],[-68.82816837038538,2.26406049735414],[-68.85020309511594,2.1289583252328255],[-68.8232717648897,2.0806190159417124],[-68.76328834756761,2.1202820389498047],[-68.56375167361863,2.064505912844675],[-68.32381800433026,2.09673211903875],[-68.27117949525169,2.1772976345239377],[-68.22466174304273,2.1041689358527673],[-68.25526552739073,2.022363950898577],[-68.2173168347992,1.9653483553244442]]]}},{"type":"Feature","properties":{"dep":"94","muni":"888","name":"MORICHAL","dep_name":"GUAINÍA"},"geometry":{"type":"Polygon","coordinates":[[[-69.41820933261492,2.8676821287585446],[-69.35577761254498,2.7710035101763193],[-69.18806887431792,2.3632180548743706],[-69.29824249797073,2.3185971539902663],[-69.3802606400234,2.3099208677072465],[-69.42188178673668,2.35454176859135],[-69.48676180955445,2.3297523792112926],[-69.50879653428501,2.2231580048770443],[-69.6716086670164,2.0000535004565245],[-69.74016114395593,1.9727851721384617],[-69.91766309317435,1.9950956225805134],[-69.93724951515708,2.0136876646155564],[-70.06211295529695,1.9827009278904848],[-70.08047522590574,1.926924801785355],[-70.16371751933232,1.9194879849713375],[-70.11475146437552,1.9988140309875222],[-70.10985485887983,2.0806190159417124],[-70.1012857992624,2.117803100011799],[-69.99600878110526,2.2243974743460475],[-70.07068201491438,2.2913288256722026],[-70.18942469818465,2.231834291160064],[-70.25185641825458,2.26406049735414],[-70.31061568420274,2.20828437124901],[-70.42691006472516,2.2677789057611486],[-70.49668669303861,2.2343132300980706],[-70.54320444524758,2.2801736004511772],[-70.63011919279592,2.312399806645252],[-70.6350157982916,2.3483444212463356],[-70.58727389470872,2.46609402080161],[-70.58482559196088,2.5293069637207566],[-70.45506554632533,2.4760097765536333],[-70.38161646389011,2.6049146013299334],[-70.31306398695058,2.565251578321841],[-70.24206320726321,2.5949988455779103],[-70.09638919376671,2.5193912079687335],[-69.9984570838531,2.5330253721277654],[-69.9984570838531,2.6916774641601346],[-69.87604194646107,2.6966353420361466],[-69.75362680906906,2.7189457924781983],[-69.77198907967787,2.783398204866349],[-69.71322981372968,2.8614847814135302],[-69.58346976809415,2.8528084951305104],[-69.51858974527637,2.885034701324585],[-69.41820933261492,2.8676821287585446]]]}},{"type":"Feature","properties":{"dep":"99","muni":"624","name":"SANTA ROSALÍA","dep_name":"VICHADA"},"geometry":{"type":"Polygon","coordinates":[[[-70.65215391752648,5.373889395082379],[-70.1979937578021,4.883059485357236],[-70.24573566138497,4.827283359252107],[-70.35346098228996,4.747957313235922],[-70.4171168537338,4.767788824739968],[-70.47710027105589,4.7120126986348385],[-70.64480900928297,4.772746702615979],[-70.69132676149192,4.806212378279058],[-70.80027623377083,4.783901927837006],[-70.89086343544092,4.817367603500083],[-70.99981290771981,4.749196782704924],[-71.0781585956507,4.726886332262874],[-71.0781585956507,4.899172588454274],[-71.00226121046767,4.979738103939461],[-70.9741057288675,5.080135130928696],[-70.91289816017148,5.1408691349098365],[-70.86515625658859,5.143348073847843],[-70.69377506423977,5.2834081238451684],[-70.65215391752648,5.373889395082379]]]}},{"type":"Feature","properties":{"dep":"99","muni":"001","name":"PUERTO CARREÑO","dep_name":"VICHADA"},"geometry":{"type":"Polygon","coordinates":[[[-67.81457103277945,5.342902658357307],[-67.85129557399706,5.377607803489388],[-67.91250314269307,5.361494700392351],[-67.94555522978892,5.306958043756223],[-67.99452128474573,5.366452578268362],[-68.08878094053759,5.377607803489388],[-68.1867130504512,5.4358628685325225],[-68.30055912822577,5.440820746408535],[-68.3262663070781,5.501554750389676],[-68.46459541233108,5.525104670300731],[-68.47683692607029,5.562288754370817],[-68.63107999918424,5.50775209773469],[-68.7498226824545,5.3924814371174215],[-68.81592685664619,5.418510295966483],[-68.81347855389834,6.173347202589239],[-68.64332151292344,6.128726301705136],[-68.59680376071447,6.163431446837217],[-68.37890481615668,6.185741897279268],[-68.2956625227301,6.165910385775222],[-68.25771383013857,6.196897122500294],[-68.09367754603326,6.2316022676323755],[-68.02634922046765,6.196897122500294],[-67.92474465643227,6.240278553915395],[-67.8353816061361,6.317125660993575],[-67.7692774319444,6.294815210551523],[-67.61503435883046,6.287378393737505],[-67.53424036815173,6.258870595950439],[-67.45711883159476,6.189460305686277],[-67.49384337281236,6.1274868322361336],[-67.41182523075972,6.010976702149861],[-67.41794598762931,5.982468904362795],[-67.52444715716037,5.910579675160628],[-67.58932717997814,5.838690445958461],[-67.63094832669142,5.733335541093215],[-67.63706908356103,5.6453332087940105],[-67.5991203909695,5.544936181804777],[-67.62482756982183,5.476765361009619],[-67.81457103277945,5.342902658357307]]]}},{"type":"Feature","properties":{"dep":"99","muni":"524","name":"LA PRIMAVERA","dep_name":"VICHADA"},"geometry":{"type":"Polygon","coordinates":[[[-68.81347855389834,6.173347202589239],[-68.81592685664619,5.418510295966483],[-68.90039330144667,5.352818414109329],[-69.02403259021261,5.325550085791267],[-69.0950333699,5.269773959686136],[-69.156240938596,5.174334810572914],[-69.27008701637058,5.191687383138955],[-69.39495045651043,5.171855871634909],[-69.43045084635412,5.031795821637582],[-69.51246898840678,4.98345651234647],[-69.56510749748534,4.915285691551311],[-69.66426375877288,4.915285691551311],[-69.70466075411224,4.884298954826239],[-69.8050411667737,4.892975241109259],[-69.82707589150426,4.963625000842423],[-69.8895076115742,4.963625000842423],[-70.06211295529695,4.917764630489318],[-70.10495825338415,4.890496302171254],[-70.1979937578021,4.883059485357236],[-70.65215391752648,5.373889395082379],[-70.6044120139436,5.422228704373492],[-70.35835758778563,5.587078143750874],[-70.26409793199377,5.563528223839821],[-70.15270015696704,5.600712307909907],[-70.05721634980127,5.702348804368144],[-69.8478864648609,5.998582007459833],[-69.83564495112171,6.040723969405931],[-69.61407355244215,6.03576609152992],[-69.53572786451126,6.0456818472819425],[-69.42800254360628,6.107655320732087],[-69.3447602501797,6.144839404802173],[-69.31048401170995,6.090302748166046],[-69.23703492927473,6.080386992414024],[-69.12318885150015,6.191939244624283],[-69.04361901219534,6.221686511880353],[-68.87591027396827,6.167149855244226],[-68.81347855389834,6.173347202589239]]]}},{"type":"Feature","properties":{"dep":"99","muni":"773","name":"CUMARIBO","dep_name":"VICHADA"},"geometry":{"type":"Polygon","coordinates":[[[-67.81457103277945,5.342902658357307],[-67.85007142262315,5.304479104818217],[-67.8231400923969,5.247463509244085],[-67.85496802811882,5.13839019597183],[-67.80600197316201,5.055345741548637],[-67.83782990888395,4.947511897745386],[-67.81824348690122,4.707054820758827],[-67.84517481712746,4.6450813473086825],[-67.85741633086667,4.524852808815403],[-67.79131215667498,4.466597743772267],[-67.76438082644873,4.361242838907021],[-67.80600197316201,4.315382468553915],[-67.79743291354457,4.229859075192715],[-67.73377704210073,4.123264700858467],[-67.7080698632484,4.0451781243112865],[-67.81946763827514,3.979486242454133],[-67.87945105559723,3.917512769003988],[-68.04348733970254,4.011712448648208],[-68.23200665128624,3.9732888951091176],[-68.3140247933389,3.9782467729851305],[-68.34707688043474,3.923710116349003],[-68.42052596286996,3.9261890552870096],[-68.4535780499658,3.8381867229878033],[-68.57354488460999,3.8109183946697396],[-68.58945885247094,3.7774527190066625],[-68.70942568711513,3.7675369632546394],[-68.75349513657625,3.7836500663516777],[-68.83796158137675,3.670858344672414],[-68.85142724648986,3.699366142459481],[-69.01179107647341,3.6820135698934404],[-69.05586052593455,3.6386321384783393],[-69.12808545699583,3.6733372836104206],[-69.3202772227013,3.6956477340524723],[-69.42433008948453,3.6671399362654054],[-69.56021089198967,3.6782951614864317],[-69.57857316259847,3.603926993346259],[-69.69119508899912,3.5444324588341205],[-69.77566153379962,3.565503439807169],[-69.87236949233932,3.5357561725510998],[-69.87359364371324,3.43288020662386],[-69.9984570838531,3.3733856721117217],[-70.05354389567951,3.3969355920227766],[-70.11230316162768,3.3857803668017503],[-70.15759676246272,3.2816649314055084],[-70.12821712948863,3.203578354858327],[-70.24695981275889,3.1763100265402633],[-70.2836843539765,3.1292101867181534],[-70.25552887237635,3.0387289154809425],[-70.28001189985474,2.9346134800847006],[-70.3559092850378,2.903626743359628],[-70.35101267954211,2.860245311944527],[-70.5015832985343,2.78835608274236],[-70.58360144058695,2.840413800440481],[-70.72070639446602,2.749932529203271],[-70.82231095850139,2.813145472122418],[-70.93615703627597,2.78835608274236],[-70.95941591238045,2.8428927393784873],[-71.05489971954623,2.851569025661507],[-71.07693444427679,2.8825557623865796],[-71.0781585956507,3.356033099545681],[-71.0781585956507,3.9732888951091176],[-71.0781585956507,4.726886332262874],[-70.99981290771981,4.749196782704924],[-70.89086343544092,4.817367603500083],[-70.80027623377083,4.783901927837006],[-70.69132676149192,4.806212378279058],[-70.64480900928297,4.772746702615979],[-70.47710027105589,4.7120126986348385],[-70.4171168537338,4.767788824739968],[-70.35346098228996,4.747957313235922],[-70.24573566138497,4.827283359252107],[-70.1979937578021,4.883059485357236],[-70.10495825338415,4.890496302171254],[-70.06211295529695,4.917764630489318],[-69.8895076115742,4.963625000842423],[-69.82707589150426,4.963625000842423],[-69.8050411667737,4.892975241109259],[-69.70466075411224,4.884298954826239],[-69.66426375877288,4.915285691551311],[-69.56510749748534,4.915285691551311],[-69.51246898840678,4.98345651234647],[-69.43045084635412,5.031795821637582],[-69.39495045651043,5.171855871634909],[-69.27008701637058,5.191687383138955],[-69.156240938596,5.174334810572914],[-69.0950333699,5.269773959686136],[-69.02403259021261,5.325550085791267],[-68.90039330144667,5.352818414109329],[-68.81592685664619,5.418510295966483],[-68.7498226824545,5.3924814371174215],[-68.63107999918424,5.50775209773469],[-68.47683692607029,5.562288754370817],[-68.46459541233108,5.525104670300731],[-68.3262663070781,5.501554750389676],[-68.30055912822577,5.440820746408535],[-68.1867130504512,5.4358628685325225],[-68.08878094053759,5.377607803489388],[-67.99452128474573,5.366452578268362],[-67.94555522978892,5.306958043756223],[-67.91250314269307,5.361494700392351],[-67.85129557399706,5.377607803489388],[-67.81457103277945,5.342902658357307]]]}},{"type":"Feature","properties":{"dep":"85","muni":"001","name":"YOPAL","dep_name":"CASANARE"},"geometry":{"type":"Polygon","coordinates":[[[-72.301085818197,5.506512628265687],[-72.22396428164002,5.53749936499076],[-72.20070540553553,5.429665521187509],[-72.09787669012624,5.344142127826309],[-72.08318687363919,5.258618734465111],[-71.9742374013603,5.067740436238665],[-71.98158230960382,5.019401126947553],[-72.08318687363919,4.96610393978043],[-72.15541180470049,4.904130466330285],[-72.30353412094483,5.020640596416557],[-72.3378103594146,5.067740436238665],[-72.41370774459764,5.238787222961065],[-72.50429494626775,5.277210776500153],[-72.56672666633767,5.373889395082379],[-72.58386478557256,5.382565681365399],[-72.50184664351991,5.444539154815544],[-72.44431152894566,5.52014679242472],[-72.39656962536277,5.569725571184835],[-72.301085818197,5.506512628265687]]]}},{"type":"Feature","properties":{"dep":"85","muni":"010","name":"AGUAZUL","dep_name":"CASANARE"},"geometry":{"type":"Polygon","coordinates":[[[-72.3378103594146,5.067740436238665],[-72.34025866216244,5.002048554381513],[-72.48470852428503,4.989653859691485],[-72.44186322619781,4.906609405268291],[-72.4467598316935,4.85455168757017],[-72.50551909764167,4.8979331189852715],[-72.55693345534631,4.977259165001456],[-72.67200368449481,5.002048554381513],[-72.72341804219946,5.050387863672626],[-72.73076295044298,5.153263829599865],[-72.75647012929531,5.184250566324938],[-72.70015916609498,5.2734923680931445],[-72.61936517541625,5.351578944640327],[-72.56672666633767,5.373889395082379],[-72.50429494626775,5.277210776500153],[-72.41370774459764,5.238787222961065],[-72.3378103594146,5.067740436238665]]]}},{"type":"Feature","properties":{"dep":"85","muni":"015","name":"CHÁMEZA","dep_name":"CASANARE"},"geometry":{"type":"Polygon","coordinates":[[[-72.76871164303451,5.178053218979922],[-72.8103327897478,5.128474440219808],[-72.87276450981773,5.156982238006874],[-72.90948905103534,5.103685050839751],[-72.97314492247918,5.145827012785848],[-72.9376445326355,5.204082077828984],[-72.89724753729612,5.2598582039341135],[-72.88010941806125,5.3503394751713245],[-72.81155694112172,5.377607803489388],[-72.78829806501723,5.336705311012292],[-72.83359166585228,5.21523730305001],[-72.76871164303451,5.178053218979922]]]}},{"type":"Feature","properties":{"dep":"85","muni":"136","name":"LA SALINA","dep_name":"CASANARE"},"geometry":{"type":"Polygon","coordinates":[[[-72.27293033659683,6.131205240643142],[-72.32067224017972,6.087823809228041],[-72.362293386893,6.075429114538013],[-72.41248359322373,6.188220836217274],[-72.39656962536277,6.27250476010947],[-72.33903451078852,6.345633458780641],[-72.36718999238869,6.307209905241551],[-72.3439311162842,6.226644389756364],[-72.29251675857955,6.204333939314312],[-72.27293033659683,6.131205240643142]]]}},{"type":"Feature","properties":{"dep":"85","muni":"139","name":"MANÍ","dep_name":"CASANARE"},"geometry":{"type":"Polygon","coordinates":[[[-72.3378103594146,5.067740436238665],[-72.30353412094483,5.020640596416557],[-72.15541180470049,4.904130466330285],[-72.08685932776096,4.881820015888234],[-71.96566834174286,4.757873068987944],[-71.90935737854252,4.721928454386861],[-71.80775281450715,4.6066577937695925],[-71.66942370925418,4.609136732707599],[-71.73552788344585,4.574431587575518],[-71.81387357137675,4.574431587575518],[-71.86773623182924,4.505021297311357],[-71.99872042883871,4.382313819880071],[-72.07339366264783,4.3922295756320935],[-72.15786010744833,4.44180835439221],[-72.25824052010978,4.418258434481155],[-72.35372432727556,4.415779495543148],[-72.4896051297807,4.533529095098423],[-72.54101948748536,4.640123469432671],[-72.56305421221592,4.832241237128118],[-72.4467598316935,4.85455168757017],[-72.44186322619781,4.906609405268291],[-72.48470852428503,4.989653859691485],[-72.34025866216244,5.002048554381513],[-72.3378103594146,5.067740436238665]]]}},{"type":"Feature","properties":{"dep":"85","muni":"162","name":"MONTERREY","dep_name":"CASANARE"},"geometry":{"type":"Polygon","coordinates":[[[-72.75891843204315,4.641362938901674],[-72.77850485402587,4.6835049008477725],[-72.85685054195676,4.719449515448856],[-72.93029962439198,4.750436252173927],[-72.98905889034015,4.8458754012871506],[-72.94131698675726,4.959906592435415],[-72.97559322522703,4.97478022606345],[-72.90336829416573,5.067740436238665],[-72.88623017493084,5.011964310133536],[-72.82747090898268,4.995851207036498],[-72.822574303487,4.945032958807381],[-72.75524597792139,4.8979331189852715],[-72.71117652846026,4.760352007925951],[-72.71117652846026,4.698378534475806],[-72.75891843204315,4.641362938901674]]]}},{"type":"Feature","properties":{"dep":"85","muni":"225","name":"NUNCHÍA","dep_name":"CASANARE"},"geometry":{"type":"Polygon","coordinates":[[[-72.10522159836977,5.713504029589169],[-71.95220267662974,5.547415120742782],[-71.83345999335947,5.416031357028476],[-72.0893076305088,5.376368334020384],[-72.09787669012624,5.344142127826309],[-72.20070540553553,5.429665521187509],[-72.22396428164002,5.53749936499076],[-72.301085818197,5.506512628265687],[-72.28762015308388,5.605670185785918],[-72.24844730911842,5.696151457023129],[-72.2104986165269,5.723419785341193],[-72.10522159836977,5.713504029589169]]]}},{"type":"Feature","properties":{"dep":"85","muni":"230","name":"OROCUÉ","dep_name":"CASANARE"},"geometry":{"type":"Polygon","coordinates":[[[-70.9741057288675,5.080135130928696],[-71.00226121046767,4.979738103939461],[-71.0781585956507,4.899172588454274],[-71.21159109540801,4.817367603500083],[-71.31931641631299,4.769028294208971],[-71.57883650758407,4.6735891450957485],[-71.66942370925418,4.609136732707599],[-71.80775281450715,4.6066577937695925],[-71.90935737854252,4.721928454386861],[-71.96566834174286,4.757873068987944],[-72.08685932776096,4.881820015888234],[-72.15541180470049,4.904130466330285],[-72.08318687363919,4.96610393978043],[-71.98158230960382,5.019401126947553],[-71.9742374013603,5.067740436238665],[-71.9558751307515,5.128474440219808],[-71.82489093374204,5.111121867653766],[-71.70369994772393,5.0739377835836805],[-71.65473389276713,5.15946117694488],[-71.52252554438374,5.211518894643001],[-71.42704173721796,5.180532157917929],[-71.3131956594434,5.116079745529779],[-71.21281524678193,5.005766962788522],[-71.14548692121632,5.031795821637582],[-71.04143405443311,5.01320377960254],[-70.9741057288675,5.080135130928696]]]}},{"type":"Feature","properties":{"dep":"85","muni":"263","name":"PORE","dep_name":"CASANARE"},"geometry":{"type":"Polygon","coordinates":[[[-71.65963049826281,5.556091407025804],[-71.75144185130682,5.53749936499076],[-71.90568492442077,5.53749936499076],[-71.95220267662974,5.547415120742782],[-72.10522159836977,5.713504029589169],[-72.101549144248,5.784153789322334],[-72.04891063516943,5.837450976489459],[-71.97056494723854,5.800266892419371],[-71.88365019969021,5.70978562118216],[-71.73307958069802,5.635417453041988],[-71.65963049826281,5.556091407025804]]]}},{"type":"Feature","properties":{"dep":"85","muni":"279","name":"RECETOR","dep_name":"CASANARE"},"geometry":{"type":"Polygon","coordinates":[[[-72.70015916609498,5.2734923680931445],[-72.75647012929531,5.184250566324938],[-72.76871164303451,5.178053218979922],[-72.83359166585228,5.21523730305001],[-72.78829806501723,5.336705311012292],[-72.81155694112172,5.377607803489388],[-72.70015916609498,5.2734923680931445]]]}},{"type":"Feature","properties":{"dep":"85","muni":"300","name":"SABANALARGA","dep_name":"CASANARE"},"geometry":{"type":"Polygon","coordinates":[[[-72.97559322522703,4.97478022606345],[-72.94131698675726,4.959906592435415],[-72.98905889034015,4.8458754012871506],[-72.93029962439198,4.750436252173927],[-72.85685054195676,4.719449515448856],[-72.98416228484447,4.66119445040572],[-73.04047324804479,4.677307553502757],[-73.05271476178399,4.736802088014896],[-73.0771977892624,4.812409725624072],[-73.04169739941871,4.879341076950228],[-73.03068003705343,4.982217042877467],[-72.97559322522703,4.97478022606345]]]}},{"type":"Feature","properties":{"dep":"85","muni":"315","name":"SÁCAMA","dep_name":"CASANARE"},"geometry":{"type":"Polygon","coordinates":[[[-72.06115214890863,6.11757107648411],[-72.02565175906494,6.049400255688951],[-72.09298008463055,6.004779354804848],[-72.19580880003986,5.9799899654247906],[-72.25089561186627,6.0320476831229115],[-72.34270696491028,6.001060946397839],[-72.32067224017972,6.087823809228041],[-72.27293033659683,6.131205240643142],[-72.1382736854656,6.066752828254991],[-72.06115214890863,6.11757107648411]]]}},{"type":"Feature","properties":{"dep":"85","muni":"325","name":"SAN LUIS DE PALENQUE","dep_name":"CASANARE"},"geometry":{"type":"Polygon","coordinates":[[[-71.90568492442077,5.53749936499076],[-71.82733923648988,5.470568013664604],[-71.66697540650632,5.413552418090472],[-71.5323187553751,5.323071146853261],[-71.45397306744421,5.314394860570241],[-71.37317907676548,5.258618734465111],[-71.22628091189506,5.257379264996107],[-71.10264162312912,5.196645261014966],[-70.96553666925006,5.200363669421975],[-70.91289816017148,5.1408691349098365],[-70.9741057288675,5.080135130928696],[-71.04143405443311,5.01320377960254],[-71.14548692121632,5.031795821637582],[-71.21281524678193,5.005766962788522],[-71.3131956594434,5.116079745529779],[-71.42704173721796,5.180532157917929],[-71.52252554438374,5.211518894643001],[-71.65473389276713,5.15946117694488],[-71.70369994772393,5.0739377835836805],[-71.82489093374204,5.111121867653766],[-71.9558751307515,5.128474440219808],[-71.9742374013603,5.067740436238665],[-72.08318687363919,5.258618734465111],[-72.09787669012624,5.344142127826309],[-72.0893076305088,5.376368334020384],[-71.83345999335947,5.416031357028476],[-71.95220267662974,5.547415120742782],[-71.90568492442077,5.53749936499076]]]}},{"type":"Feature","properties":{"dep":"85","muni":"400","name":"TÁMARA","dep_name":"CASANARE"},"geometry":{"type":"Polygon","coordinates":[[[-72.02565175906494,6.049400255688951],[-72.00973779120399,5.9552005760447315],[-72.04891063516943,5.837450976489459],[-72.101549144248,5.784153789322334],[-72.10522159836977,5.713504029589169],[-72.2104986165269,5.723419785341193],[-72.24844730911842,5.696151457023129],[-72.29741336407523,5.754406522066265],[-72.30965487781444,5.794069545074358],[-72.46144964818055,5.847366732241481],[-72.4161560473455,5.904382327815613],[-72.34025866216244,5.891987633125584],[-72.34270696491028,6.001060946397839],[-72.25089561186627,6.0320476831229115],[-72.19580880003986,5.9799899654247906],[-72.09298008463055,6.004779354804848],[-72.02565175906494,6.049400255688951]]]}},{"type":"Feature","properties":{"dep":"85","muni":"410","name":"TAURAMENA","dep_name":"CASANARE"},"geometry":{"type":"Polygon","coordinates":[[[-72.75647012929531,5.184250566324938],[-72.73076295044298,5.153263829599865],[-72.72341804219946,5.050387863672626],[-72.67200368449481,5.002048554381513],[-72.55693345534631,4.977259165001456],[-72.50551909764167,4.8979331189852715],[-72.4467598316935,4.85455168757017],[-72.56305421221592,4.832241237128118],[-72.54101948748536,4.640123469432671],[-72.4896051297807,4.533529095098423],[-72.35372432727556,4.415779495543148],[-72.25824052010978,4.418258434481155],[-72.30353412094483,4.4071032092601286],[-72.40513868498022,4.31786140749192],[-72.55448515259847,4.336453449526964],[-72.61691687266841,4.310424590677902],[-72.65976217075561,4.329016632712946],[-72.66588292762522,4.415779495543148],[-72.75157352379962,4.501302888904348],[-72.75891843204315,4.641362938901674],[-72.71117652846026,4.698378534475806],[-72.71117652846026,4.760352007925951],[-72.75524597792139,4.8979331189852715],[-72.822574303487,4.945032958807381],[-72.82747090898268,4.995851207036498],[-72.88623017493084,5.011964310133536],[-72.90336829416573,5.067740436238665],[-72.90948905103534,5.103685050839751],[-72.87276450981773,5.156982238006874],[-72.8103327897478,5.128474440219808],[-72.76871164303451,5.178053218979922],[-72.75647012929531,5.184250566324938]]]}},{"type":"Feature","properties":{"dep":"85","muni":"430","name":"TRINIDAD","dep_name":"CASANARE"},"geometry":{"type":"Polygon","coordinates":[[[-71.65963049826281,5.556091407025804],[-71.56169838834919,5.539978303928766],[-71.47600779217478,5.496596872513665],[-71.39643795286996,5.504033689327683],[-71.32421302180867,5.460652257912582],[-71.2470914852517,5.4457786242845465],[-71.05612387092015,5.45197597162956],[-71.01205442145903,5.416031357028476],[-70.92391552253676,5.45197597162956],[-70.8051728392665,5.428426051718505],[-70.64848146340472,5.461891727381584],[-70.6044120139436,5.422228704373492],[-70.65215391752648,5.373889395082379],[-70.69377506423977,5.2834081238451684],[-70.86515625658859,5.143348073847843],[-70.91289816017148,5.1408691349098365],[-70.96553666925006,5.200363669421975],[-71.10264162312912,5.196645261014966],[-71.22628091189506,5.257379264996107],[-71.37317907676548,5.258618734465111],[-71.45397306744421,5.314394860570241],[-71.5323187553751,5.323071146853261],[-71.66697540650632,5.413552418090472],[-71.82733923648988,5.470568013664604],[-71.90568492442077,5.53749936499076],[-71.75144185130682,5.53749936499076],[-71.65963049826281,5.556091407025804]]]}},{"type":"Feature","properties":{"dep":"85","muni":"440","name":"VILLANUEVA","dep_name":"CASANARE"},"geometry":{"type":"Polygon","coordinates":[[[-72.75891843204315,4.641362938901674],[-72.75157352379962,4.501302888904348],[-72.66588292762522,4.415779495543148],[-72.65976217075561,4.329016632712946],[-72.61691687266841,4.310424590677902],[-72.73933201006042,4.3091851212089],[-72.79319467051292,4.399666392446111],[-72.84338487684364,4.433132068109188],[-72.89724753729612,4.475274030055287],[-72.9682483169835,4.599220976955575],[-73.04047324804479,4.677307553502757],[-72.98416228484447,4.66119445040572],[-72.85685054195676,4.719449515448856],[-72.77850485402587,4.6835049008477725],[-72.75891843204315,4.641362938901674]]]}},{"type":"Feature","properties":{"dep":"85","muni":"125","name":"HATO COROZAL","dep_name":"CASANARE"},"geometry":{"type":"Polygon","coordinates":[[[-69.89195591432204,6.054358133564962],[-70.01804350583582,6.058076541971971],[-70.11475146437552,6.113852668077101],[-70.29592586771571,6.103936912325079],[-70.32408134931586,6.1274868322361336],[-70.40242703724677,6.066752828254991],[-70.53708368837798,6.066752828254991],[-70.59094634883047,6.107655320732087],[-70.68520600462233,6.089063278697044],[-70.73294790820522,6.121289484891118],[-70.81129359613611,6.0605554809099775],[-70.92636382528461,6.037005560998923],[-71.21036694403409,6.056837072502969],[-71.28748848059107,6.0320476831229115],[-71.39031719600037,5.925453308788663],[-71.58006065895799,5.852324610117492],[-71.70247579635002,5.820098403923417],[-71.80530451175932,5.896945511001597],[-71.92037474090782,5.9266927782576655],[-71.97056494723854,6.019652988432883],[-72.02565175906494,6.049400255688951],[-72.06115214890863,6.11757107648411],[-71.96077173624718,6.167149855244226],[-71.87997774556844,6.159713038430208],[-71.77714903015915,6.1931787140932855],[-71.66697540650632,6.191939244624283],[-71.53354290674903,6.214249695066336],[-71.48824930591398,6.201855000376307],[-71.41724852622662,6.242757492853402],[-71.34502359516532,6.2316022676323755],[-71.22505676052114,6.294815210551523],[-71.14181446709456,6.265067943295453],[-71.09652086625951,6.277462637985483],[-70.98389893985886,6.229123328694369],[-70.7868105686577,6.251433779136422],[-70.71948224309209,6.220447042411349],[-70.55667011036071,6.245236431791406],[-70.53096293150838,6.230362798163373],[-70.3803923125162,6.30225202736554],[-70.31306398695058,6.279941576923488],[-70.19921790917601,6.294815210551523],[-70.12087222124512,6.257631126481437],[-70.03028501957502,6.162191977368215],[-69.98254311599213,6.158473568961206],[-69.89930082256556,6.096500095511061],[-69.89195591432204,6.054358133564962]]]}},{"type":"Feature","properties":{"dep":"85","muni":"250","name":"PAZ DE ARIPORO","dep_name":"CASANARE"},"geometry":{"type":"Polygon","coordinates":[[[-69.89195591432204,6.054358133564962],[-69.83564495112171,6.040723969405931],[-69.8478864648609,5.998582007459833],[-70.05721634980127,5.702348804368144],[-70.15270015696704,5.600712307909907],[-70.26409793199377,5.563528223839821],[-70.35835758778563,5.587078143750874],[-70.6044120139436,5.422228704373492],[-70.64848146340472,5.461891727381584],[-70.8051728392665,5.428426051718505],[-70.92391552253676,5.45197597162956],[-71.01205442145903,5.416031357028476],[-71.05612387092015,5.45197597162956],[-71.2470914852517,5.4457786242845465],[-71.32421302180867,5.460652257912582],[-71.39643795286996,5.504033689327683],[-71.47600779217478,5.496596872513665],[-71.56169838834919,5.539978303928766],[-71.65963049826281,5.556091407025804],[-71.73307958069802,5.635417453041988],[-71.88365019969021,5.70978562118216],[-71.97056494723854,5.800266892419371],[-72.04891063516943,5.837450976489459],[-72.00973779120399,5.9552005760447315],[-72.02565175906494,6.049400255688951],[-71.97056494723854,6.019652988432883],[-71.92037474090782,5.9266927782576655],[-71.80530451175932,5.896945511001597],[-71.70247579635002,5.820098403923417],[-71.58006065895799,5.852324610117492],[-71.39031719600037,5.925453308788663],[-71.28748848059107,6.0320476831229115],[-71.21036694403409,6.056837072502969],[-70.92636382528461,6.037005560998923],[-70.81129359613611,6.0605554809099775],[-70.73294790820522,6.121289484891118],[-70.68520600462233,6.089063278697044],[-70.59094634883047,6.107655320732087],[-70.53708368837798,6.066752828254991],[-70.40242703724677,6.066752828254991],[-70.32408134931586,6.1274868322361336],[-70.29592586771571,6.103936912325079],[-70.11475146437552,6.113852668077101],[-70.01804350583582,6.058076541971971],[-69.89195591432204,6.054358133564962]]]}},{"type":"Feature","properties":{"dep":"91","muni":"001","name":"LETICIA","dep_name":"AMAZONAS"},"geometry":{"type":"Polygon","coordinates":[[[-69.71445396510362,-3.0024452764391203],[-69.84911061623482,-3.751084835716863],[-69.93357706103532,-4.219604294999954],[-69.98254311599213,-4.1898570277438845],[-70.08904428552319,-4.064670611374593],[-70.17718318444544,-4.034923344118524],[-70.18330394131505,-3.9283289697842756],[-70.24818396413282,-3.8948632941211976],[-70.30816738145491,-3.8118188396980046],[-70.30694323008099,-3.751084835716863],[-70.36570249602916,-3.6903508317357216],[-70.33509871168116,-3.197041983072573],[-70.168614124828,-3.179689410506533],[-70.11107901025375,-3.0966449560833396],[-69.98009481324429,-3.0024452764391203],[-69.71445396510362,-3.0024452764391203]]]}},{"type":"Feature","properties":{"dep":"91","muni":"263","name":"EL ENCANTO","dep_name":"AMAZONAS"},"geometry":{"type":"Polygon","coordinates":[[[-72.99640379858367,-1.502687218945629],[-72.6891418037297,-1.502687218945629],[-72.68546934960794,-1.5708580397407879],[-72.6046753589292,-1.6501840857569725],[-72.57039912045944,-1.7146364981451225],[-72.52510551962439,-1.6824102919510473],[-72.4773636160415,-1.7381864180561775],[-72.50307079489383,-1.7753705021262638],[-72.45288058856309,-1.8447807923904254],[-72.28272354758819,-1.9129516131855842],[-72.26925788247507,-2.023264395926841],[-72.19948125416161,-2.096393094598011],[-72.08318687363919,-2.1063088503500342],[-72.09298008463055,-2.184395426897216],[-71.99504797471694,-2.142253464951118],[-71.93016795189916,-2.1868743658352217],[-71.80530451175932,-2.1496902817651353],[-71.76857997054171,-2.1806770184902073],[-71.83345999335947,-2.1967901215872447],[-71.91547813541213,-2.367836908309643],[-72.01585854807358,-2.369076377778646],[-72.04891063516943,-2.3393291105225766],[-72.12113556623072,-2.40502099237973],[-72.36596584101477,-2.4930233246789344],[-72.40024207948453,-2.434768259635799],[-72.52510551962439,-2.42237356494577],[-72.63160668915545,-2.359160622026623],[-72.69281425785145,-2.4521208322018393],[-72.76259088616492,-2.400063114503718],[-72.90581659691357,-2.444684015387822],[-72.98293813347054,-2.344286988398588],[-73.05393891315792,-2.36659743884064],[-73.15676762856721,-2.260003064506392],[-73.09433590849729,-2.0443353768998898],[-73.12126723872353,-2.0158275791128237],[-73.10902572498432,-1.8844438153985177],[-73.15676762856721,-1.8534570786734457],[-73.20940613764579,-1.7580179295602236],[-73.33549372915957,-1.8038782999133303],[-73.5068749215084,-1.7319890707111627],[-73.54115115997816,-1.6985233950480851],[-73.50565077013447,-1.6191973490319],[-73.49218510502135,-1.502687218945629],[-72.99640379858367,-1.502687218945629]]]}},{"type":"Feature","properties":{"dep":"91","muni":"405","name":"LA CHORRERA","dep_name":"AMAZONAS"},"geometry":{"type":"Polygon","coordinates":[[[-72.99640379858367,-0.5334220941853727],[-72.78217730814764,-1.006899431344475],[-72.78340145952156,-1.1184516835547345],[-72.7503493724257,-1.146959481341801],[-72.64996895976425,-1.1618331149698355],[-72.59610629931176,-1.1320858477137663],[-72.54469194160711,-1.1767067485978702],[-72.47491531329366,-1.156875237093824],[-72.39412132261492,-1.2163697716059625],[-72.26803373110116,-1.2089329547919454],[-72.2227401302661,-1.2535538556760493],[-72.17744652943105,-1.221327649481974],[-72.0770661167696,-1.309329981781179],[-72.07829026814352,-1.3663455773553115],[-72.04278987829983,-1.4679820738135483],[-71.99015136922127,-1.533673955670701],[-71.99504797471694,-2.142253464951118],[-72.09298008463055,-2.184395426897216],[-72.08318687363919,-2.1063088503500342],[-72.19948125416161,-2.096393094598011],[-72.26925788247507,-2.023264395926841],[-72.28272354758819,-1.9129516131855842],[-72.45288058856309,-1.8447807923904254],[-72.50307079489383,-1.7753705021262638],[-72.4773636160415,-1.7381864180561775],[-72.52510551962439,-1.6824102919510473],[-72.57039912045944,-1.7146364981451225],[-72.6046753589292,-1.6501840857569725],[-72.68546934960794,-1.5708580397407879],[-72.6891418037297,-1.502687218945629],[-72.99640379858367,-1.502687218945629],[-73.39302884373382,-0.9845889809024229],[-73.8410682465886,-0.3983199220640583],[-73.6770319624833,-0.42186984197511324],[-73.5803240039436,-0.4553355176381908],[-73.57053079295224,-0.5160695216193325],[-73.4885126508996,-0.5284642163093611],[-73.33549372915957,-0.5061537658673094],[-73.20940613764579,-0.6239033654225832],[-73.11269817910609,-0.604071853918537],[-72.99640379858367,-0.5334220941853727]]]}},{"type":"Feature","properties":{"dep":"91","muni":"407","name":"LA PEDRERA","dep_name":"AMAZONAS"},"geometry":{"type":"Polygon","coordinates":[[[-70.25552887237635,-0.4330250671961391],[-70.24451151001105,-0.4702091512662254],[-70.3204088951941,-0.5495351972824101],[-70.26409793199377,-0.5817614034764853],[-70.25185641825458,-0.7453713733848661],[-70.29102926222002,-0.8073448468350102],[-70.22492508802833,-0.8953471791342151],[-70.3020466245853,-0.9783916335574085],[-70.23839075314146,-1.0205335955035064],[-70.17840733581937,-1.0998596415196915],[-70.12699297811471,-1.1097753972717146],[-70.07925107453183,-1.035407229131541],[-70.14045864322784,-0.9994626145304575],[-70.1012857992624,-0.9536022441773508],[-70.04497483606207,-0.9796311030264113],[-69.96050839126157,-0.9684758778053855],[-69.93602536378316,-1.0961412331126827],[-69.86869703821756,-1.0738307826706306],[-69.83931740524346,-1.027970412317524],[-69.70466075411224,-1.0478019238215701],[-69.68017772663384,-1.2027356074469306],[-69.59203882771159,-1.1457200118727981],[-69.56633164885926,-1.1915803822259048],[-69.48186520405878,-1.213890832667957],[-69.43289914910196,-1.068872904794619],[-69.39617460788436,-1.1370437255897778],[-69.4292266949802,-1.2349618136410059],[-69.3986229106322,-1.3663455773553115],[-69.42800254360628,-1.3874165583283609],[-69.53450371313734,-2.002193414953792],[-70.49668669303861,-2.0034328844227947],[-70.49668669303861,-1.4766583600965686],[-70.49668669303861,-0.9597995915223652],[-70.49668669303861,-0.38592522737402923],[-70.43670327571652,-0.47764596808024296],[-70.25552887237635,-0.4330250671961391]]]}},{"type":"Feature","properties":{"dep":"91","muni":"430","name":"LA VICTORIA","dep_name":"AMAZONAS"},"geometry":{"type":"Polygon","coordinates":[[[-70.84312153185803,-0.33262804020690506],[-70.89820834368444,-0.3487411433039429],[-71.00715781596334,-0.2904860782608072],[-71.08550350389423,-0.30040183401283027],[-71.17241825144256,-0.25082305525271487],[-71.2593329989909,-0.16653913136051823],[-71.27279866410403,-0.04631059286723893],[-71.3927654987482,-0.042592184460230165],[-71.43683494820934,0.00698659429988524],[-71.2715745127301,0.035494392086951265],[-71.25443639349523,0.059044311998006194],[-71.18465976518178,0.09746786553709619],[-71.13691786159887,0.00698659429988524],[-70.9985887563459,-0.0029291614521378406],[-70.92758797665853,-0.05126847074325003],[-70.89698419231053,-0.10332618844137187],[-70.94472609589342,-0.1591023145465016],[-70.88474267857131,-0.21116003224462254],[-70.84312153185803,-0.33262804020690506]]]}},{"type":"Feature","properties":{"dep":"91","muni":"460","name":"MIRITÍ - PARANÁ","dep_name":"AMAZONAS"},"geometry":{"type":"Polygon","coordinates":[[[-71.43683494820934,0.00698659429988524],[-71.3927654987482,-0.042592184460230165],[-71.27279866410403,-0.04631059286723893],[-71.2593329989909,-0.16653913136051823],[-71.17241825144256,-0.25082305525271487],[-71.08550350389423,-0.30040183401283027],[-71.00715781596334,-0.2904860782608072],[-70.89820834368444,-0.3487411433039429],[-70.84312153185803,-0.33262804020690506],[-70.77089660079675,-0.33510697914491105],[-70.73906866507481,-0.2867676698537984],[-70.66561958263961,-0.3499806127729457],[-70.63746410103944,-0.32023334551687643],[-70.56401501860422,-0.36981212427699184],[-70.49668669303861,-0.38592522737402923],[-70.49668669303861,-0.9597995915223652],[-70.49668669303861,-1.4766583600965686],[-70.54565274799542,-1.4729399516895598],[-70.59094634883047,-1.4184032950534329],[-70.67418864225705,-1.4518689707165109],[-70.72805130270953,-1.428319050805456],[-70.77701735766634,-1.3998112530183895],[-70.83700077498844,-1.2894984702771328],[-70.90555325192797,-1.2510749167380433],[-70.99491630222414,-1.2498354472690405],[-71.07938274702464,-1.1147332751477261],[-71.17364240281648,-1.0539992711665844],[-71.34747189791315,-1.0478019238215701],[-71.39398965012212,-1.1122543362097201],[-71.47845609492262,-1.1556357676248212],[-71.56047423697527,-1.1296069087757608],[-71.57883650758407,-1.0601966185115992],[-71.53966366361863,-0.9858284503714256],[-71.57516405346232,-0.9374891410803134],[-71.74042448894154,-0.9684758778053855],[-71.8040803603854,-0.9176576295762673],[-71.81020111725499,-0.8383315835600826],[-71.91180568129037,-0.756526598605892],[-71.99627212609086,-0.7837949269239557],[-71.99627212609086,-0.27685191410177534],[-71.78939054389835,-0.27065456675676103],[-71.71104485596746,-0.23223101321767148],[-71.73675203481977,-0.16406019242251269],[-71.70492409909785,-0.06738157384028742],[-71.54945687460999,0.021860227927920306],[-71.47478364080087,-0.011605447735157703],[-71.43683494820934,0.00698659429988524]]]}},{"type":"Feature","properties":{"dep":"91","muni":"530","name":"PUERTO ALEGRÍA","dep_name":"AMAZONAS"},"geometry":{"type":"Polygon","coordinates":[[[-72.99640379858367,-1.502687218945629],[-73.49218510502135,-1.502687218945629],[-73.58277230669144,-1.3762613331073346],[-73.63173836164825,-1.2721458977110922],[-73.6831527193529,-1.2411591609860202],[-73.773739921023,-1.2622301419590691],[-73.86922372818877,-1.2250460578889828],[-73.90472411803246,-1.1283674393067575],[-73.96960414085022,-1.125888500368752],[-74.02713925542447,-1.0651544963876107],[-74.27441783295636,-0.9796311030264113],[-74.26707292471283,-0.8271763583390563],[-74.31481482829572,-0.7676818238269179],[-74.37847069973958,-0.640016468519621],[-74.38948806210486,-0.5532536056894188],[-73.8410682465886,-0.3983199220640583],[-73.39302884373382,-0.9845889809024229],[-72.99640379858367,-1.502687218945629]]]}},{"type":"Feature","properties":{"dep":"91","muni":"536","name":"PUERTO ARICA","dep_name":"AMAZONAS"},"geometry":{"type":"Polygon","coordinates":[[[-70.72805130270953,-1.428319050805456],[-70.67418864225705,-1.4518689707165109],[-70.59094634883047,-1.4184032950534329],[-70.54565274799542,-1.4729399516895598],[-70.49668669303861,-1.4766583600965686],[-70.49668669303861,-2.0034328844227947],[-70.4954625416647,-2.476910221581897],[-70.628895041422,-2.4793891605199025],[-70.66317127989177,-2.359160622026623],[-70.8406732291102,-2.290989801231464],[-70.86882871071036,-2.2277768583123168],[-70.93615703627597,-2.257524125568386],[-70.98145063711101,-2.2141426941532854],[-71.03653744893742,-2.2761161676034294],[-71.1320212561032,-2.2885108622934585],[-71.12712465060753,-2.338089641053574],[-71.1932288247992,-2.3827105419376777],[-71.22995336601682,-2.348005396805597],[-71.31686811356515,-2.3802316029996717],[-71.39888625561781,-2.359160622026623],[-71.45030061332245,-2.2847924538864497],[-71.60821614055816,-2.23769261406434],[-71.6290267139148,-2.2104242857462766],[-71.7318554293241,-2.225297919374311],[-71.76857997054171,-2.1806770184902073],[-71.80530451175932,-2.1496902817651353],[-71.93016795189916,-2.1868743658352217],[-71.99504797471694,-2.142253464951118],[-71.99015136922127,-1.533673955670701],[-71.96077173624718,-1.513842444166655],[-71.84447735572476,-1.5609422839887648],[-71.79673545214187,-1.6687761277920155],[-71.70492409909785,-1.7183549065521313],[-71.64494068177576,-1.8509781397354397],[-71.49314591140966,-1.8274282198243852],[-71.42581758584404,-1.7270311928351512],[-71.40867946660917,-1.6464656773499637],[-71.35971341165236,-1.611760532217883],[-71.33890283829571,-1.4642636654065395],[-71.20547033853842,-1.4531084401855137],[-71.22505676052114,-1.3923744362043724],[-70.98879554535453,-1.3985717835493867],[-70.95084685276301,-1.4221217034604416],[-70.83332832086667,-1.4097270087704126],[-70.72805130270953,-1.428319050805456]]]}},{"type":"Feature","properties":{"dep":"91","muni":"540","name":"PUERTO NARIÑO","dep_name":"AMAZONAS"},"geometry":{"type":"Polygon","coordinates":[[[-70.30816738145491,-3.8118188396980046],[-70.35468513366388,-3.8006636144769783],[-70.48566933067333,-3.8762712520861546],[-70.56401501860422,-3.8242135343880332],[-70.6533780689004,-3.829171412264045],[-70.7133614862225,-3.7957057366009668],[-70.33509871168116,-3.197041983072573],[-70.36570249602916,-3.6903508317357216],[-70.30694323008099,-3.751084835716863],[-70.30816738145491,-3.8118188396980046]]]}},{"type":"Feature","properties":{"dep":"91","muni":"669","name":"PUERTO SANTANDER","dep_name":"AMAZONAS"},"geometry":{"type":"Polygon","coordinates":[[[-70.72805130270953,-1.428319050805456],[-70.83332832086667,-1.4097270087704126],[-70.95084685276301,-1.4221217034604416],[-70.98879554535453,-1.3985717835493867],[-71.22505676052114,-1.3923744362043724],[-71.20547033853842,-1.4531084401855137],[-71.33890283829571,-1.4642636654065395],[-71.35971341165236,-1.611760532217883],[-71.40867946660917,-1.6464656773499637],[-71.42581758584404,-1.7270311928351512],[-71.49314591140966,-1.8274282198243852],[-71.64494068177576,-1.8509781397354397],[-71.70492409909785,-1.7183549065521313],[-71.79673545214187,-1.6687761277920155],[-71.84447735572476,-1.5609422839887648],[-71.96077173624718,-1.513842444166655],[-71.99015136922127,-1.533673955670701],[-72.04278987829983,-1.4679820738135483],[-72.07829026814352,-1.3663455773553115],[-72.0770661167696,-1.309329981781179],[-72.17744652943105,-1.221327649481974],[-72.2227401302661,-1.2535538556760493],[-72.26803373110116,-1.2089329547919454],[-72.39412132261492,-1.2163697716059625],[-72.47491531329366,-1.156875237093824],[-72.54469194160711,-1.1767067485978702],[-72.59610629931176,-1.1320858477137663],[-72.64996895976425,-1.1618331149698355],[-72.7503493724257,-1.146959481341801],[-72.78340145952156,-1.1184516835547345],[-72.78217730814764,-1.006899431344475],[-72.99640379858367,-0.5334220941853727],[-72.9376445326355,-0.6053113233875402],[-72.8776611153134,-0.6177060180775689],[-72.74545276693003,-0.5606904225034364],[-72.59243384519,-0.6933136556867447],[-72.5385711847375,-0.6772005525897073],[-72.43329416658037,-0.5668877698484507],[-72.31699978605795,-0.6524111632096496],[-72.24232655224883,-0.6053113233875402],[-72.23008503850963,-0.4925196017082776],[-72.18356728630066,-0.46153286498320556],[-72.14317029096128,-0.3475016738349397],[-72.06237630028255,-0.325191223392888],[-71.99627212609086,-0.27685191410177534],[-71.99627212609086,-0.7837949269239557],[-71.91180568129037,-0.756526598605892],[-71.81020111725499,-0.8383315835600826],[-71.8040803603854,-0.9176576295762673],[-71.74042448894154,-0.9684758778053855],[-71.57516405346232,-0.9374891410803134],[-71.53966366361863,-0.9858284503714256],[-71.57883650758407,-1.0601966185115992],[-71.56047423697527,-1.1296069087757608],[-71.47845609492262,-1.1556357676248212],[-71.39398965012212,-1.1122543362097201],[-71.34747189791315,-1.0478019238215701],[-71.17364240281648,-1.0539992711665844],[-71.07938274702464,-1.1147332751477261],[-70.99491630222414,-1.2498354472690405],[-70.90555325192797,-1.2510749167380433],[-70.83700077498844,-1.2894984702771328],[-70.77701735766634,-1.3998112530183895],[-70.72805130270953,-1.428319050805456]]]}},{"type":"Feature","properties":{"dep":"91","muni":"798","name":"TARAPACÁ","dep_name":"AMAZONAS"},"geometry":{"type":"Polygon","coordinates":[[[-69.71445396510362,-3.0024452764391203],[-69.98009481324429,-3.0024452764391203],[-70.11107901025375,-3.0966449560833396],[-70.168614124828,-3.179689410506533],[-70.33509871168116,-3.197041983072573],[-70.06088880392302,-2.759509260514555],[-70.07557862041007,-2.6640701114013323],[-70.21880433115874,-2.6566332945873152],[-70.26042547787202,-2.5549967981290784],[-70.3742715556466,-2.497981202554946],[-70.43915157846436,-2.5264890003420124],[-70.4954625416647,-2.476910221581897],[-70.49668669303861,-2.0034328844227947],[-69.53450371313734,-2.002193414953792],[-69.71445396510362,-3.0024452764391203]]]}},{"type":"Feature","properties":{"dep":"97","muni":"001","name":"MITÚ","dep_name":"VAUPÉS"},"geometry":{"type":"Polygon","coordinates":[[[-69.86869703821756,1.7186939309928704],[-69.84543816211307,1.7137360531168584],[-69.84666231348699,1.077888215518378],[-69.81483437776507,1.0642540513593461],[-69.91643894180044,1.0010411084401998],[-70.01437105171405,0.8646994668498822],[-70.11597561574943,0.8275153827797954],[-70.03885407919246,0.5659873248201865],[-70.0474231388099,0.25983836597647425],[-70.12944128086255,0.18299125889829515],[-70.21145942291521,0.158201869518237],[-70.26042547787202,0.23257003765841056],[-70.33142625755939,0.25488048810046227],[-70.36570249602916,0.34660122880667554],[-70.57135992684775,0.34784069827567876],[-70.61542937630888,0.377587965531748],[-70.60196371119575,0.4990559734940305],[-70.64848146340472,0.6044108783592756],[-70.828431715371,0.40237735491180615],[-70.89331173818876,0.5424374049091316],[-70.95084685276301,0.4531956031409239],[-70.99369215085022,0.5659873248201865],[-71.03653744893742,0.5721846721652009],[-71.11855559099008,0.7890918292407063],[-71.01939932970254,0.8808125699469196],[-70.99369215085022,1.1534958531275539],[-70.84312153185803,1.34065574294699],[-70.45384139495141,1.7905831601950375],[-70.36692664740308,1.7533990761249507],[-70.27389114298514,1.749680667717942],[-70.12944128086255,1.659199396480732],[-69.95561178576588,1.6629178048877398],[-69.86869703821756,1.7186939309928704]]]}},{"type":"Feature","properties":{"dep":"97","muni":"161","name":"CARURÚ","dep_name":"VAUPÉS"},"geometry":{"type":"Polygon","coordinates":[[[-71.2532122421213,1.6703546217017573],[-71.2593329989909,1.6158179650656308],[-70.99369215085022,1.1534958531275539],[-71.01939932970254,0.8808125699469196],[-71.11855559099008,0.7890918292407063],[-71.03653744893742,0.5721846721652009],[-71.15650428358161,0.5759030805722096],[-71.1981254302949,0.6044108783592756],[-71.3315579300522,0.5808609584482216],[-71.41724852622662,0.6415949624293624],[-71.48090439767046,0.5957345920762558],[-71.80285620901147,0.8882493867609371],[-71.74042448894154,0.9849280053431615],[-71.64126822765401,0.9948437610951846],[-71.5739399020884,1.0816066239253868],[-71.54700857186215,1.2700059832138253],[-71.45519721881813,1.4646026898472781],[-71.43805909958326,1.5464076748014692],[-71.39031719600037,1.5984653924995902],[-71.3927654987482,1.73604650355891],[-71.2532122421213,1.6703546217017573]]]}},{"type":"Feature","properties":{"dep":"97","muni":"511","name":"PACOA","dep_name":"VAUPÉS"},"geometry":{"type":"Polygon","coordinates":[[[-71.03653744893742,0.5721846721652009],[-70.99369215085022,0.5659873248201865],[-70.95084685276301,0.4531956031409239],[-70.89331173818876,0.5424374049091316],[-70.828431715371,0.40237735491180615],[-70.64848146340472,0.6044108783592756],[-70.60196371119575,0.4990559734940305],[-70.61542937630888,0.377587965531748],[-70.57135992684775,0.34784069827567876],[-70.36570249602916,0.34660122880667554],[-70.33142625755939,0.25488048810046227],[-70.26042547787202,0.23257003765841056],[-70.21145942291521,0.158201869518237],[-70.12944128086255,0.18299125889829515],[-70.0474231388099,0.25983836597647425],[-70.04619898743599,-0.1157208831314005],[-70.15147600559312,-0.2223152574656484],[-70.12944128086255,-0.2892466087918044],[-70.21390772566305,-0.31899387604787366],[-70.25552887237635,-0.4330250671961391],[-70.43670327571652,-0.47764596808024296],[-70.49668669303861,-0.38592522737402923],[-70.56401501860422,-0.36981212427699184],[-70.63746410103944,-0.32023334551687643],[-70.66561958263961,-0.3499806127729457],[-70.73906866507481,-0.2867676698537984],[-70.77089660079675,-0.33510697914491105],[-70.84312153185803,-0.33262804020690506],[-70.88474267857131,-0.21116003224462254],[-70.94472609589342,-0.1591023145465016],[-70.89698419231053,-0.10332618844137187],[-70.92758797665853,-0.05126847074325003],[-70.9985887563459,-0.0029291614521378406],[-71.13691786159887,0.00698659429988524],[-71.18465976518178,0.09746786553709619],[-71.25443639349523,0.059044311998006194],[-71.29728169158243,0.07515741509504359],[-71.33523038417395,0.15448346111122824],[-71.3744032281394,0.1743149726152744],[-71.44907646194854,0.13960982748319406],[-71.58373311307976,0.163159747394249],[-71.62657841116696,0.21645693456137316],[-71.69757919085433,0.23752791553442165],[-71.76980412191563,0.3280091867716326],[-71.83223584198555,0.3391644119926589],[-71.85671886946396,0.45567454207892943],[-71.92159889228174,0.4593929504859382],[-71.92894380052525,0.5436768743781348],[-71.99015136922127,0.5659873248201865],[-71.98158230960382,0.6292002677393338],[-72.03299666730847,0.6639054128714141],[-71.80285620901147,0.8882493867609371],[-71.48090439767046,0.5957345920762558],[-71.41724852622662,0.6415949624293624],[-71.3315579300522,0.5808609584482216],[-71.1981254302949,0.6044108783592756],[-71.15650428358161,0.5759030805722096],[-71.03653744893742,0.5721846721652009]]]}},{"type":"Feature","properties":{"dep":"97","muni":"666","name":"TARAIRA","dep_name":"VAUPÉS"},"geometry":{"type":"Polygon","coordinates":[[[-69.43289914910196,-1.068872904794619],[-69.48186520405878,-1.213890832667957],[-69.56633164885926,-1.1915803822259048],[-69.59203882771159,-1.1457200118727981],[-69.68017772663384,-1.2027356074469306],[-69.70466075411224,-1.0478019238215701],[-69.83931740524346,-1.027970412317524],[-69.86869703821756,-1.0738307826706306],[-69.93602536378316,-1.0961412331126827],[-69.96050839126157,-0.9684758778053855],[-70.04497483606207,-0.9796311030264113],[-70.1012857992624,-0.9536022441773508],[-70.14045864322784,-0.9994626145304575],[-70.07925107453183,-1.035407229131541],[-70.12699297811471,-1.1097753972717146],[-70.17840733581937,-1.0998596415196915],[-70.23839075314146,-1.0205335955035064],[-70.3020466245853,-0.9783916335574085],[-70.22492508802833,-0.8953471791342151],[-70.29102926222002,-0.8073448468350102],[-70.25185641825458,-0.7453713733848661],[-70.26409793199377,-0.5817614034764853],[-70.3204088951941,-0.5495351972824101],[-70.24451151001105,-0.4702091512662254],[-70.25552887237635,-0.4330250671961391],[-70.21390772566305,-0.31899387604787366],[-70.12944128086255,-0.2892466087918044],[-70.15147600559312,-0.2223152574656484],[-70.04619898743599,-0.1157208831314005],[-70.06578540941871,-0.16406019242251269],[-69.9017491253134,-0.3375859180829166],[-69.8295241942521,-0.3623753074629743],[-69.70955735960793,-0.454096048169188],[-69.61162524969431,-0.49995641852229467],[-69.60183203870295,-0.5966350371045199],[-69.57245240572887,-0.6325796517056035],[-69.61162524969431,-0.7664423543579151],[-69.5259346535199,-0.8693183202851547],[-69.52838295626773,-0.9188970990452701],[-69.43045084635412,-1.0155757176274949],[-69.43289914910196,-1.068872904794619]]]}},{"type":"Feature","properties":{"dep":"97","muni":"777","name":"PAPUNAHUA","dep_name":"VAUPÉS"},"geometry":{"type":"Polygon","coordinates":[[[-70.10985485887983,2.0806190159417124],[-70.11475146437552,1.9988140309875222],[-70.16371751933232,1.9194879849713375],[-70.14902770284527,1.8674302672732166],[-70.05476804705343,1.7769489960360056],[-69.86869703821756,1.7186939309928704],[-69.95561178576588,1.6629178048877398],[-70.12944128086255,1.659199396480732],[-70.27389114298514,1.749680667717942],[-70.36692664740308,1.7533990761249507],[-70.45384139495141,1.7905831601950375],[-70.84312153185803,1.34065574294699],[-70.99369215085022,1.1534958531275539],[-71.2593329989909,1.6158179650656308],[-71.2532122421213,1.6703546217017573],[-71.16507334319905,1.7558780150629563],[-70.98879554535453,1.8240488358581155],[-70.89453588956269,1.9194879849713375],[-70.70479242660505,1.907093290281309],[-70.48689348204725,1.9492352522274068],[-70.44159988121221,1.9938561531115102],[-70.22982169352402,2.0347586455886058],[-70.18820054681072,2.0236034203675795],[-70.10985485887983,2.0806190159417124]]]}},{"type":"Feature","properties":{"dep":"97","muni":"889","name":"YAVARATÉ","dep_name":"VAUPÉS"},"geometry":{"type":"Polygon","coordinates":[[[-70.03885407919246,0.5659873248201865],[-70.11597561574943,0.8275153827797954],[-70.01437105171405,0.8646994668498822],[-69.91643894180044,1.0010411084401998],[-69.81483437776507,1.0642540513593461],[-69.74505774945162,1.1138328301194615],[-69.67405696976424,1.0704513987043613],[-69.38148479139731,1.0741698071113692],[-69.32150137407523,1.087803971270401],[-69.1990862366832,0.9960832305641878],[-69.14032697073503,0.6899342717204755],[-69.1990862366832,0.615566103580302],[-69.27253531911842,0.6019319394212701],[-69.29824249797073,0.64903177924338],[-69.35822591529283,0.6168055730493052],[-69.43412330047587,0.7122447221625272],[-69.48186520405878,0.7357946420735821],[-69.63365997442487,0.6366370845533513],[-69.68752263487737,0.6639054128714141],[-69.72302302472104,0.615566103580302],[-69.93602536378316,0.5535926301301579],[-70.03885407919246,0.5659873248201865]]]}},{"type":"Feature","properties":{"dep":"95","muni":"001","name":"SAN JOSÉ DEL GUAVIARE","dep_name":"GUAVIARE"},"geometry":{"type":"Polygon","coordinates":[[[-71.07693444427679,2.8825557623865796],[-71.05489971954623,2.851569025661507],[-70.95941591238045,2.8428927393784873],[-70.93615703627597,2.78835608274236],[-70.82231095850139,2.813145472122418],[-70.72070639446602,2.749932529203271],[-70.58360144058695,2.840413800440481],[-70.5015832985343,2.78835608274236],[-70.94227779314556,2.6061540707989357],[-70.91657061429325,2.560293700445829],[-70.84801813735372,2.5677305172598466],[-70.76599999530106,2.5392227194727797],[-70.70724072935289,2.4722913681466245],[-70.6350157982916,2.3483444212463356],[-70.63011919279592,2.312399806645252],[-70.54320444524758,2.2801736004511772],[-70.6350157982916,2.2293553522220586],[-70.84679398597979,2.1760581650549344],[-71.01450272420686,2.21696065753203],[-71.09652086625951,2.218200127001033],[-71.17364240281648,2.1859739208069575],[-71.26300545311267,2.278934130982174],[-71.24953978799954,2.344626012839327],[-71.35971341165236,2.2913288256722026],[-71.45274891607029,2.21696065753203],[-71.52497384713159,2.22563694381505],[-71.55312932873176,2.117803100011799],[-71.61433689742776,2.1525082451438795],[-71.65840634688888,2.2392711079740817],[-71.72451052108057,2.236792169036076],[-71.79061469527227,2.2851314783271883],[-71.8346841447334,2.2293553522220586],[-71.90323662167293,2.202087023903995],[-71.97913400685599,2.2714973141681565],[-72.05380724066511,2.2962867035482146],[-72.101549144248,2.3433865433703245],[-72.23253334125747,2.3681759327503817],[-72.47246701054583,2.3731338106263937],[-72.48715682703286,2.39296532213044],[-72.63160668915545,2.4251915283245147],[-72.74912522105178,2.431388875669529],[-72.79809127600859,2.2950472340792114],[-72.94254113813118,2.255384211071119],[-72.99028304171406,2.1562266535508883],[-73.04292155079264,2.0607875044376662],[-73.11024987635824,2.022363950898577],[-73.14942272032368,2.069463790720686],[-73.28652767420276,2.0236034203675795],[-73.30856239893332,2.054590157092652],[-73.41383941709046,2.0682243212516838],[-73.50442661876055,2.031040237181597],[-73.56563418745657,2.064505912844675],[-73.66111799462233,2.0620269739066694],[-73.66111799462233,2.293807764610209],[-73.63173836164825,2.3533022991223476],[-73.51421982975191,2.349583890715339],[-73.4468915041863,2.3855285053164224],[-73.39058054098598,2.3520628296533443],[-73.29876918794196,2.335949726556307],[-73.24000992199379,2.389246913723431],[-73.15309517444545,2.3669364632813794],[-73.06985288101887,2.4251915283245147],[-73.01231776644462,2.4338678146075345],[-72.94131698675726,2.5243490858447455],[-72.92173056477453,2.560293700445829],[-72.8164535466174,2.6148303570819564],[-72.73565955593867,2.5714489256668553],[-72.70015916609498,2.6197882349579675],[-72.59977875343353,2.6148303570819564],[-72.56305421221592,2.6817617084081116],[-72.48593267565894,2.6854801168151203],[-72.43574246932822,2.7400167734512477],[-72.25211976324019,2.823061227874441],[-72.2043778596573,2.8590058424755247],[-72.11256650661328,2.875118945572562],[-72.04646233242158,2.818103349998429],[-71.85794302083788,2.8428927393784873],[-71.74164864031546,2.883795231855582],[-71.65228559001929,2.8205822889364347],[-71.46866288393126,2.893710987607605],[-71.38909304462645,2.845371678316493],[-71.32910962730435,2.8924715181386027],[-71.2776952695997,2.8676821287585446],[-71.07693444427679,2.8825557623865796]]]}},{"type":"Feature","properties":{"dep":"95","muni":"015","name":"CALAMAR","dep_name":"GUAVIARE"},"geometry":{"type":"Polygon","coordinates":[[[-72.43574246932822,1.855035572583187],[-72.36474168964085,1.78314634338102],[-72.40636283635413,1.741004381434922],[-72.40024207948453,1.6145784955966276],[-72.32434469430147,1.5997048619685934],[-72.29496506132739,1.5315340411734342],[-72.36474168964085,1.5104630602003857],[-72.40024207948453,1.4385738309982177],[-72.52388136825047,1.444771178343232],[-72.57774402870297,1.4856736708203275],[-72.7258663449473,1.1857220593216296],[-72.87031620706989,1.1460590363135372],[-72.85685054195676,1.0431830703862977],[-73.04536985354048,0.9056019593269768],[-73.07842194063632,0.8944467341059514],[-73.21675104588931,0.997322700033191],[-73.23878577061987,1.0320278451652714],[-73.32202806404644,1.0803671544563844],[-73.39302884373382,1.1472985057825396],[-73.41383941709046,1.245216593833768],[-73.47627113716038,1.3617267239200386],[-73.6586696918745,1.5761549420575385],[-73.65989384324841,1.612099556658622],[-73.66111799462233,2.0620269739066694],[-73.56563418745657,2.064505912844675],[-73.50442661876055,2.031040237181597],[-73.41383941709046,2.0682243212516838],[-73.30856239893332,2.054590157092652],[-73.28652767420276,2.0236034203675795],[-73.14942272032368,2.069463790720686],[-73.11024987635824,2.022363950898577],[-73.04292155079264,2.0607875044376662],[-72.99028304171406,2.1562266535508883],[-72.85195393646109,2.1909317986829695],[-72.78462561089547,2.145071428329863],[-72.76626334028667,2.0917742411627387],[-72.67445198724266,2.1277188557638222],[-72.60345120755528,2.083097954879718],[-72.45655304268486,1.955432599572421],[-72.43574246932822,1.855035572583187]]]}},{"type":"Feature","properties":{"dep":"95","muni":"025","name":"EL RETORNO","dep_name":"GUAVIARE"},"geometry":{"type":"Polygon","coordinates":[[[-70.54320444524758,2.2801736004511772],[-70.49668669303861,2.2343132300980706],[-70.42691006472516,2.2677789057611486],[-70.31061568420274,2.20828437124901],[-70.25185641825458,2.26406049735414],[-70.18942469818465,2.231834291160064],[-70.07068201491438,2.2913288256722026],[-69.99600878110526,2.2243974743460475],[-70.1012857992624,2.117803100011799],[-70.10985485887983,2.0806190159417124],[-70.18820054681072,2.0236034203675795],[-70.22982169352402,2.0347586455886058],[-70.44159988121221,1.9938561531115102],[-70.48689348204725,1.9492352522274068],[-70.70479242660505,1.907093290281309],[-70.89453588956269,1.9194879849713375],[-70.98879554535453,1.8240488358581155],[-71.16507334319905,1.7558780150629563],[-71.2532122421213,1.6703546217017573],[-71.3927654987482,1.73604650355891],[-71.49804251690534,1.7769489960360056],[-71.65963049826281,1.8091752022300804],[-71.7857180897766,1.8723881451492277],[-71.86896038320316,1.8860223093082595],[-71.91792643815997,1.9603904774484322],[-72.02932421318671,1.9950956225805134],[-72.08196272226527,1.9703062332004553],[-72.43574246932822,1.855035572583187],[-72.45655304268486,1.955432599572421],[-72.60345120755528,2.083097954879718],[-72.67445198724266,2.1277188557638222],[-72.76626334028667,2.0917742411627387],[-72.78462561089547,2.145071428329863],[-72.85195393646109,2.1909317986829695],[-72.99028304171406,2.1562266535508883],[-72.94254113813118,2.255384211071119],[-72.79809127600859,2.2950472340792114],[-72.74912522105178,2.431388875669529],[-72.63160668915545,2.4251915283245147],[-72.48715682703286,2.39296532213044],[-72.47246701054583,2.3731338106263937],[-72.23253334125747,2.3681759327503817],[-72.101549144248,2.3433865433703245],[-72.05380724066511,2.2962867035482146],[-71.97913400685599,2.2714973141681565],[-71.90323662167293,2.202087023903995],[-71.8346841447334,2.2293553522220586],[-71.79061469527227,2.2851314783271883],[-71.72451052108057,2.236792169036076],[-71.65840634688888,2.2392711079740817],[-71.61433689742776,2.1525082451438795],[-71.55312932873176,2.117803100011799],[-71.52497384713159,2.22563694381505],[-71.45274891607029,2.21696065753203],[-71.35971341165236,2.2913288256722026],[-71.24953978799954,2.344626012839327],[-71.26300545311267,2.278934130982174],[-71.17364240281648,2.1859739208069575],[-71.09652086625951,2.218200127001033],[-71.01450272420686,2.21696065753203],[-70.84679398597979,2.1760581650549344],[-70.6350157982916,2.2293553522220586],[-70.54320444524758,2.2801736004511772]]]}},{"type":"Feature","properties":{"dep":"95","muni":"200","name":"MIRAFLORES","dep_name":"GUAVIARE"},"geometry":{"type":"Polygon","coordinates":[[[-71.3927654987482,1.73604650355891],[-71.39031719600037,1.5984653924995902],[-71.43805909958326,1.5464076748014692],[-71.45519721881813,1.4646026898472781],[-71.54700857186215,1.2700059832138253],[-71.5739399020884,1.0816066239253868],[-71.64126822765401,0.9948437610951846],[-71.74042448894154,0.9849280053431615],[-71.80285620901147,0.8882493867609371],[-72.03299666730847,0.6639054128714141],[-72.08073857089136,0.7048079053485097],[-72.19091219454418,0.7271183557905614],[-72.26925788247507,0.763062970391645],[-72.39901792811061,1.002280577909202],[-72.46757040505014,1.0840855628633923],[-72.5079674003895,1.067972459766355],[-72.65119311113817,1.1720878951625977],[-72.7258663449473,1.1857220593216296],[-72.57774402870297,1.4856736708203275],[-72.52388136825047,1.444771178343232],[-72.40024207948453,1.4385738309982177],[-72.36474168964085,1.5104630602003857],[-72.29496506132739,1.5315340411734342],[-72.32434469430147,1.5997048619685934],[-72.40024207948453,1.6145784955966276],[-72.40636283635413,1.741004381434922],[-72.36474168964085,1.78314634338102],[-72.43574246932822,1.855035572583187],[-72.08196272226527,1.9703062332004553],[-72.02932421318671,1.9950956225805134],[-71.91792643815997,1.9603904774484322],[-71.86896038320316,1.8860223093082595],[-71.7857180897766,1.8723881451492277],[-71.65963049826281,1.8091752022300804],[-71.49804251690534,1.7769489960360056],[-71.3927654987482,1.73604650355891]]]}},{"type":"Feature","properties":{"dep":"17","muni":"001","name":"MANIZALES","dep_name":"CALDAS"},"geometry":{"type":"Polygon","coordinates":[[[-75.32841216590165,5.041711577389606],[-75.47531033077207,5.026837943761571],[-75.58793225717274,4.984695981815474],[-75.60262207365977,5.015682718540544],[-75.66627794510363,5.077656191990689],[-75.67729530746891,5.1408691349098365],[-75.66260549098186,5.165658524289894],[-75.48632769313735,5.142108604378839],[-75.3492227392583,5.108642928715762],[-75.33820537689301,5.0454299857966145],[-75.32841216590165,5.041711577389606]]]}},{"type":"Feature","properties":{"dep":"17","muni":"013","name":"AGUADAS","dep_name":"CALDAS"},"geometry":{"type":"Polygon","coordinates":[[[-75.56956998656393,5.724659254810195],[-75.5561043214508,5.724659254810195],[-75.47898278489383,5.663925250829054],[-75.42389597306743,5.696151457023129],[-75.31127404666677,5.510231036672696],[-75.31617065216244,5.4594127884435775],[-75.38105067498022,5.419749765435485],[-75.37248161536277,5.496596872513665],[-75.41410276207607,5.542457242866771],[-75.49734505550263,5.577162387998852],[-75.57079413793785,5.543696712335775],[-75.58058734892921,5.605670185785918],[-75.59894961953802,5.681277823395094],[-75.56956998656393,5.724659254810195]]]}},{"type":"Feature","properties":{"dep":"17","muni":"486","name":"NEIRA","dep_name":"CALDAS"},"geometry":{"type":"Polygon","coordinates":[[[-75.55243186732905,5.211518894643001],[-75.49122429863304,5.23258987561605],[-75.37248161536277,5.2214346503950235],[-75.33575707414516,5.196645261014966],[-75.3492227392583,5.108642928715762],[-75.48632769313735,5.142108604378839],[-75.66260549098186,5.165658524289894],[-75.69320927532986,5.254900326058102],[-75.66627794510363,5.275971307031151],[-75.64913982586874,5.233829345085052],[-75.55243186732905,5.211518894643001]]]}},{"type":"Feature","properties":{"dep":"17","muni":"446","name":"MARULANDA","dep_name":"CALDAS"},"geometry":{"type":"Polygon","coordinates":[[[-75.2096694826314,5.285887062783173],[-75.24149741835332,5.252421387120096],[-75.2096694826314,5.175574280041918],[-75.16682418454418,5.169376932696903],[-75.23537666148371,5.1259955012818015],[-75.28801517056229,5.13839019597183],[-75.33820537689301,5.0454299857966145],[-75.3492227392583,5.108642928715762],[-75.33575707414516,5.196645261014966],[-75.37248161536277,5.2214346503950235],[-75.34799858788438,5.329268494198274],[-75.28679101918836,5.346621066764316],[-75.21089363400532,5.3503394751713245],[-75.2096694826314,5.285887062783173]]]}},{"type":"Feature","properties":{"dep":"17","muni":"444","name":"MARQUETALIA","dep_name":"CALDAS"},"geometry":{"type":"Polygon","coordinates":[[[-74.96239090509951,5.341663188888305],[-74.96728751059518,5.300760696411208],[-75.00033959769104,5.292084410128188],[-75.06032301501313,5.27101342915514],[-75.1190822809613,5.309436982694228],[-75.0346158361608,5.344142127826309],[-74.96239090509951,5.341663188888305]]]}},{"type":"Feature","properties":{"dep":"17","muni":"442","name":"MARMATO","dep_name":"CALDAS"},"geometry":{"type":"Polygon","coordinates":[[[-75.57691489480744,5.516428384017711],[-75.58181150030313,5.456933849505573],[-75.58548395442489,5.4457786242845465],[-75.6405707662513,5.530062548176742],[-75.57691489480744,5.516428384017711]]]}},{"type":"Feature","properties":{"dep":"17","muni":"433","name":"MANZANARES","dep_name":"CALDAS"},"geometry":{"type":"Polygon","coordinates":[[[-75.1190822809613,5.309436982694228],[-75.06032301501313,5.27101342915514],[-75.11663397821346,5.160700646413883],[-75.1496860653093,5.1644190548208915],[-75.16682418454418,5.169376932696903],[-75.2096694826314,5.175574280041918],[-75.24149741835332,5.252421387120096],[-75.2096694826314,5.285887062783173],[-75.1190822809613,5.309436982694228]]]}},{"type":"Feature","properties":{"dep":"17","muni":"388","name":"LA MERCED","dep_name":"CALDAS"},"geometry":{"type":"Polygon","coordinates":[[[-75.53284544534633,5.442060215877538],[-75.51081072061577,5.334226372074287],[-75.54019035358985,5.328029024729272],[-75.60751867915546,5.376368334020384],[-75.58548395442489,5.4457786242845465],[-75.58181150030313,5.456933849505573],[-75.53284544534633,5.442060215877538]]]}},{"type":"Feature","properties":{"dep":"17","muni":"380","name":"LA DORADA","dep_name":"CALDAS"},"geometry":{"type":"Polygon","coordinates":[[[-74.6649221212369,5.768040686225296],[-74.66124966711514,5.751927583128259],[-74.62697342864537,5.697390926492131],[-74.67471533222826,5.516428384017711],[-74.65023230474986,5.442060215877538],[-74.73469874955035,5.287126532252177],[-74.78978556137676,5.2982817574732035],[-74.79468216687245,5.370170986675371],[-74.74204365779387,5.456933849505573],[-74.70531911657626,5.566007162777826],[-74.81304443748124,5.604430716316916],[-74.73959535504603,5.699869865430138],[-74.7138881761937,5.7692801556942985],[-74.6649221212369,5.768040686225296]]]}},{"type":"Feature","properties":{"dep":"17","muni":"272","name":"FILADELFIA","dep_name":"CALDAS"},"geometry":{"type":"Polygon","coordinates":[[[-75.54019035358985,5.328029024729272],[-75.51937978023321,5.2734923680931445],[-75.55243186732905,5.211518894643001],[-75.64913982586874,5.233829345085052],[-75.66627794510363,5.275971307031151],[-75.64791567449483,5.306958043756223],[-75.6099669819033,5.375128864551382],[-75.60751867915546,5.376368334020384],[-75.54019035358985,5.328029024729272]]]}},{"type":"Feature","properties":{"dep":"17","muni":"174","name":"CHINCHINÁ","dep_name":"CALDAS"},"geometry":{"type":"Polygon","coordinates":[[[-75.60262207365977,5.015682718540544],[-75.58793225717274,4.984695981815474],[-75.57201828931177,4.93635667252436],[-75.71401984868652,4.95742765349741],[-75.74707193578236,5.046669455265617],[-75.7433994816606,5.051627333141628],[-75.71034739456475,5.077656191990689],[-75.68953682120811,5.0070064322575245],[-75.60262207365977,5.015682718540544]]]}},{"type":"Feature","properties":{"dep":"17","muni":"088","name":"BELALCÁZAR","dep_name":"CALDAS"},"geometry":{"type":"Polygon","coordinates":[[[-75.7740032660086,5.062782558362654],[-75.7433994816606,5.051627333141628],[-75.74707193578236,5.046669455265617],[-75.81440026134797,4.91900409995832],[-75.86703877042653,4.933877733586355],[-75.86091801355694,4.942554019869375],[-75.8584697108091,5.00452749331952],[-75.7740032660086,5.062782558362654]]]}},{"type":"Feature","properties":{"dep":"17","muni":"050","name":"ARANZAZU","dep_name":"CALDAS"},"geometry":{"type":"Polygon","coordinates":[[[-75.37248161536277,5.2214346503950235],[-75.49122429863304,5.23258987561605],[-75.55243186732905,5.211518894643001],[-75.51937978023321,5.2734923680931445],[-75.54019035358985,5.328029024729272],[-75.51081072061577,5.334226372074287],[-75.39329218871941,5.2734923680931445],[-75.37248161536277,5.2214346503950235]]]}},{"type":"Feature","properties":{"dep":"17","muni":"042","name":"ANSERMA","dep_name":"CALDAS"},"geometry":{"type":"Polygon","coordinates":[[[-75.74829608715628,5.284647593314171],[-75.69320927532986,5.254900326058102],[-75.66260549098186,5.165658524289894],[-75.67729530746891,5.1408691349098365],[-75.70422663769516,5.1123613371227705],[-75.76298590364333,5.175574280041918],[-75.81072780722621,5.117319214998782],[-75.83643498607853,5.114840276060775],[-75.80215874760877,5.197884730483969],[-75.82419347233933,5.269773959686136],[-75.74829608715628,5.284647593314171]]]}},{"type":"Feature","properties":{"dep":"17","muni":"495","name":"NORCASIA","dep_name":"CALDAS"},"geometry":{"type":"Polygon","coordinates":[[[-74.73959535504603,5.699869865430138],[-74.81304443748124,5.604430716316916],[-74.89016597403821,5.558570345963808],[-74.9379078776211,5.619304349944951],[-74.86201049243806,5.677559414988085],[-74.88037276304685,5.745730235783244],[-74.80692368061165,5.699869865430138],[-74.73959535504603,5.699869865430138]]]}},{"type":"Feature","properties":{"dep":"17","muni":"877","name":"VITERBO","dep_name":"CALDAS"},"geometry":{"type":"Polygon","coordinates":[[[-75.83643498607853,5.114840276060775],[-75.81072780722621,5.117319214998782],[-75.84377989432205,5.085093008804707],[-75.8584697108091,5.00452749331952],[-75.86091801355694,4.942554019869375],[-75.92212558225295,5.041711577389606],[-75.88417688966142,5.130953379157813],[-75.83643498607853,5.114840276060775]]]}},{"type":"Feature","properties":{"dep":"17","muni":"873","name":"VILLAMARÍA","dep_name":"CALDAS"},"geometry":{"type":"Polygon","coordinates":[[[-75.32841216590165,5.041711577389606],[-75.35411934475397,4.962385531373421],[-75.33453292277125,4.899172588454274],[-75.31984310628421,4.892975241109259],[-75.31861895491029,4.886777893764245],[-75.37492991811062,4.8024939698720495],[-75.42756842718919,4.81612813403108],[-75.4826552390156,4.916525161020314],[-75.57201828931177,4.93635667252436],[-75.58793225717274,4.984695981815474],[-75.47531033077207,5.026837943761571],[-75.32841216590165,5.041711577389606]]]}},{"type":"Feature","properties":{"dep":"17","muni":"867","name":"VICTORIA","dep_name":"CALDAS"},"geometry":{"type":"Polygon","coordinates":[[[-74.81304443748124,5.604430716316916],[-74.70531911657626,5.566007162777826],[-74.74204365779387,5.456933849505573],[-74.79468216687245,5.370170986675371],[-74.78978556137676,5.2982817574732035],[-74.86078634106413,5.305718574287221],[-74.96728751059518,5.300760696411208],[-74.96239090509951,5.341663188888305],[-74.9134248501427,5.402397192869445],[-74.91832145563838,5.46437066631959],[-74.89016597403821,5.558570345963808],[-74.81304443748124,5.604430716316916]]]}},{"type":"Feature","properties":{"dep":"17","muni":"777","name":"SUPÍA","dep_name":"CALDAS"},"geometry":{"type":"Polygon","coordinates":[[[-75.6405707662513,5.530062548176742],[-75.58548395442489,5.4457786242845465],[-75.60751867915546,5.376368334020384],[-75.6099669819033,5.375128864551382],[-75.64669152312091,5.380086742427393],[-75.70422663769516,5.53749936499076],[-75.6405707662513,5.530062548176742]]]}},{"type":"Feature","properties":{"dep":"17","muni":"665","name":"SAN JOSÉ","dep_name":"CALDAS"},"geometry":{"type":"Polygon","coordinates":[[[-75.7740032660086,5.062782558362654],[-75.8584697108091,5.00452749331952],[-75.84377989432205,5.085093008804707],[-75.7740032660086,5.062782558362654]]]}},{"type":"Feature","properties":{"dep":"17","muni":"662","name":"SAMANÁ","dep_name":"CALDAS"},"geometry":{"type":"Polygon","coordinates":[[[-74.89016597403821,5.558570345963808],[-74.91832145563838,5.46437066631959],[-74.9134248501427,5.402397192869445],[-74.96239090509951,5.341663188888305],[-75.0346158361608,5.344142127826309],[-75.08480604249154,5.428426051718505],[-75.0835818911176,5.506512628265687],[-75.13254794607442,5.5412177733977686],[-75.06889207463057,5.662685781360052],[-74.99299468944751,5.715982968527175],[-74.88037276304685,5.745730235783244],[-74.86201049243806,5.677559414988085],[-74.9379078776211,5.619304349944951],[-74.89016597403821,5.558570345963808]]]}},{"type":"Feature","properties":{"dep":"17","muni":"653","name":"SALAMINA","dep_name":"CALDAS"},"geometry":{"type":"Polygon","coordinates":[[[-75.38105067498022,5.419749765435485],[-75.31617065216244,5.4594127884435775],[-75.28067026231876,5.411073479152465],[-75.28679101918836,5.346621066764316],[-75.34799858788438,5.329268494198274],[-75.37248161536277,5.2214346503950235],[-75.39329218871941,5.2734923680931445],[-75.51081072061577,5.334226372074287],[-75.53284544534633,5.442060215877538],[-75.45572390878935,5.454454910567566],[-75.38105067498022,5.419749765435485]]]}},{"type":"Feature","properties":{"dep":"17","muni":"616","name":"RISARALDA","dep_name":"CALDAS"},"geometry":{"type":"Polygon","coordinates":[[[-75.70422663769516,5.1123613371227705],[-75.71034739456475,5.077656191990689],[-75.7433994816606,5.051627333141628],[-75.7740032660086,5.062782558362654],[-75.84377989432205,5.085093008804707],[-75.81072780722621,5.117319214998782],[-75.76298590364333,5.175574280041918],[-75.70422663769516,5.1123613371227705]]]}},{"type":"Feature","properties":{"dep":"17","muni":"541","name":"PENSILVANIA","dep_name":"CALDAS"},"geometry":{"type":"Polygon","coordinates":[[[-75.0346158361608,5.344142127826309],[-75.1190822809613,5.309436982694228],[-75.2096694826314,5.285887062783173],[-75.21089363400532,5.3503394751713245],[-75.28679101918836,5.346621066764316],[-75.28067026231876,5.411073479152465],[-75.31617065216244,5.4594127884435775],[-75.2831185650666,5.475525891540615],[-75.13254794607442,5.5412177733977686],[-75.0835818911176,5.506512628265687],[-75.08480604249154,5.428426051718505],[-75.0346158361608,5.344142127826309]]]}},{"type":"Feature","properties":{"dep":"17","muni":"524","name":"PALESTINA","dep_name":"CALDAS"},"geometry":{"type":"Polygon","coordinates":[[[-75.60262207365977,5.015682718540544],[-75.68953682120811,5.0070064322575245],[-75.71034739456475,5.077656191990689],[-75.70422663769516,5.1123613371227705],[-75.67729530746891,5.1408691349098365],[-75.66627794510363,5.077656191990689],[-75.60262207365977,5.015682718540544]]]}},{"type":"Feature","properties":{"dep":"17","muni":"513","name":"PÁCORA","dep_name":"CALDAS"},"geometry":{"type":"Polygon","coordinates":[[[-75.38105067498022,5.419749765435485],[-75.45572390878935,5.454454910567566],[-75.53284544534633,5.442060215877538],[-75.58181150030313,5.456933849505573],[-75.57691489480744,5.516428384017711],[-75.57079413793785,5.543696712335775],[-75.49734505550263,5.577162387998852],[-75.41410276207607,5.542457242866771],[-75.37248161536277,5.496596872513665],[-75.38105067498022,5.419749765435485]]]}},{"type":"Feature","properties":{"dep":"17","muni":"614","name":"RIOSUCIO","dep_name":"CALDAS"},"geometry":{"type":"Polygon","coordinates":[[[-75.71401984868652,5.547415120742782],[-75.70422663769516,5.53749936499076],[-75.64669152312091,5.380086742427393],[-75.6099669819033,5.375128864551382],[-75.64791567449483,5.306958043756223],[-75.69810588082555,5.377607803489388],[-75.75074438990411,5.386284089772408],[-75.83276253195677,5.361494700392351],[-75.86826292180046,5.49039952516865],[-75.72993381654747,5.563528223839821],[-75.71401984868652,5.547415120742782]]]}},{"type":"Feature","properties":{"dep":"63","muni":"001","name":"ARMENIA","dep_name":"QUINDIO"},"geometry":{"type":"Polygon","coordinates":[[[-75.63322585800778,4.569473709699507],[-75.71891645418219,4.4492451712062255],[-75.7740032660086,4.3947085145701],[-75.79726214211308,4.478992438462296],[-75.74095117891275,4.5397264424434365],[-75.64301906899914,4.588065751734549],[-75.63322585800778,4.569473709699507]]]}},{"type":"Feature","properties":{"dep":"63","muni":"111","name":"BUENAVISTA","dep_name":"QUINDIO"},"geometry":{"type":"Polygon","coordinates":[[[-75.72748551379964,4.405863739791126],[-75.71646815143436,4.377355942004058],[-75.78379647699997,4.346369205278988],[-75.72748551379964,4.405863739791126]]]}},{"type":"Feature","properties":{"dep":"63","muni":"130","name":"CALARCÁ","dep_name":"QUINDIO"},"geometry":{"type":"Polygon","coordinates":[[[-75.5561043214508,4.471555621648278],[-75.58303565167705,4.424455781826168],[-75.72748551379964,4.405863739791126],[-75.78379647699997,4.346369205278988],[-75.79236553661741,4.337692918995966],[-75.80338289898269,4.395947984039102],[-75.7740032660086,4.3947085145701],[-75.71891645418219,4.4492451712062255],[-75.63322585800778,4.569473709699507],[-75.5561043214508,4.471555621648278]]]}},{"type":"Feature","properties":{"dep":"63","muni":"190","name":"CIRCASIA","dep_name":"QUINDIO"},"geometry":{"type":"Polygon","coordinates":[[[-75.60017377091194,4.676068084033755],[-75.64301906899914,4.588065751734549],[-75.74095117891275,4.5397264424434365],[-75.73483042204316,4.580628934920533],[-75.69933003219947,4.607897263238595],[-75.60017377091194,4.676068084033755]]]}},{"type":"Feature","properties":{"dep":"63","muni":"212","name":"CÓRDOBA","dep_name":"QUINDIO"},"geometry":{"type":"Polygon","coordinates":[[[-75.58303565167705,4.424455781826168],[-75.59282886266841,4.361242838907021],[-75.71646815143436,4.377355942004058],[-75.72748551379964,4.405863739791126],[-75.58303565167705,4.424455781826168]]]}},{"type":"Feature","properties":{"dep":"63","muni":"272","name":"FILANDIA","dep_name":"QUINDIO"},"geometry":{"type":"Polygon","coordinates":[[[-75.56467338106825,4.700857473413812],[-75.60017377091194,4.676068084033755],[-75.69933003219947,4.607897263238595],[-75.74095117891275,4.654997103060705],[-75.70912324319083,4.679786492440764],[-75.71401984868652,4.713252168103841],[-75.56467338106825,4.700857473413812]]]}},{"type":"Feature","properties":{"dep":"63","muni":"302","name":"GÉNOVA","dep_name":"QUINDIO"},"geometry":{"type":"Polygon","coordinates":[[[-75.6589330368601,4.222422258378698],[-75.69688172945163,4.131940987141487],[-75.75196854127805,4.077404330505361],[-75.8401074402003,4.100954250416416],[-75.82541762371325,4.21498544156468],[-75.79481383936525,4.310424590677902],[-75.72626136242572,4.229859075192715],[-75.6589330368601,4.222422258378698]]]}},{"type":"Feature","properties":{"dep":"63","muni":"401","name":"LA TEBAIDA","dep_name":"QUINDIO"},"geometry":{"type":"Polygon","coordinates":[[[-75.7740032660086,4.3947085145701],[-75.80338289898269,4.395947984039102],[-75.86703877042653,4.410821617667137],[-75.87805613279183,4.409582148198133],[-75.8951942520267,4.425695251295172],[-75.86948707317438,4.454203049082238],[-75.79726214211308,4.478992438462296],[-75.7740032660086,4.3947085145701]]]}},{"type":"Feature","properties":{"dep":"63","muni":"470","name":"MONTENEGRO","dep_name":"QUINDIO"},"geometry":{"type":"Polygon","coordinates":[[[-75.74095117891275,4.5397264424434365],[-75.79726214211308,4.478992438462296],[-75.86948707317438,4.454203049082238],[-75.88050443553966,4.531050156160417],[-75.86703877042653,4.57567105704452],[-75.73483042204316,4.580628934920533],[-75.74095117891275,4.5397264424434365]]]}},{"type":"Feature","properties":{"dep":"63","muni":"548","name":"PIJAO","dep_name":"QUINDIO"},"geometry":{"type":"Polygon","coordinates":[[[-75.59282886266841,4.361242838907021],[-75.5977254681641,4.279437853952832],[-75.6589330368601,4.222422258378698],[-75.72626136242572,4.229859075192715],[-75.79481383936525,4.310424590677902],[-75.79236553661741,4.337692918995966],[-75.78379647699997,4.346369205278988],[-75.71646815143436,4.377355942004058],[-75.59282886266841,4.361242838907021]]]}},{"type":"Feature","properties":{"dep":"63","muni":"594","name":"QUIMBAYA","dep_name":"QUINDIO"},"geometry":{"type":"Polygon","coordinates":[[[-75.74095117891275,4.654997103060705],[-75.69933003219947,4.607897263238595],[-75.73483042204316,4.580628934920533],[-75.86703877042653,4.57567105704452],[-75.86581461905261,4.612855141114608],[-75.82786592646109,4.659954980936718],[-75.74095117891275,4.654997103060705]]]}},{"type":"Feature","properties":{"dep":"63","muni":"690","name":"SALENTO","dep_name":"QUINDIO"},"geometry":{"type":"Polygon","coordinates":[[[-75.38349897772805,4.70829429022783],[-75.3859472804759,4.700857473413812],[-75.41532691344999,4.62277089686663],[-75.48510354176344,4.581868404389535],[-75.5561043214508,4.471555621648278],[-75.63322585800778,4.569473709699507],[-75.64301906899914,4.588065751734549],[-75.60017377091194,4.676068084033755],[-75.56467338106825,4.700857473413812],[-75.49244845000696,4.666152328281731],[-75.38839558322374,4.715731107041847],[-75.38349897772805,4.70829429022783]]]}},{"type":"Feature","properties":{"dep":"66","muni":"001","name":"PEREIRA","dep_name":"RISARALDA"},"geometry":{"type":"Polygon","coordinates":[[[-75.70789909181691,4.8731437296052125],[-75.71891645418219,4.829762298190111],[-75.64546737174699,4.7925782141200255],[-75.52182808298105,4.69961800394481],[-75.46918957390247,4.719449515448856],[-75.37492991811062,4.8024939698720495],[-75.38839558322374,4.715731107041847],[-75.49244845000696,4.666152328281731],[-75.56467338106825,4.700857473413812],[-75.71401984868652,4.713252168103841],[-75.85602140806125,4.728125801731876],[-75.93559124736606,4.807451847748061],[-75.91478067400942,4.8731437296052125],[-75.88540104103534,4.892975241109259],[-75.81562441272189,4.906609405268291],[-75.7740032660086,4.869425321198204],[-75.70789909181691,4.8731437296052125]]]}},{"type":"Feature","properties":{"dep":"66","muni":"045","name":"APÍA","dep_name":"RISARALDA"},"geometry":{"type":"Polygon","coordinates":[[[-75.92824633912255,5.226392528271035],[-75.93069464187039,5.17681374951092],[-75.88417688966142,5.130953379157813],[-75.92212558225295,5.041711577389606],[-76.00047127018384,5.127234970750804],[-76.06045468750592,5.132192848626817],[-75.98822975644464,5.15946117694488],[-75.92824633912255,5.226392528271035]]]}},{"type":"Feature","properties":{"dep":"66","muni":"075","name":"BALBOA","dep_name":"RISARALDA"},"geometry":{"type":"Polygon","coordinates":[[[-75.88172858691358,4.912806752613305],[-75.88540104103534,4.892975241109259],[-75.91478067400942,4.8731437296052125],[-75.98945390781856,4.88058054641923],[-75.99067805919248,4.912806752613305],[-75.94538445835744,4.989653859691485],[-75.88172858691358,4.912806752613305]]]}},{"type":"Feature","properties":{"dep":"66","muni":"088","name":"BELÉN DE UMBRÍA","dep_name":"RISARALDA"},"geometry":{"type":"Polygon","coordinates":[[[-75.85112480256558,5.272252898624142],[-75.82419347233933,5.269773959686136],[-75.80215874760877,5.197884730483969],[-75.83643498607853,5.114840276060775],[-75.88417688966142,5.130953379157813],[-75.93069464187039,5.17681374951092],[-75.92824633912255,5.226392528271035],[-75.92457388500078,5.246224039775081],[-75.85112480256558,5.272252898624142]]]}},{"type":"Feature","properties":{"dep":"66","muni":"170","name":"DOSQUEBRADAS","dep_name":"RISARALDA"},"geometry":{"type":"Polygon","coordinates":[[[-75.64546737174699,4.7925782141200255],[-75.71891645418219,4.829762298190111],[-75.70789909181691,4.8731437296052125],[-75.68831266983419,4.88925683270225],[-75.64546737174699,4.878101607481225],[-75.64546737174699,4.7925782141200255]]]}},{"type":"Feature","properties":{"dep":"66","muni":"318","name":"GUÁTICA","dep_name":"RISARALDA"},"geometry":{"type":"Polygon","coordinates":[[[-75.75074438990411,5.386284089772408],[-75.77889987150428,5.324310616322263],[-75.74829608715628,5.284647593314171],[-75.82419347233933,5.269773959686136],[-75.85112480256558,5.272252898624142],[-75.83276253195677,5.361494700392351],[-75.75074438990411,5.386284089772408]]]}},{"type":"Feature","properties":{"dep":"66","muni":"383","name":"LA CELIA","dep_name":"RISARALDA"},"geometry":{"type":"Polygon","coordinates":[[[-75.94538445835744,4.989653859691485],[-75.99067805919248,4.912806752613305],[-76.02740260041008,4.938835611462366],[-76.07759280674081,5.046669455265617],[-75.98945390781856,5.036753699513595],[-75.94538445835744,4.989653859691485]]]}},{"type":"Feature","properties":{"dep":"66","muni":"400","name":"LA VIRGINIA","dep_name":"RISARALDA"},"geometry":{"type":"Polygon","coordinates":[[[-75.81440026134797,4.91900409995832],[-75.81562441272189,4.906609405268291],[-75.88540104103534,4.892975241109259],[-75.88172858691358,4.912806752613305],[-75.86703877042653,4.933877733586355],[-75.81440026134797,4.91900409995832]]]}},{"type":"Feature","properties":{"dep":"66","muni":"440","name":"MARSELLA","dep_name":"RISARALDA"},"geometry":{"type":"Polygon","coordinates":[[[-75.71401984868652,4.95742765349741],[-75.68831266983419,4.88925683270225],[-75.70789909181691,4.8731437296052125],[-75.7740032660086,4.869425321198204],[-75.81562441272189,4.906609405268291],[-75.81440026134797,4.91900409995832],[-75.74707193578236,5.046669455265617],[-75.71401984868652,4.95742765349741]]]}},{"type":"Feature","properties":{"dep":"66","muni":"456","name":"MISTRATÓ","dep_name":"RISARALDA"},"geometry":{"type":"Polygon","coordinates":[[[-75.90621161439199,5.48172323888563],[-75.86826292180046,5.49039952516865],[-75.83276253195677,5.361494700392351],[-75.85112480256558,5.272252898624142],[-75.92457388500078,5.246224039775081],[-75.95395351797487,5.3404237194193005],[-76.06167883887986,5.366452578268362],[-76.08861016910609,5.447018093753549],[-76.08493771498433,5.533780956583751],[-76.00904032980128,5.567246632246828],[-75.98333315094895,5.518907322955716],[-75.90621161439199,5.48172323888563]]]}},{"type":"Feature","properties":{"dep":"66","muni":"572","name":"PUEBLO RICO","dep_name":"RISARALDA"},"geometry":{"type":"Polygon","coordinates":[[[-76.08861016910609,5.447018093753549],[-76.06167883887986,5.366452578268362],[-75.95395351797487,5.3404237194193005],[-75.92457388500078,5.246224039775081],[-75.92824633912255,5.226392528271035],[-75.98822975644464,5.15946117694488],[-76.06045468750592,5.132192848626817],[-76.13267961856722,5.183011096855935],[-76.20123209550675,5.321831677384258],[-76.19143888451539,5.414791887559474],[-76.08861016910609,5.447018093753549]]]}},{"type":"Feature","properties":{"dep":"66","muni":"594","name":"QUINCHÍA","dep_name":"RISARALDA"},"geometry":{"type":"Polygon","coordinates":[[[-75.64791567449483,5.306958043756223],[-75.66627794510363,5.275971307031151],[-75.69320927532986,5.254900326058102],[-75.74829608715628,5.284647593314171],[-75.77889987150428,5.324310616322263],[-75.75074438990411,5.386284089772408],[-75.69810588082555,5.377607803489388],[-75.64791567449483,5.306958043756223]]]}},{"type":"Feature","properties":{"dep":"66","muni":"682","name":"SANTA ROSA DE CABAL","dep_name":"RISARALDA"},"geometry":{"type":"Polygon","coordinates":[[[-75.57201828931177,4.93635667252436],[-75.4826552390156,4.916525161020314],[-75.42756842718919,4.81612813403108],[-75.37492991811062,4.8024939698720495],[-75.46918957390247,4.719449515448856],[-75.52182808298105,4.69961800394481],[-75.64546737174699,4.7925782141200255],[-75.64546737174699,4.878101607481225],[-75.68831266983419,4.88925683270225],[-75.71401984868652,4.95742765349741],[-75.57201828931177,4.93635667252436]]]}},{"type":"Feature","properties":{"dep":"66","muni":"687","name":"SANTUARIO","dep_name":"RISARALDA"},"geometry":{"type":"Polygon","coordinates":[[[-75.92212558225295,5.041711577389606],[-75.86091801355694,4.942554019869375],[-75.86703877042653,4.933877733586355],[-75.88172858691358,4.912806752613305],[-75.94538445835744,4.989653859691485],[-75.98945390781856,5.036753699513595],[-76.07759280674081,5.046669455265617],[-76.06045468750592,5.132192848626817],[-76.00047127018384,5.127234970750804],[-75.92212558225295,5.041711577389606]]]}},{"type":"Feature","properties":{"dep":"05","muni":"001","name":"MEDELLÍN","dep_name":"ANTIOQUIA"},"geometry":{"type":"Polygon","coordinates":[[[-75.66872624785147,6.372901787098705],[-75.65158812861658,6.333238764090613],[-75.52182808298105,6.2886178632065075],[-75.5010175096244,6.297294149489529],[-75.48632769313735,6.205573408783314],[-75.48510354176344,6.190699775155281],[-75.58303565167705,6.189460305686277],[-75.64791567449483,6.172107733120237],[-75.67974361021675,6.163431446837217],[-75.6944334267038,6.19441818356229],[-75.71034739456475,6.258870595950439],[-75.71769230280827,6.360507092408676],[-75.66872624785147,6.372901787098705]]]}},{"type":"Feature","properties":{"dep":"05","muni":"101","name":"CIUDAD BOLÍVAR","dep_name":"ANTIOQUIA"},"geometry":{"type":"Polygon","coordinates":[[[-75.91478067400942,5.863479835338518],[-75.91478067400942,5.847366732241481],[-75.9551776693488,5.797787953481366],[-76.02005769216656,5.753167052597261],[-76.06535129300161,5.764322277818287],[-76.09840338009745,5.849845671179487],[-76.05433393063633,5.931650656133677],[-75.91478067400942,5.863479835338518]]]}},{"type":"Feature","properties":{"dep":"05","muni":"107","name":"BRICEÑO","dep_name":"ANTIOQUIA"},"geometry":{"type":"Polygon","coordinates":[[[-75.47163787665032,7.049652117174279],[-75.53529374809416,6.990157582662141],[-75.60874283052938,7.055849464519294],[-75.6589330368601,7.028581136201231],[-75.68708851846027,7.08435726230636],[-75.60507037640761,7.17855694195058],[-75.44470654642407,7.249206701683745],[-75.49734505550263,7.132696571597473],[-75.47163787665032,7.049652117174279]]]}},{"type":"Feature","properties":{"dep":"05","muni":"113","name":"BURITICÁ","dep_name":"ANTIOQUIA"},"geometry":{"type":"Polygon","coordinates":[[[-75.84500404569597,6.871168513637864],[-75.8707112245483,6.784405650807662],[-75.83276253195677,6.68029021541142],[-75.88050443553966,6.645585070279338],[-75.95885012347055,6.726150585764527],[-75.98333315094895,6.760855730896608],[-75.95395351797487,6.966607662751086],[-75.91722897675727,6.964128723813081],[-75.84500404569597,6.871168513637864]]]}},{"type":"Feature","properties":{"dep":"05","muni":"120","name":"CÁCERES","dep_name":"ANTIOQUIA"},"geometry":{"type":"Polygon","coordinates":[[[-75.01992601967376,7.581384519376517],[-75.07990943699585,7.515692637519365],[-75.02971923066512,7.4896637786703035],[-74.99421884082143,7.3942246295570815],[-75.04563319852609,7.423971896813152],[-75.16560003317026,7.355801076017993],[-75.24884232659684,7.457437572476229],[-75.27454950544916,7.534284679554409],[-75.33208462002341,7.535524149023411],[-75.36636085849318,7.6185686034466045],[-75.43858578955447,7.669386851675723],[-75.48510354176344,7.736318203001879],[-75.45817221153719,7.834236291053106],[-75.35411934475397,7.868941436185187],[-75.33086046864949,7.925957031759319],[-75.29413592743188,7.89125188662724],[-75.21579023950099,7.944549073794363],[-75.16437588179635,7.8900124171582355],[-75.16437588179635,7.800770615390029],[-75.03339168478688,7.771023348133959],[-75.04196074440432,7.611131786632587],[-75.01992601967376,7.581384519376517]]]}},{"type":"Feature","properties":{"dep":"05","muni":"093","name":"BETULIA","dep_name":"ANTIOQUIA"},"geometry":{"type":"Polygon","coordinates":[[[-75.85479725668733,6.2464759012604105],[-75.84133159157422,6.165910385775222],[-75.99679881606208,6.077908053476017],[-76.04821317376673,6.261349534888446],[-76.0041437243056,6.284899454799499],[-75.93314294461823,6.21672863400434],[-75.85479725668733,6.2464759012604105]]]}},{"type":"Feature","properties":{"dep":"05","muni":"091","name":"BETANIA","dep_name":"ANTIOQUIA"},"geometry":{"type":"Polygon","coordinates":[[[-75.89274594927886,5.754406522066265],[-75.90621161439199,5.697390926492131],[-76.00291957293169,5.670122598174068],[-76.07392035261906,5.677559414988085],[-76.08738601773217,5.6887146402091116],[-76.06535129300161,5.764322277818287],[-76.02005769216656,5.753167052597261],[-75.9551776693488,5.797787953481366],[-75.89274594927886,5.754406522066265]]]}},{"type":"Feature","properties":{"dep":"05","muni":"088","name":"BELLO","dep_name":"ANTIOQUIA"},"geometry":{"type":"Polygon","coordinates":[[[-75.53284544534633,6.389014890195742],[-75.52182808298105,6.2886178632065075],[-75.65158812861658,6.333238764090613],[-75.66872624785147,6.372901787098705],[-75.66260549098186,6.40512799329278],[-75.5916047112945,6.4323963216108435],[-75.53284544534633,6.389014890195742]]]}},{"type":"Feature","properties":{"dep":"05","muni":"086","name":"BELMIRA","dep_name":"ANTIOQUIA"},"geometry":{"type":"Polygon","coordinates":[[[-75.62710510113818,6.785645120276666],[-75.58548395442489,6.6753323375354086],[-75.65403643136442,6.65426135656236],[-75.56467338106825,6.53031440966207],[-75.64546737174699,6.494369795060987],[-75.65036397724266,6.501806611875004],[-75.71769230280827,6.635669314527316],[-75.72014060555611,6.651782417624354],[-75.72626136242572,6.798039814966694],[-75.66750209647755,6.753418914082591],[-75.62710510113818,6.785645120276666]]]}},{"type":"Feature","properties":{"dep":"05","muni":"079","name":"BARBOSA","dep_name":"ANTIOQUIA"},"geometry":{"type":"Polygon","coordinates":[[[-75.26353214308388,6.508003959220019],[-75.24149741835332,6.447269955238877],[-75.3063774411711,6.391493829133747],[-75.40430955108471,6.3654649702846875],[-75.44837900054583,6.436114730017852],[-75.39574049146727,6.441072607893863],[-75.32351556040597,6.5129618370960305],[-75.26353214308388,6.508003959220019]]]}},{"type":"Feature","properties":{"dep":"05","muni":"059","name":"ARMENIA","dep_name":"ANTIOQUIA"},"geometry":{"type":"Polygon","coordinates":[[[-75.8168485640958,6.22540492028736],[-75.74707193578236,6.146078874271176],[-75.76665835776508,6.134923649050151],[-75.85479725668733,6.10021850391807],[-75.84133159157422,6.165910385775222],[-75.85479725668733,6.2464759012604105],[-75.8523489539395,6.248954840198415],[-75.8168485640958,6.22540492028736]]]}},{"type":"Feature","properties":{"dep":"05","muni":"055","name":"ARGELIA","dep_name":"ANTIOQUIA"},"geometry":{"type":"Polygon","coordinates":[[[-74.88037276304685,5.745730235783244],[-74.99299468944751,5.715982968527175],[-75.06889207463057,5.662685781360052],[-75.16070342767458,5.646572678263013],[-75.23537666148371,5.676319945519083],[-75.23660081285763,5.725898724279197],[-75.09827170760465,5.759364399942276],[-74.99054638669968,5.7407723579072325],[-74.88037276304685,5.745730235783244]]]}},{"type":"Feature","properties":{"dep":"05","muni":"051","name":"ARBOLETES","dep_name":"ANTIOQUIA"},"geometry":{"type":"Polygon","coordinates":[[[-76.36404422823814,8.709301736169143],[-76.25142230183748,8.611383648117915],[-76.25509475595925,8.594031075551875],[-76.31997477877701,8.544452296791759],[-76.32854383839445,8.446534208740532],[-76.40321707220359,8.463886781306572],[-76.43382085655159,8.450252617147541],[-76.57092581043065,8.581636380861847],[-76.56602920493498,8.611383648117915],[-76.45095897578648,8.689470224665097],[-76.48645936563015,8.818375049441396],[-76.41301028319495,8.874151175546528],[-76.36404422823814,8.709301736169143]]]}},{"type":"Feature","properties":{"dep":"05","muni":"044","name":"ANZÁ","dep_name":"ANTIOQUIA"},"geometry":{"type":"Polygon","coordinates":[[[-75.83153838058286,6.397691176478762],[-75.85602140806125,6.3270414167455975],[-75.8523489539395,6.248954840198415],[-75.85479725668733,6.2464759012604105],[-75.93314294461823,6.21672863400434],[-76.0041437243056,6.284899454799499],[-75.98822975644464,6.344393989311637],[-75.90498746301806,6.39645170700976],[-75.83153838058286,6.397691176478762]]]}},{"type":"Feature","properties":{"dep":"05","muni":"042","name":"SANTA FÉ DE ANTIOQUIA","dep_name":"ANTIOQUIA"},"geometry":{"type":"Polygon","coordinates":[[[-75.82296932096541,6.641866661872331],[-75.80093459623485,6.537751226476088],[-75.81929686684364,6.410085871168791],[-75.83153838058286,6.397691176478762],[-75.90498746301806,6.39645170700976],[-75.94293615560959,6.458425180459903],[-76.03841996277536,6.504285550813011],[-76.00781617842736,6.634429845058314],[-75.93069464187039,6.622035150368285],[-75.88050443553966,6.645585070279338],[-75.83276253195677,6.68029021541142],[-75.82296932096541,6.641866661872331]]]}},{"type":"Feature","properties":{"dep":"05","muni":"040","name":"ANORÍ","dep_name":"ANTIOQUIA"},"geometry":{"type":"Polygon","coordinates":[[[-74.9134248501427,7.287630255222833],[-75.02115017104768,7.14013338841149],[-75.08480604249154,6.9653681932820835],[-75.17049663866594,6.905873658769945],[-75.22435929911843,6.933141987088009],[-75.22435929911843,7.037257422484251],[-75.25985968896212,7.115343999031433],[-75.31494650078852,7.159964899915536],[-75.31739480353637,7.213262087082661],[-75.3014808356754,7.226896251241692],[-75.29658423017972,7.229375190179699],[-75.1913072120226,7.270277682656793],[-75.16560003317026,7.355801076017993],[-75.04563319852609,7.423971896813152],[-74.99421884082143,7.3942246295570815],[-74.89016597403821,7.392985160088079],[-74.9134248501427,7.287630255222833]]]}},{"type":"Feature","properties":{"dep":"05","muni":"038","name":"ANGOSTURA","dep_name":"ANTIOQUIA"},"geometry":{"type":"Polygon","coordinates":[[[-75.24272156972724,6.9269446397429935],[-75.28801517056229,6.821589734877749],[-75.37860237223238,6.773250425586637],[-75.49000014725911,6.773250425586637],[-75.47163787665032,6.851337002133818],[-75.37492991811062,6.900915780893934],[-75.33575707414516,6.945536681778037],[-75.26842874857957,6.9703260711580945],[-75.24272156972724,6.9269446397429935]]]}},{"type":"Feature","properties":{"dep":"05","muni":"036","name":"ANGELÓPOLIS","dep_name":"ANTIOQUIA"},"geometry":{"type":"Polygon","coordinates":[[[-75.67974361021675,6.163431446837217],[-75.67239870197322,6.118810545953114],[-75.67729530746891,6.087823809228041],[-75.74707193578236,6.069231767192997],[-75.76665835776508,6.134923649050151],[-75.74707193578236,6.146078874271176],[-75.6944334267038,6.19441818356229],[-75.67974361021675,6.163431446837217]]]}},{"type":"Feature","properties":{"dep":"05","muni":"034","name":"ANDES","dep_name":"ANTIOQUIA"},"geometry":{"type":"Polygon","coordinates":[[[-75.83643498607853,5.729617132686206],[-75.8095036558523,5.655248964546034],[-75.87315952729614,5.636656922510991],[-75.8707112245483,5.543696712335775],[-75.90621161439199,5.48172323888563],[-75.98333315094895,5.518907322955716],[-76.00904032980128,5.567246632246828],[-76.00659202705344,5.62302275835196],[-76.07392035261906,5.677559414988085],[-76.00291957293169,5.670122598174068],[-75.90621161439199,5.697390926492131],[-75.89274594927886,5.754406522066265],[-75.87315952729614,5.775477503039314],[-75.83643498607853,5.729617132686206]]]}},{"type":"Feature","properties":{"dep":"05","muni":"031","name":"AMALFI","dep_name":"ANTIOQUIA"},"geometry":{"type":"Polygon","coordinates":[[[-74.9134248501427,7.287630255222833],[-74.91587315289054,7.264080335311778],[-74.84242407045534,7.133936041066477],[-74.85833803831629,7.0471731782362745],[-74.83752746495965,6.991397052131145],[-74.8767003089251,6.848858063195813],[-74.92076975838623,6.750939975144584],[-75.02604677654335,6.833984429567778],[-75.0590988636392,6.767053078241622],[-75.10928906996993,6.781926711869657],[-75.18151400103123,6.8463791242578065],[-75.17049663866594,6.905873658769945],[-75.08480604249154,6.9653681932820835],[-75.02115017104768,7.14013338841149],[-74.9134248501427,7.287630255222833]]]}},{"type":"Feature","properties":{"dep":"05","muni":"030","name":"AMAGÁ","dep_name":"ANTIOQUIA"},"geometry":{"type":"Polygon","coordinates":[[[-75.66995039922539,5.998582007459833],[-75.69933003219947,5.981229434893793],[-75.76665835776508,5.999821476928837],[-75.74707193578236,6.069231767192997],[-75.67729530746891,6.087823809228041],[-75.66995039922539,5.998582007459833]]]}},{"type":"Feature","properties":{"dep":"05","muni":"021","name":"ALEJANDRÍA","dep_name":"ANTIOQUIA"},"geometry":{"type":"Polygon","coordinates":[[[-74.98687393257791,6.385296481788734],[-75.11663397821346,6.30225202736554],[-75.17049663866594,6.297294149489529],[-75.14478945981362,6.411325340637793],[-75.08847849661329,6.3939727680717535],[-75.03339168478688,6.4175226879828084],[-74.98687393257791,6.385296481788734]]]}},{"type":"Feature","properties":{"dep":"05","muni":"004","name":"ABRIAQUÍ","dep_name":"ANTIOQUIA"},"geometry":{"type":"Polygon","coordinates":[[[-76.01148863254912,6.6468245397483425],[-76.00781617842736,6.634429845058314],[-76.03841996277536,6.504285550813011],[-76.05800638475809,6.506764489751015],[-76.16205925154131,6.592287883112215],[-76.17674906802834,6.679050745942417],[-76.10329998559314,6.7137558910744985],[-76.08738601773217,6.754658383551593],[-76.01148863254912,6.6468245397483425]]]}},{"type":"Feature","properties":{"dep":"05","muni":"002","name":"ABEJORRAL","dep_name":"ANTIOQUIA"},"geometry":{"type":"Polygon","coordinates":[[[-75.41532691344999,5.901903388877608],[-75.28434271644052,5.873395591090542],[-75.26842874857957,5.853564079586496],[-75.32106725765813,5.781674850384329],[-75.42267182169351,5.728377663217204],[-75.42389597306743,5.696151457023129],[-75.47898278489383,5.663925250829054],[-75.5561043214508,5.724659254810195],[-75.53406959672024,5.8597614269315095],[-75.48632769313735,5.870916652152536],[-75.48143108764168,5.934129595071683],[-75.41532691344999,5.901903388877608]]]}},{"type":"Feature","properties":{"dep":"05","muni":"895","name":"ZARAGOZA","dep_name":"ANTIOQUIA"},"geometry":{"type":"Polygon","coordinates":[[[-74.60738700666265,7.386787812743064],[-74.69919835970667,7.312419644602892],[-74.91587315289054,7.264080335311778],[-74.9134248501427,7.287630255222833],[-74.89016597403821,7.392985160088079],[-74.99421884082143,7.3942246295570815],[-75.02971923066512,7.4896637786703035],[-75.07990943699585,7.515692637519365],[-75.01992601967376,7.581384519376517],[-74.93913202899503,7.621047542384609],[-74.89995918502959,7.671865790613728],[-74.8411999190814,7.668147382206719],[-74.78244065313324,7.725162977780853],[-74.76407838252443,7.674344729551734],[-74.82038934572476,7.588821336190534],[-74.75795762565484,7.459916511414235],[-74.67471533222826,7.437606060972183],[-74.60738700666265,7.386787812743064]]]}},{"type":"Feature","properties":{"dep":"05","muni":"893","name":"YONDÓ","dep_name":"ANTIOQUIA"},"geometry":{"type":"Polygon","coordinates":[[[-73.92308638864125,7.213262087082661],[-73.92920714551086,7.115343999031433],[-73.88758599879758,7.0707230981473295],[-73.89737920978894,6.986439174255132],[-74.01122528756352,6.9133104755839625],[-74.09446758099008,6.804237162311708],[-74.10915739747713,6.776968833993646],[-74.23157253486914,6.71003748266749],[-74.25605556234756,6.6753323375354086],[-74.36010842913078,6.6319509061203075],[-74.42009184645286,6.7373058109855535],[-74.45191978217478,6.754658383551593],[-74.38091900248742,6.910831536645956],[-74.24381404860836,7.0037917468211734],[-73.91574148039774,7.295067072036851],[-73.92308638864125,7.213262087082661]]]}},{"type":"Feature","properties":{"dep":"05","muni":"890","name":"YOLOMBÓ","dep_name":"ANTIOQUIA"},"geometry":{"type":"Polygon","coordinates":[[[-74.92076975838623,6.750939975144584],[-74.9073040932731,6.7373058109855535],[-74.95014939136031,6.706319074260481],[-74.91220069876879,6.636908783996319],[-74.80080292374204,6.641866661872331],[-74.65023230474986,6.6988822574464635],[-74.5804556764364,6.705079604791477],[-74.49721338300984,6.700121726915466],[-74.56086925445368,6.638148253465323],[-74.73469874955035,6.603443108333241],[-74.83875161633357,6.509243428689022],[-75.01992601967376,6.538990695945092],[-75.0346158361608,6.537751226476088],[-75.09337510210898,6.582372127360193],[-75.13622040019618,6.547666982228112],[-75.20722117988355,6.555103799042129],[-75.19742796889219,6.574935310546175],[-75.12275473508305,6.657979764969369],[-75.10928906996993,6.781926711869657],[-75.0590988636392,6.767053078241622],[-75.02604677654335,6.833984429567778],[-74.92076975838623,6.750939975144584]]]}},{"type":"Feature","properties":{"dep":"05","muni":"887","name":"YARUMAL","dep_name":"ANTIOQUIA"},"geometry":{"type":"Polygon","coordinates":[[[-75.3014808356754,7.226896251241692],[-75.31739480353637,7.213262087082661],[-75.33330877139733,7.075680976023341],[-75.3137223494146,7.011228563635191],[-75.33575707414516,6.945536681778037],[-75.37492991811062,6.900915780893934],[-75.47163787665032,6.851337002133818],[-75.49000014725911,6.773250425586637],[-75.57446659205961,6.852576471602822],[-75.57569074343353,6.893478964079916],[-75.60262207365977,6.975283949034107],[-75.6589330368601,7.028581136201231],[-75.60874283052938,7.055849464519294],[-75.53529374809416,6.990157582662141],[-75.47163787665032,7.049652117174279],[-75.42389597306743,7.088075670713369],[-75.38717143184982,7.171120125136563],[-75.3014808356754,7.226896251241692]]]}},{"type":"Feature","properties":{"dep":"05","muni":"885","name":"YALÍ","dep_name":"ANTIOQUIA"},"geometry":{"type":"Polygon","coordinates":[[[-74.57923152506248,6.781926711869657],[-74.5804556764364,6.705079604791477],[-74.65023230474986,6.6988822574464635],[-74.80080292374204,6.641866661872331],[-74.91220069876879,6.636908783996319],[-74.95014939136031,6.706319074260481],[-74.9073040932731,6.7373058109855535],[-74.83507916221181,6.732347933109541],[-74.75673347428092,6.789363528683674],[-74.64288739650634,6.798039814966694],[-74.57923152506248,6.781926711869657]]]}},{"type":"Feature","properties":{"dep":"05","muni":"861","name":"VENECIA","dep_name":"ANTIOQUIA"},"geometry":{"type":"Polygon","coordinates":[[[-75.76665835776508,5.999821476928837],[-75.69933003219947,5.981229434893793],[-75.77522741738252,5.88083240790456],[-75.85602140806125,5.937848003478692],[-75.84867649981774,5.956440045513736],[-75.84133159157422,6.008497763211857],[-75.76665835776508,5.999821476928837]]]}},{"type":"Feature","properties":{"dep":"05","muni":"858","name":"VEGACHÍ","dep_name":"ANTIOQUIA"},"geometry":{"type":"Polygon","coordinates":[[[-74.57923152506248,6.781926711869657],[-74.64288739650634,6.798039814966694],[-74.75673347428092,6.789363528683674],[-74.83507916221181,6.732347933109541],[-74.9073040932731,6.7373058109855535],[-74.92076975838623,6.750939975144584],[-74.8767003089251,6.848858063195813],[-74.83752746495965,6.991397052131145],[-74.82161349709868,6.868689574699859],[-74.63309418551498,6.924465700804989],[-74.57188661681897,6.8612527578858415],[-74.57923152506248,6.781926711869657]]]}},{"type":"Feature","properties":{"dep":"05","muni":"856","name":"VALPARAÍSO","dep_name":"ANTIOQUIA"},"geometry":{"type":"Polygon","coordinates":[[[-75.59894961953802,5.681277823395094],[-75.58058734892921,5.605670185785918],[-75.67607115609499,5.598233368971901],[-75.64179491762522,5.75688546100427],[-75.59894961953802,5.681277823395094]]]}},{"type":"Feature","properties":{"dep":"05","muni":"854","name":"VALDIVIA","dep_name":"ANTIOQUIA"},"geometry":{"type":"Polygon","coordinates":[[[-75.29658423017972,7.229375190179699],[-75.3014808356754,7.226896251241692],[-75.38717143184982,7.171120125136563],[-75.42389597306743,7.088075670713369],[-75.47163787665032,7.049652117174279],[-75.49734505550263,7.132696571597473],[-75.44470654642407,7.249206701683745],[-75.52917299122456,7.298785480443859],[-75.51448317473752,7.373153648584033],[-75.46062051428503,7.359519484425002],[-75.27454950544916,7.388027282212068],[-75.29658423017972,7.229375190179699]]]}},{"type":"Feature","properties":{"dep":"05","muni":"842","name":"URAMITA","dep_name":"ANTIOQUIA"},"geometry":{"type":"Polygon","coordinates":[[[-75.96497088034016,6.9802418269101185],[-75.98333315094895,6.943057742840031],[-76.1008516828453,6.892239494610914],[-76.12166225620194,6.851337002133818],[-76.1559384946717,6.824068673815754],[-76.2465256963418,6.877365860982879],[-76.22449097161123,6.92074729239798],[-76.15349019192386,6.977762887972112],[-76.07514450399297,6.940578803902026],[-75.98210899957503,7.001312807883167],[-75.96497088034016,6.9802418269101185]]]}},{"type":"Feature","properties":{"dep":"05","muni":"837","name":"TURBO","dep_name":"ANTIOQUIA"},"geometry":{"type":"Polygon","coordinates":[[[-76.94288751268907,8.113065544605952],[-76.8830844107803,8.043706631314594],[-76.9247055574936,8.02511458927955],[-76.92225725474574,7.917280745476299],[-76.8279975989539,7.902407111848264],[-76.74842775964909,7.92223862335231],[-76.73373794316204,8.070974959632657],[-76.73863454865773,8.173850925559897],[-76.7741349385014,8.266811135735113],[-76.62234016813531,8.33002407865426],[-76.56602920493498,8.400673838387425],[-76.44483821891687,8.372166040600359],[-76.43382085655159,8.450252617147541],[-76.40321707220359,8.463886781306572],[-76.39342386121223,8.379602857414376],[-76.41056198044711,8.191203498125937],[-76.40199292082967,8.10196169635773],[-76.42525179693415,8.073453898570664],[-76.53297711783912,7.963141115829407],[-76.75332436514476,7.878857191937211],[-76.80473872284941,7.868941436185187],[-76.8096353283451,7.771023348133959],[-76.8096353283451,7.668147382206719],[-76.7129273698054,7.593779214066547],[-76.64437489286587,7.468592797697255],[-76.6823235854574,7.467353328228253],[-76.80106626872765,7.571468763624495],[-76.93572291985888,7.583863458314523],[-76.96020594733727,7.639639584419653],[-77.12301808006866,7.789615390169002],[-77.07527617648577,7.8478704552121386],[-77.02631012152897,7.8900124171582355],[-76.99693048855488,8.018917241934536],[-76.93817122260671,8.068496020694651],[-76.94288751268907,8.113065544605952]]]}},{"type":"Feature","properties":{"dep":"05","muni":"819","name":"TOLEDO","dep_name":"ANTIOQUIA"},"geometry":{"type":"Polygon","coordinates":[[[-75.68708851846027,7.08435726230636],[-75.6589330368601,7.028581136201231],[-75.73605457341708,6.9269446397429935],[-75.76543420639116,7.062046811864308],[-75.68708851846027,7.08435726230636]]]}},{"type":"Feature","properties":{"dep":"05","muni":"809","name":"TITIRIBÍ","dep_name":"ANTIOQUIA"},"geometry":{"type":"Polygon","coordinates":[[[-75.74707193578236,6.069231767192997],[-75.76665835776508,5.999821476928837],[-75.84133159157422,6.008497763211857],[-75.85479725668733,6.10021850391807],[-75.76665835776508,6.134923649050151],[-75.74707193578236,6.069231767192997]]]}},{"type":"Feature","properties":{"dep":"05","muni":"792","name":"TARSO","dep_name":"ANTIOQUIA"},"geometry":{"type":"Polygon","coordinates":[[[-75.77522741738252,5.88083240790456],[-75.76053760089547,5.873395591090542],[-75.82052101821758,5.821337873392421],[-75.88662519240926,5.864719304807521],[-75.88540104103534,5.906861266753619],[-75.85602140806125,5.937848003478692],[-75.77522741738252,5.88083240790456]]]}},{"type":"Feature","properties":{"dep":"05","muni":"790","name":"TARAZÁ","dep_name":"ANTIOQUIA"},"geometry":{"type":"Polygon","coordinates":[[[-75.16560003317026,7.355801076017993],[-75.1913072120226,7.270277682656793],[-75.29658423017972,7.229375190179699],[-75.27454950544916,7.388027282212068],[-75.46062051428503,7.359519484425002],[-75.51448317473752,7.373153648584033],[-75.56834583519002,7.3805904653980505],[-75.54141450496377,7.49214271760831],[-75.60139792228586,7.5900608056595384],[-75.48510354176344,7.736318203001879],[-75.43858578955447,7.669386851675723],[-75.36636085849318,7.6185686034466045],[-75.33208462002341,7.535524149023411],[-75.27454950544916,7.534284679554409],[-75.24884232659684,7.457437572476229],[-75.16560003317026,7.355801076017993]]]}},{"type":"Feature","properties":{"dep":"05","muni":"789","name":"TÁMESIS","dep_name":"ANTIOQUIA"},"geometry":{"type":"Polygon","coordinates":[[[-75.6405707662513,5.761843338880283],[-75.64179491762522,5.75688546100427],[-75.67607115609499,5.598233368971901],[-75.71401984868652,5.547415120742782],[-75.72993381654747,5.563528223839821],[-75.75196854127805,5.627980636227971],[-75.80705535310445,5.65400949507703],[-75.74462363303452,5.733335541093215],[-75.66505379372971,5.800266892419371],[-75.6405707662513,5.761843338880283]]]}},{"type":"Feature","properties":{"dep":"05","muni":"761","name":"SOPETRÁN","dep_name":"ANTIOQUIA"},"geometry":{"type":"Polygon","coordinates":[[[-75.65036397724266,6.501806611875004],[-75.73238211929532,6.490651386653978],[-75.7801240228782,6.420001626920815],[-75.81929686684364,6.410085871168791],[-75.80093459623485,6.537751226476088],[-75.71769230280827,6.635669314527316],[-75.65036397724266,6.501806611875004]]]}},{"type":"Feature","properties":{"dep":"05","muni":"756","name":"SONSÓN","dep_name":"ANTIOQUIA"},"geometry":{"type":"Polygon","coordinates":[[[-74.6404390937585,5.8597614269315095],[-74.6649221212369,5.768040686225296],[-74.7138881761937,5.7692801556942985],[-74.73959535504603,5.699869865430138],[-74.80692368061165,5.699869865430138],[-74.88037276304685,5.745730235783244],[-74.99054638669968,5.7407723579072325],[-75.09827170760465,5.759364399942276],[-75.23660081285763,5.725898724279197],[-75.23537666148371,5.676319945519083],[-75.2831185650666,5.475525891540615],[-75.31617065216244,5.4594127884435775],[-75.31127404666677,5.510231036672696],[-75.42389597306743,5.696151457023129],[-75.42267182169351,5.728377663217204],[-75.32106725765813,5.781674850384329],[-75.26842874857957,5.853564079586496],[-75.16560003317026,5.873395591090542],[-75.05542640951745,5.919255961443648],[-75.0223743224216,5.825056281799428],[-75.05420225814352,5.751927583128259],[-74.95014939136031,5.781674850384329],[-74.89383842815998,5.828774690206437],[-74.84364822182926,5.9266927782576655],[-74.6404390937585,5.8597614269315095]]]}},{"type":"Feature","properties":{"dep":"05","muni":"736","name":"SEGOVIA","dep_name":"ANTIOQUIA"},"geometry":{"type":"Polygon","coordinates":[[[-74.35766012638292,7.472311206104264],[-74.31971143379141,7.440084999910189],[-74.3980571217223,7.348364259203976],[-74.38826391073094,7.266559274249785],[-74.61840436902793,7.167401716729554],[-74.71021572207195,7.0707230981473295],[-74.76040592840268,7.135175510535479],[-74.84242407045534,7.133936041066477],[-74.91587315289054,7.264080335311778],[-74.69919835970667,7.312419644602892],[-74.60738700666265,7.386787812743064],[-74.56086925445368,7.42769030522016],[-74.49109262614023,7.343406381327963],[-74.41397108958326,7.399182507433094],[-74.41274693820934,7.459916511414235],[-74.35766012638292,7.472311206104264]]]}},{"type":"Feature","properties":{"dep":"05","muni":"697","name":"EL SANTUARIO","dep_name":"ANTIOQUIA"},"geometry":{"type":"Polygon","coordinates":[[[-75.23292835873588,6.163431446837217],[-75.16682418454418,6.101457973387072],[-75.22068684499668,6.113852668077101],[-75.26842874857957,6.056837072502969],[-75.30760159254501,6.143599935333171],[-75.2525147807186,6.170868263651235],[-75.23292835873588,6.163431446837217]]]}},{"type":"Feature","properties":{"dep":"05","muni":"690","name":"SANTO DOMINGO","dep_name":"ANTIOQUIA"},"geometry":{"type":"Polygon","coordinates":[[[-75.13622040019618,6.547666982228112],[-75.0346158361608,6.537751226476088],[-75.01992601967376,6.538990695945092],[-75.09704755623073,6.463383058335914],[-75.03339168478688,6.4175226879828084],[-75.08847849661329,6.3939727680717535],[-75.14478945981362,6.411325340637793],[-75.24149741835332,6.447269955238877],[-75.26353214308388,6.508003959220019],[-75.2096694826314,6.553864329573125],[-75.20722117988355,6.555103799042129],[-75.13622040019618,6.547666982228112]]]}},{"type":"Feature","properties":{"dep":"05","muni":"686","name":"SANTA ROSA DE OSOS","dep_name":"ANTIOQUIA"},"geometry":{"type":"Polygon","coordinates":[[[-75.49000014725911,6.773250425586637],[-75.37860237223238,6.773250425586637],[-75.28679101918836,6.677811276473415],[-75.19742796889219,6.574935310546175],[-75.20722117988355,6.555103799042129],[-75.2096694826314,6.553864329573125],[-75.24884232659684,6.573695841077171],[-75.3369812255191,6.543948573821103],[-75.42634427581527,6.543948573821103],[-75.45817221153719,6.516680245503039],[-75.50836241786791,6.573695841077171],[-75.54263865633769,6.679050745942417],[-75.58548395442489,6.6753323375354086],[-75.62710510113818,6.785645120276666],[-75.64301906899914,6.869929044168861],[-75.57569074343353,6.893478964079916],[-75.57446659205961,6.852576471602822],[-75.49000014725911,6.773250425586637]]]}},{"type":"Feature","properties":{"dep":"05","muni":"679","name":"SANTA BÁRBARA","dep_name":"ANTIOQUIA"},"geometry":{"type":"Polygon","coordinates":[[[-75.5916047112945,6.00601882427385],[-75.56222507832041,5.975032087548778],[-75.53406959672024,5.8597614269315095],[-75.5561043214508,5.724659254810195],[-75.56956998656393,5.724659254810195],[-75.61976019289466,5.801506361888375],[-75.63567416075563,5.966355801265758],[-75.61363943602505,5.9787504959557864],[-75.5916047112945,6.00601882427385]]]}},{"type":"Feature","properties":{"dep":"05","muni":"306","name":"GIRALDO","dep_name":"ANTIOQUIA"},"geometry":{"type":"Polygon","coordinates":[[[-75.88050443553966,6.645585070279338],[-75.93069464187039,6.622035150368285],[-76.00781617842736,6.634429845058314],[-76.01148863254912,6.6468245397483425],[-75.95885012347055,6.726150585764527],[-75.88050443553966,6.645585070279338]]]}},{"type":"Feature","properties":{"dep":"05","muni":"282","name":"FREDONIA","dep_name":"ANTIOQUIA"},"geometry":{"type":"Polygon","coordinates":[[[-75.61363943602505,5.9787504959557864],[-75.63567416075563,5.966355801265758],[-75.61976019289466,5.801506361888375],[-75.6405707662513,5.761843338880283],[-75.66505379372971,5.800266892419371],[-75.76053760089547,5.873395591090542],[-75.77522741738252,5.88083240790456],[-75.69933003219947,5.981229434893793],[-75.66995039922539,5.998582007459833],[-75.61363943602505,5.9787504959557864]]]}},{"type":"Feature","properties":{"dep":"05","muni":"266","name":"ENVIGADO","dep_name":"ANTIOQUIA"},"geometry":{"type":"Polygon","coordinates":[[[-75.48510354176344,6.190699775155281],[-75.47531033077207,6.158473568961206],[-75.57324244068569,6.0989790344490675],[-75.59038055992058,6.1126131986080985],[-75.60507037640761,6.163431446837217],[-75.58303565167705,6.189460305686277],[-75.48510354176344,6.190699775155281]]]}},{"type":"Feature","properties":{"dep":"05","muni":"264","name":"ENTRERRÍOS","dep_name":"ANTIOQUIA"},"geometry":{"type":"Polygon","coordinates":[[[-75.45817221153719,6.516680245503039],[-75.46062051428503,6.511722367627028],[-75.56467338106825,6.53031440966207],[-75.65403643136442,6.65426135656236],[-75.58548395442489,6.6753323375354086],[-75.54263865633769,6.679050745942417],[-75.50836241786791,6.573695841077171],[-75.45817221153719,6.516680245503039]]]}},{"type":"Feature","properties":{"dep":"05","muni":"250","name":"EL BAGRE","dep_name":"ANTIOQUIA"},"geometry":{"type":"Polygon","coordinates":[[[-74.56086925445368,7.968098993705418],[-74.5192481077404,7.901167642379262],[-74.50823074537512,7.723923508311849],[-74.56086925445368,7.645836931764668],[-74.56331755720153,7.4326481830961715],[-74.56086925445368,7.42769030522016],[-74.60738700666265,7.386787812743064],[-74.67471533222826,7.437606060972183],[-74.75795762565484,7.459916511414235],[-74.82038934572476,7.588821336190534],[-74.76407838252443,7.674344729551734],[-74.78244065313324,7.725162977780853],[-74.80569952923773,7.784657512292991],[-74.78978556137676,7.809446901673049],[-74.82038934572476,7.940830665387354],[-74.7493885660374,7.945788543263365],[-74.6343183368889,7.901167642379262],[-74.56086925445368,7.968098993705418]]]}},{"type":"Feature","properties":{"dep":"05","muni":"240","name":"EBÉJICO","dep_name":"ANTIOQUIA"},"geometry":{"type":"Polygon","coordinates":[[[-75.71769230280827,6.360507092408676],[-75.71034739456475,6.258870595950439],[-75.8095036558523,6.2601100654194415],[-75.8168485640958,6.22540492028736],[-75.8523489539395,6.248954840198415],[-75.85602140806125,6.3270414167455975],[-75.83153838058286,6.397691176478762],[-75.81929686684364,6.410085871168791],[-75.7801240228782,6.420001626920815],[-75.71769230280827,6.360507092408676]]]}},{"type":"Feature","properties":{"dep":"05","muni":"237","name":"DONMATÍAS","dep_name":"ANTIOQUIA"},"geometry":{"type":"Polygon","coordinates":[[[-75.2096694826314,6.553864329573125],[-75.26353214308388,6.508003959220019],[-75.32351556040597,6.5129618370960305],[-75.39574049146727,6.441072607893863],[-75.44837900054583,6.436114730017852],[-75.48877599588519,6.429917382672837],[-75.46062051428503,6.511722367627028],[-75.45817221153719,6.516680245503039],[-75.42634427581527,6.543948573821103],[-75.3369812255191,6.543948573821103],[-75.24884232659684,6.573695841077171],[-75.2096694826314,6.553864329573125]]]}},{"type":"Feature","properties":{"dep":"05","muni":"212","name":"COPACABANA","dep_name":"ANTIOQUIA"},"geometry":{"type":"Polygon","coordinates":[[[-75.45082730329366,6.334478233559615],[-75.5010175096244,6.297294149489529],[-75.52182808298105,6.2886178632065075],[-75.53284544534633,6.389014890195742],[-75.48877599588519,6.429917382672837],[-75.45082730329366,6.334478233559615]]]}},{"type":"Feature","properties":{"dep":"05","muni":"209","name":"CONCORDIA","dep_name":"ANTIOQUIA"},"geometry":{"type":"Polygon","coordinates":[[[-75.84133159157422,6.165910385775222],[-75.85479725668733,6.10021850391807],[-75.84133159157422,6.008497763211857],[-75.84867649981774,5.956440045513736],[-75.9441603069835,5.9787504959557864],[-75.94293615560959,6.04444237781294],[-75.998022967436,6.069231767192997],[-75.99679881606208,6.077908053476017],[-75.84133159157422,6.165910385775222]]]}},{"type":"Feature","properties":{"dep":"05","muni":"206","name":"CONCEPCIÓN","dep_name":"ANTIOQUIA"},"geometry":{"type":"Polygon","coordinates":[[[-75.14478945981362,6.411325340637793],[-75.17049663866594,6.297294149489529],[-75.18273815240515,6.284899454799499],[-75.24272156972724,6.322083538869586],[-75.3063774411711,6.391493829133747],[-75.24149741835332,6.447269955238877],[-75.14478945981362,6.411325340637793]]]}},{"type":"Feature","properties":{"dep":"05","muni":"197","name":"COCORNÁ","dep_name":"ANTIOQUIA"},"geometry":{"type":"Polygon","coordinates":[[[-75.16682418454418,6.101457973387072],[-75.08480604249154,6.020892457901885],[-75.06889207463057,5.999821476928837],[-75.05542640951745,5.919255961443648],[-75.16560003317026,5.873395591090542],[-75.13622040019618,5.940326942416698],[-75.26842874857957,6.056837072502969],[-75.22068684499668,6.113852668077101],[-75.16682418454418,6.101457973387072]]]}},{"type":"Feature","properties":{"dep":"05","muni":"190","name":"CISNEROS","dep_name":"ANTIOQUIA"},"geometry":{"type":"Polygon","coordinates":[[[-75.0346158361608,6.537751226476088],[-75.13622040019618,6.547666982228112],[-75.09337510210898,6.582372127360193],[-75.0346158361608,6.537751226476088]]]}},{"type":"Feature","properties":{"dep":"05","muni":"172","name":"CHIGORODÓ","dep_name":"ANTIOQUIA"},"geometry":{"type":"Polygon","coordinates":[[[-76.49135597112584,7.72020509990484],[-76.50237333349112,7.555355660527457],[-76.57582241592634,7.485945370263295],[-76.64437489286587,7.468592797697255],[-76.7129273698054,7.593779214066547],[-76.8096353283451,7.668147382206719],[-76.8096353283451,7.771023348133959],[-76.70191000744012,7.718965630435838],[-76.61989186538746,7.733839264063873],[-76.49135597112584,7.72020509990484]]]}},{"type":"Feature","properties":{"dep":"05","muni":"154","name":"CAUCASIA","dep_name":"ANTIOQUIA"},"geometry":{"type":"Polygon","coordinates":[[[-74.80569952923773,7.784657512292991],[-74.78244065313324,7.725162977780853],[-74.8411999190814,7.668147382206719],[-74.89995918502959,7.671865790613728],[-74.93913202899503,7.621047542384609],[-75.01992601967376,7.581384519376517],[-75.04196074440432,7.611131786632587],[-75.03339168478688,7.771023348133959],[-75.16437588179635,7.800770615390029],[-75.16437588179635,7.8900124171582355],[-75.21579023950099,7.944549073794363],[-75.29413592743188,7.89125188662724],[-75.33086046864949,7.925957031759319],[-75.3369812255191,7.948267482201372],[-75.30882574391893,7.947028012732369],[-75.22068684499668,8.066017081756646],[-75.1680483359181,8.052382917597614],[-75.05665056089137,8.047425039721603],[-74.9134248501427,8.099482757419723],[-74.93301127212543,7.9804936883954465],[-74.92321806113407,7.809446901673049],[-74.80569952923773,7.784657512292991]]]}},{"type":"Feature","properties":{"dep":"05","muni":"150","name":"CAROLINA","dep_name":"ANTIOQUIA"},"geometry":{"type":"Polygon","coordinates":[[[-75.28679101918836,6.677811276473415],[-75.37860237223238,6.773250425586637],[-75.28801517056229,6.821589734877749],[-75.23048005598804,6.793081937090683],[-75.28679101918836,6.677811276473415]]]}},{"type":"Feature","properties":{"dep":"05","muni":"148","name":"EL CARMEN DE VIBORAL","dep_name":"ANTIOQUIA"},"geometry":{"type":"Polygon","coordinates":[[[-75.30760159254501,6.143599935333171],[-75.26842874857957,6.056837072502969],[-75.13622040019618,5.940326942416698],[-75.16560003317026,5.873395591090542],[-75.26842874857957,5.853564079586496],[-75.28434271644052,5.873395591090542],[-75.36024010162357,6.030808213653907],[-75.38717143184982,6.058076541971971],[-75.35167104200613,6.144839404802173],[-75.30760159254501,6.143599935333171]]]}},{"type":"Feature","properties":{"dep":"05","muni":"147","name":"CAREPA","dep_name":"ANTIOQUIA"},"geometry":{"type":"Polygon","coordinates":[[[-76.75332436514476,7.878857191937211],[-76.70191000744012,7.811925840611055],[-76.54889108570009,7.771023348133959],[-76.51706314997817,7.83547576052211],[-76.4644246408996,7.870180905654189],[-76.49135597112584,7.72020509990484],[-76.61989186538746,7.733839264063873],[-76.70191000744012,7.718965630435838],[-76.8096353283451,7.771023348133959],[-76.80473872284941,7.868941436185187],[-76.75332436514476,7.878857191937211]]]}},{"type":"Feature","properties":{"dep":"05","muni":"145","name":"CARAMANTA","dep_name":"ANTIOQUIA"},"geometry":{"type":"Polygon","coordinates":[[[-75.58058734892921,5.605670185785918],[-75.57079413793785,5.543696712335775],[-75.57691489480744,5.516428384017711],[-75.6405707662513,5.530062548176742],[-75.70422663769516,5.53749936499076],[-75.71401984868652,5.547415120742782],[-75.67607115609499,5.598233368971901],[-75.58058734892921,5.605670185785918]]]}},{"type":"Feature","properties":{"dep":"05","muni":"142","name":"CARACOLÍ","dep_name":"ANTIOQUIA"},"geometry":{"type":"Polygon","coordinates":[[[-74.71756063031548,6.39645170700976],[-74.63309418551498,6.2749836990474765],[-74.71266402481979,6.240278553915395],[-74.79345801549852,6.3134072525865665],[-74.83752746495965,6.433635791079846],[-74.81182028610732,6.462143588866912],[-74.71756063031548,6.39645170700976]]]}},{"type":"Feature","properties":{"dep":"05","muni":"138","name":"CAÑASGORDAS","dep_name":"ANTIOQUIA"},"geometry":{"type":"Polygon","coordinates":[[[-75.95395351797487,6.966607662751086],[-75.98333315094895,6.760855730896608],[-75.95885012347055,6.726150585764527],[-76.01148863254912,6.6468245397483425],[-76.08738601773217,6.754658383551593],[-76.12166225620194,6.851337002133818],[-76.1008516828453,6.892239494610914],[-75.98333315094895,6.943057742840031],[-75.96497088034016,6.9802418269101185],[-75.95395351797487,6.966607662751086]]]}},{"type":"Feature","properties":{"dep":"05","muni":"134","name":"CAMPAMENTO","dep_name":"ANTIOQUIA"},"geometry":{"type":"Polygon","coordinates":[[[-75.22435929911843,6.933141987088009],[-75.24272156972724,6.9269446397429935],[-75.26842874857957,6.9703260711580945],[-75.33575707414516,6.945536681778037],[-75.3137223494146,7.011228563635191],[-75.33330877139733,7.075680976023341],[-75.31739480353637,7.213262087082661],[-75.31494650078852,7.159964899915536],[-75.25985968896212,7.115343999031433],[-75.22435929911843,7.037257422484251],[-75.22435929911843,6.933141987088009]]]}},{"type":"Feature","properties":{"dep":"05","muni":"129","name":"CALDAS","dep_name":"ANTIOQUIA"},"geometry":{"type":"Polygon","coordinates":[[[-75.60629452778153,6.116331607015107],[-75.59038055992058,6.1126131986080985],[-75.57324244068569,6.0989790344490675],[-75.5916047112945,6.00601882427385],[-75.61363943602505,5.9787504959557864],[-75.66995039922539,5.998582007459833],[-75.67729530746891,6.087823809228041],[-75.67239870197322,6.118810545953114],[-75.60629452778153,6.116331607015107]]]}},{"type":"Feature","properties":{"dep":"05","muni":"125","name":"CAICEDO","dep_name":"ANTIOQUIA"},"geometry":{"type":"Polygon","coordinates":[[[-76.03841996277536,6.504285550813011],[-75.94293615560959,6.458425180459903],[-75.90498746301806,6.39645170700976],[-75.98822975644464,6.344393989311637],[-76.04209241689713,6.377859664974716],[-76.05800638475809,6.506764489751015],[-76.03841996277536,6.504285550813011]]]}},{"type":"Feature","properties":{"dep":"05","muni":"674","name":"SAN VICENTE FERRER","dep_name":"ANTIOQUIA"},"geometry":{"type":"Polygon","coordinates":[[[-75.3063774411711,6.391493829133747],[-75.24272156972724,6.322083538869586],[-75.28434271644052,6.258870595950439],[-75.32718801452774,6.224165450818358],[-75.3798265236063,6.232841737101378],[-75.40675785383254,6.348112397718646],[-75.40430955108471,6.3654649702846875],[-75.3063774411711,6.391493829133747]]]}},{"type":"Feature","properties":{"dep":"05","muni":"670","name":"SAN ROQUE","dep_name":"ANTIOQUIA"},"geometry":{"type":"Polygon","coordinates":[[[-74.83875161633357,6.509243428689022],[-74.81182028610732,6.462143588866912],[-74.83752746495965,6.433635791079846],[-74.79345801549852,6.3134072525865665],[-74.82773425396829,6.338196641966624],[-74.91709730426446,6.402649054354773],[-74.98687393257791,6.385296481788734],[-75.03339168478688,6.4175226879828084],[-75.09704755623073,6.463383058335914],[-75.01992601967376,6.538990695945092],[-74.83875161633357,6.509243428689022]]]}},{"type":"Feature","properties":{"dep":"05","muni":"667","name":"SAN RAFAEL","dep_name":"ANTIOQUIA"},"geometry":{"type":"Polygon","coordinates":[[[-74.82773425396829,6.338196641966624],[-74.91220069876879,6.309688844179558],[-75.05787471226529,6.209291817190323],[-75.11785812958738,6.235320676039384],[-75.11663397821346,6.30225202736554],[-74.98687393257791,6.385296481788734],[-74.91709730426446,6.402649054354773],[-74.82773425396829,6.338196641966624]]]}},{"type":"Feature","properties":{"dep":"05","muni":"665","name":"SAN PEDRO DE URABÁ","dep_name":"ANTIOQUIA"},"geometry":{"type":"Polygon","coordinates":[[[-76.25509475595925,8.594031075551875],[-76.2098011551242,8.52338131581871],[-76.21837021474164,8.444055269802526],[-76.18042152215011,8.399434368918422],[-76.28814684305509,8.328784609185258],[-76.35180271449894,8.203598192815965],[-76.34813026037718,8.155258883524853],[-76.40199292082967,8.10196169635773],[-76.41056198044711,8.191203498125937],[-76.39342386121223,8.379602857414376],[-76.40321707220359,8.463886781306572],[-76.32854383839445,8.446534208740532],[-76.31997477877701,8.544452296791759],[-76.25509475595925,8.594031075551875]]]}},{"type":"Feature","properties":{"dep":"05","muni":"664","name":"SAN PEDRO DE LOS MILAGROS","dep_name":"ANTIOQUIA"},"geometry":{"type":"Polygon","coordinates":[[[-75.46062051428503,6.511722367627028],[-75.48877599588519,6.429917382672837],[-75.53284544534633,6.389014890195742],[-75.5916047112945,6.4323963216108435],[-75.66260549098186,6.40512799329278],[-75.64546737174699,6.494369795060987],[-75.56467338106825,6.53031440966207],[-75.46062051428503,6.511722367627028]]]}},{"type":"Feature","properties":{"dep":"05","muni":"660","name":"SAN LUIS","dep_name":"ANTIOQUIA"},"geometry":{"type":"Polygon","coordinates":[[[-74.91954560701231,6.043202908343938],[-74.76897498802012,5.9936241295838215],[-74.84364822182926,5.9266927782576655],[-74.95382184548207,5.952721637106727],[-75.0101328086824,5.925453308788663],[-75.06889207463057,5.999821476928837],[-75.08480604249154,6.020892457901885],[-75.06154716638704,6.1274868322361336],[-74.95504599685599,6.10021850391807],[-74.91954560701231,6.043202908343938]]]}},{"type":"Feature","properties":{"dep":"05","muni":"659","name":"SAN JUAN DE URABÁ","dep_name":"ANTIOQUIA"},"geometry":{"type":"Polygon","coordinates":[[[-76.56602920493498,8.611383648117915],[-76.6284609250049,8.72045696139017],[-76.5439944802044,8.762598923336267],[-76.48645936563015,8.818375049441396],[-76.45095897578648,8.689470224665097],[-76.56602920493498,8.611383648117915]]]}},{"type":"Feature","properties":{"dep":"05","muni":"658","name":"SAN JOSÉ DE LA MONTAÑA","dep_name":"ANTIOQUIA"},"geometry":{"type":"Polygon","coordinates":[[[-75.64301906899914,6.869929044168861],[-75.62710510113818,6.785645120276666],[-75.66750209647755,6.753418914082591],[-75.72626136242572,6.798039814966694],[-75.73360627066924,6.805476631780712],[-75.69810588082555,6.887281616734901],[-75.64301906899914,6.869929044168861]]]}},{"type":"Feature","properties":{"dep":"05","muni":"656","name":"SAN JERÓNIMO","dep_name":"ANTIOQUIA"},"geometry":{"type":"Polygon","coordinates":[[[-75.65036397724266,6.501806611875004],[-75.64546737174699,6.494369795060987],[-75.66260549098186,6.40512799329278],[-75.66872624785147,6.372901787098705],[-75.71769230280827,6.360507092408676],[-75.7801240228782,6.420001626920815],[-75.73238211929532,6.490651386653978],[-75.65036397724266,6.501806611875004]]]}},{"type":"Feature","properties":{"dep":"05","muni":"652","name":"SAN FRANCISCO","dep_name":"ANTIOQUIA"},"geometry":{"type":"Polygon","coordinates":[[[-74.84364822182926,5.9266927782576655],[-74.89383842815998,5.828774690206437],[-74.95014939136031,5.781674850384329],[-75.05420225814352,5.751927583128259],[-75.0223743224216,5.825056281799428],[-75.05542640951745,5.919255961443648],[-75.06889207463057,5.999821476928837],[-75.0101328086824,5.925453308788663],[-74.95382184548207,5.952721637106727],[-74.84364822182926,5.9266927782576655]]]}},{"type":"Feature","properties":{"dep":"05","muni":"649","name":"SAN CARLOS","dep_name":"ANTIOQUIA"},"geometry":{"type":"Polygon","coordinates":[[[-74.79345801549852,6.3134072525865665],[-74.71266402481979,6.240278553915395],[-74.77264744214187,6.200615530907303],[-74.82038934572476,6.086584339759037],[-74.91954560701231,6.043202908343938],[-74.95504599685599,6.10021850391807],[-75.06154716638704,6.1274868322361336],[-75.12153058370913,6.2316022676323755],[-75.11785812958738,6.235320676039384],[-75.05787471226529,6.209291817190323],[-74.91220069876879,6.309688844179558],[-74.82773425396829,6.338196641966624],[-74.79345801549852,6.3134072525865665]]]}},{"type":"Feature","properties":{"dep":"05","muni":"647","name":"SAN ANDRÉS DE CUERQUÍA","dep_name":"ANTIOQUIA"},"geometry":{"type":"Polygon","coordinates":[[[-75.57569074343353,6.893478964079916],[-75.64301906899914,6.869929044168861],[-75.69810588082555,6.887281616734901],[-75.73360627066924,6.805476631780712],[-75.76421005501724,6.78812405921467],[-75.73605457341708,6.9269446397429935],[-75.6589330368601,7.028581136201231],[-75.60262207365977,6.975283949034107],[-75.57569074343353,6.893478964079916]]]}},{"type":"Feature","properties":{"dep":"05","muni":"642","name":"SALGAR","dep_name":"ANTIOQUIA"},"geometry":{"type":"Polygon","coordinates":[[[-75.998022967436,6.069231767192997],[-75.94293615560959,6.04444237781294],[-75.9441603069835,5.9787504959557864],[-75.84867649981774,5.956440045513736],[-75.85602140806125,5.937848003478692],[-75.88540104103534,5.906861266753619],[-75.91478067400942,5.863479835338518],[-76.05433393063633,5.931650656133677],[-76.09717922872353,6.0035398853358455],[-75.998022967436,6.069231767192997]]]}},{"type":"Feature","properties":{"dep":"05","muni":"628","name":"SABANALARGA","dep_name":"ANTIOQUIA"},"geometry":{"type":"Polygon","coordinates":[[[-75.73605457341708,6.9269446397429935],[-75.76421005501724,6.78812405921467],[-75.8707112245483,6.784405650807662],[-75.84500404569597,6.871168513637864],[-75.82296932096541,6.979002357441116],[-75.77522741738252,7.04593370876727],[-75.76543420639116,7.062046811864308],[-75.73605457341708,6.9269446397429935]]]}},{"type":"Feature","properties":{"dep":"05","muni":"615","name":"RIONEGRO","dep_name":"ANTIOQUIA"},"geometry":{"type":"Polygon","coordinates":[[[-75.32718801452774,6.224165450818358],[-75.35167104200613,6.144839404802173],[-75.38717143184982,6.058076541971971],[-75.44470654642407,6.059316011440975],[-75.47531033077207,6.158473568961206],[-75.48510354176344,6.190699775155281],[-75.48632769313735,6.205573408783314],[-75.3798265236063,6.232841737101378],[-75.32718801452774,6.224165450818358]]]}},{"type":"Feature","properties":{"dep":"05","muni":"607","name":"RETIRO","dep_name":"ANTIOQUIA"},"geometry":{"type":"Polygon","coordinates":[[[-75.47531033077207,6.158473568961206],[-75.44470654642407,6.059316011440975],[-75.45817221153719,6.001060946397839],[-75.50836241786791,5.960158453920744],[-75.56222507832041,5.975032087548778],[-75.5916047112945,6.00601882427385],[-75.57324244068569,6.0989790344490675],[-75.47531033077207,6.158473568961206]]]}},{"type":"Feature","properties":{"dep":"05","muni":"604","name":"REMEDIOS","dep_name":"ANTIOQUIA"},"geometry":{"type":"Polygon","coordinates":[[[-74.28421104394772,7.0087496246971845],[-74.24381404860836,7.0037917468211734],[-74.38091900248742,6.910831536645956],[-74.45191978217478,6.754658383551593],[-74.49721338300984,6.700121726915466],[-74.5804556764364,6.705079604791477],[-74.57923152506248,6.781926711869657],[-74.57188661681897,6.8612527578858415],[-74.63309418551498,6.924465700804989],[-74.82161349709868,6.868689574699859],[-74.83752746495965,6.991397052131145],[-74.85833803831629,7.0471731782362745],[-74.84242407045534,7.133936041066477],[-74.76040592840268,7.135175510535479],[-74.71021572207195,7.0707230981473295],[-74.61840436902793,7.167401716729554],[-74.38826391073094,7.266559274249785],[-74.4102986354615,7.202106861861635],[-74.35153936951333,7.081878323368354],[-74.35521182363509,7.009989094166187],[-74.28421104394772,7.0087496246971845]]]}},{"type":"Feature","properties":{"dep":"05","muni":"591","name":"PUERTO TRIUNFO","dep_name":"ANTIOQUIA"},"geometry":{"type":"Polygon","coordinates":[[[-74.6404390937585,5.8597614269315095],[-74.84364822182926,5.9266927782576655],[-74.76897498802012,5.9936241295838215],[-74.70409496520234,6.030808213653907],[-74.56699001132328,6.058076541971971],[-74.58535228193209,5.925453308788663],[-74.6404390937585,5.8597614269315095]]]}},{"type":"Feature","properties":{"dep":"05","muni":"585","name":"PUERTO NARE","dep_name":"ANTIOQUIA"},"geometry":{"type":"Polygon","coordinates":[[[-74.63309418551498,6.2749836990474765],[-74.53393792422744,6.268786351702461],[-74.61228361215834,6.1262473627671294],[-74.56699001132328,6.058076541971971],[-74.70409496520234,6.030808213653907],[-74.76897498802012,5.9936241295838215],[-74.91954560701231,6.043202908343938],[-74.82038934572476,6.086584339759037],[-74.77264744214187,6.200615530907303],[-74.71266402481979,6.240278553915395],[-74.63309418551498,6.2749836990474765]]]}},{"type":"Feature","properties":{"dep":"05","muni":"579","name":"PUERTO BERRÍO","dep_name":"ANTIOQUIA"},"geometry":{"type":"Polygon","coordinates":[[[-74.36010842913078,6.6319509061203075],[-74.40907448408758,6.5860905357672],[-74.39683297034838,6.45222783311489],[-74.45069563080087,6.331999294621609],[-74.50823074537512,6.286138924268503],[-74.52659301598392,6.273744229578474],[-74.53393792422744,6.268786351702461],[-74.63309418551498,6.2749836990474765],[-74.71756063031548,6.39645170700976],[-74.65023230474986,6.450988363645886],[-74.60861115803657,6.581132657891189],[-74.56086925445368,6.638148253465323],[-74.49721338300984,6.700121726915466],[-74.45191978217478,6.754658383551593],[-74.42009184645286,6.7373058109855535],[-74.36010842913078,6.6319509061203075]]]}},{"type":"Feature","properties":{"dep":"05","muni":"576","name":"PUEBLORRICO","dep_name":"ANTIOQUIA"},"geometry":{"type":"Polygon","coordinates":[[[-75.88540104103534,5.906861266753619],[-75.88662519240926,5.864719304807521],[-75.82052101821758,5.821337873392421],[-75.83643498607853,5.729617132686206],[-75.87315952729614,5.775477503039314],[-75.91478067400942,5.847366732241481],[-75.91478067400942,5.863479835338518],[-75.88540104103534,5.906861266753619]]]}},{"type":"Feature","properties":{"dep":"05","muni":"543","name":"PEQUE","dep_name":"ANTIOQUIA"},"geometry":{"type":"Polygon","coordinates":[[[-75.77522741738252,7.04593370876727],[-75.82296932096541,6.979002357441116],[-75.84500404569597,6.871168513637864],[-75.91722897675727,6.964128723813081],[-75.95395351797487,6.966607662751086],[-75.96497088034016,6.9802418269101185],[-75.98210899957503,7.001312807883167],[-75.96619503171408,7.13145710212847],[-75.94538445835744,7.185993758764598],[-75.88540104103534,7.221938373365681],[-75.87928028416574,7.115343999031433],[-75.77522741738252,7.04593370876727]]]}},{"type":"Feature","properties":{"dep":"05","muni":"541","name":"PEÑOL","dep_name":"ANTIOQUIA"},"geometry":{"type":"Polygon","coordinates":[[[-75.18273815240515,6.284899454799499],[-75.19620381751827,6.241518023384399],[-75.16315173042243,6.172107733120237],[-75.23292835873588,6.163431446837217],[-75.2525147807186,6.170868263651235],[-75.28434271644052,6.258870595950439],[-75.24272156972724,6.322083538869586],[-75.18273815240515,6.284899454799499]]]}},{"type":"Feature","properties":{"dep":"05","muni":"501","name":"OLAYA","dep_name":"ANTIOQUIA"},"geometry":{"type":"Polygon","coordinates":[[[-75.72014060555611,6.651782417624354],[-75.71769230280827,6.635669314527316],[-75.80093459623485,6.537751226476088],[-75.82296932096541,6.641866661872331],[-75.72014060555611,6.651782417624354]]]}},{"type":"Feature","properties":{"dep":"05","muni":"495","name":"NECHÍ","dep_name":"ANTIOQUIA"},"geometry":{"type":"Polygon","coordinates":[[[-74.61473191490617,8.031311936624565],[-74.56086925445368,7.968098993705418],[-74.6343183368889,7.901167642379262],[-74.7493885660374,7.945788543263365],[-74.82038934572476,7.940830665387354],[-74.78978556137676,7.809446901673049],[-74.80569952923773,7.784657512292991],[-74.92321806113407,7.809446901673049],[-74.93301127212543,7.9804936883954465],[-74.9134248501427,8.099482757419723],[-74.83018255671612,8.199879784408957],[-74.78488895588109,8.131708963613798],[-74.63064588276714,8.05486185653562],[-74.61473191490617,8.031311936624565]]]}},{"type":"Feature","properties":{"dep":"05","muni":"490","name":"NECOCLÍ","dep_name":"ANTIOQUIA"},"geometry":{"type":"Polygon","coordinates":[[[-76.56602920493498,8.611383648117915],[-76.57092581043065,8.581636380861847],[-76.43382085655159,8.450252617147541],[-76.44483821891687,8.372166040600359],[-76.56602920493498,8.400673838387425],[-76.62234016813531,8.33002407865426],[-76.7741349385014,8.266811135735113],[-76.75822097064045,8.391997552104405],[-76.82432514483213,8.496112987500647],[-76.92715386024143,8.541973357853754],[-76.88553271352815,8.622538873338941],[-76.79861796597982,8.631215159621961],[-76.64927149836154,8.670878182630053],[-76.6284609250049,8.72045696139017],[-76.56602920493498,8.611383648117915]]]}},{"type":"Feature","properties":{"dep":"05","muni":"483","name":"NARIÑO","dep_name":"ANTIOQUIA"},"geometry":{"type":"Polygon","coordinates":[[[-75.2831185650666,5.475525891540615],[-75.23537666148371,5.676319945519083],[-75.16070342767458,5.646572678263013],[-75.06889207463057,5.662685781360052],[-75.13254794607442,5.5412177733977686],[-75.2831185650666,5.475525891540615]]]}},{"type":"Feature","properties":{"dep":"05","muni":"480","name":"MUTATÁ","dep_name":"ANTIOQUIA"},"geometry":{"type":"Polygon","coordinates":[[[-76.38118234747303,7.391745690619077],[-76.21837021474164,7.150049144163514],[-76.31752647602917,7.152528083101519],[-76.39587216396006,7.1872332282336],[-76.48523521425624,7.135175510535479],[-76.53052881509129,7.255404049028758],[-76.61499525989178,7.312419644602892],[-76.6823235854574,7.467353328228253],[-76.64437489286587,7.468592797697255],[-76.57582241592634,7.485945370263295],[-76.50237333349112,7.555355660527457],[-76.38118234747303,7.391745690619077]]]}},{"type":"Feature","properties":{"dep":"05","muni":"467","name":"MONTEBELLO","dep_name":"ANTIOQUIA"},"geometry":{"type":"Polygon","coordinates":[[[-75.56222507832041,5.975032087548778],[-75.50836241786791,5.960158453920744],[-75.48143108764168,5.934129595071683],[-75.48632769313735,5.870916652152536],[-75.53406959672024,5.8597614269315095],[-75.56222507832041,5.975032087548778]]]}},{"type":"Feature","properties":{"dep":"05","muni":"440","name":"MARINILLA","dep_name":"ANTIOQUIA"},"geometry":{"type":"Polygon","coordinates":[[[-75.28434271644052,6.258870595950439],[-75.2525147807186,6.170868263651235],[-75.30760159254501,6.143599935333171],[-75.35167104200613,6.144839404802173],[-75.32718801452774,6.224165450818358],[-75.28434271644052,6.258870595950439]]]}},{"type":"Feature","properties":{"dep":"05","muni":"425","name":"MACEO","dep_name":"ANTIOQUIA"},"geometry":{"type":"Polygon","coordinates":[[[-74.56086925445368,6.638148253465323],[-74.60861115803657,6.581132657891189],[-74.65023230474986,6.450988363645886],[-74.71756063031548,6.39645170700976],[-74.81182028610732,6.462143588866912],[-74.83875161633357,6.509243428689022],[-74.73469874955035,6.603443108333241],[-74.56086925445368,6.638148253465323]]]}},{"type":"Feature","properties":{"dep":"05","muni":"411","name":"LIBORINA","dep_name":"ANTIOQUIA"},"geometry":{"type":"Polygon","coordinates":[[[-75.73360627066924,6.805476631780712],[-75.72626136242572,6.798039814966694],[-75.72014060555611,6.651782417624354],[-75.82296932096541,6.641866661872331],[-75.83276253195677,6.68029021541142],[-75.8707112245483,6.784405650807662],[-75.76421005501724,6.78812405921467],[-75.73360627066924,6.805476631780712]]]}},{"type":"Feature","properties":{"dep":"05","muni":"400","name":"LA UNIÓN","dep_name":"ANTIOQUIA"},"geometry":{"type":"Polygon","coordinates":[[[-75.28434271644052,5.873395591090542],[-75.41532691344999,5.901903388877608],[-75.41899936757174,5.981229434893793],[-75.36024010162357,6.030808213653907],[-75.28434271644052,5.873395591090542]]]}},{"type":"Feature","properties":{"dep":"05","muni":"390","name":"LA PINTADA","dep_name":"ANTIOQUIA"},"geometry":{"type":"Polygon","coordinates":[[[-75.56956998656393,5.724659254810195],[-75.59894961953802,5.681277823395094],[-75.64179491762522,5.75688546100427],[-75.6405707662513,5.761843338880283],[-75.61976019289466,5.801506361888375],[-75.56956998656393,5.724659254810195]]]}},{"type":"Feature","properties":{"dep":"05","muni":"376","name":"LA CEJA","dep_name":"ANTIOQUIA"},"geometry":{"type":"Polygon","coordinates":[[[-75.38717143184982,6.058076541971971],[-75.36024010162357,6.030808213653907],[-75.41899936757174,5.981229434893793],[-75.41532691344999,5.901903388877608],[-75.48143108764168,5.934129595071683],[-75.50836241786791,5.960158453920744],[-75.45817221153719,6.001060946397839],[-75.44470654642407,6.059316011440975],[-75.38717143184982,6.058076541971971]]]}},{"type":"Feature","properties":{"dep":"05","muni":"368","name":"JERICÓ","dep_name":"ANTIOQUIA"},"geometry":{"type":"Polygon","coordinates":[[[-75.66505379372971,5.800266892419371],[-75.74462363303452,5.733335541093215],[-75.80705535310445,5.65400949507703],[-75.8095036558523,5.655248964546034],[-75.83643498607853,5.729617132686206],[-75.82052101821758,5.821337873392421],[-75.76053760089547,5.873395591090542],[-75.66505379372971,5.800266892419371]]]}},{"type":"Feature","properties":{"dep":"05","muni":"364","name":"JARDÍN","dep_name":"ANTIOQUIA"},"geometry":{"type":"Polygon","coordinates":[[[-75.80705535310445,5.65400949507703],[-75.75196854127805,5.627980636227971],[-75.72993381654747,5.563528223839821],[-75.86826292180046,5.49039952516865],[-75.90621161439199,5.48172323888563],[-75.8707112245483,5.543696712335775],[-75.87315952729614,5.636656922510991],[-75.8095036558523,5.655248964546034],[-75.80705535310445,5.65400949507703]]]}},{"type":"Feature","properties":{"dep":"05","muni":"360","name":"ITAGÜÍ","dep_name":"ANTIOQUIA"},"geometry":{"type":"Polygon","coordinates":[[[-75.58303565167705,6.189460305686277],[-75.60507037640761,6.163431446837217],[-75.62588094976425,6.153515691085193],[-75.64791567449483,6.172107733120237],[-75.58303565167705,6.189460305686277]]]}},{"type":"Feature","properties":{"dep":"05","muni":"353","name":"HISPANIA","dep_name":"ANTIOQUIA"},"geometry":{"type":"Polygon","coordinates":[[[-75.87315952729614,5.775477503039314],[-75.89274594927886,5.754406522066265],[-75.9551776693488,5.797787953481366],[-75.91478067400942,5.847366732241481],[-75.87315952729614,5.775477503039314]]]}},{"type":"Feature","properties":{"dep":"05","muni":"347","name":"HELICONIA","dep_name":"ANTIOQUIA"},"geometry":{"type":"Polygon","coordinates":[[[-75.71034739456475,6.258870595950439],[-75.6944334267038,6.19441818356229],[-75.74707193578236,6.146078874271176],[-75.8168485640958,6.22540492028736],[-75.8095036558523,6.2601100654194415],[-75.71034739456475,6.258870595950439]]]}},{"type":"Feature","properties":{"dep":"05","muni":"321","name":"GUATAPÉ","dep_name":"ANTIOQUIA"},"geometry":{"type":"Polygon","coordinates":[[[-75.11785812958738,6.235320676039384],[-75.12153058370913,6.2316022676323755],[-75.16315173042243,6.172107733120237],[-75.19620381751827,6.241518023384399],[-75.18273815240515,6.284899454799499],[-75.17049663866594,6.297294149489529],[-75.11663397821346,6.30225202736554],[-75.11785812958738,6.235320676039384]]]}},{"type":"Feature","properties":{"dep":"05","muni":"318","name":"GUARNE","dep_name":"ANTIOQUIA"},"geometry":{"type":"Polygon","coordinates":[[[-75.40675785383254,6.348112397718646],[-75.3798265236063,6.232841737101378],[-75.48632769313735,6.205573408783314],[-75.5010175096244,6.297294149489529],[-75.45082730329366,6.334478233559615],[-75.40675785383254,6.348112397718646]]]}},{"type":"Feature","properties":{"dep":"05","muni":"315","name":"GUADALUPE","dep_name":"ANTIOQUIA"},"geometry":{"type":"Polygon","coordinates":[[[-75.17049663866594,6.905873658769945],[-75.18151400103123,6.8463791242578065],[-75.23048005598804,6.793081937090683],[-75.28801517056229,6.821589734877749],[-75.24272156972724,6.9269446397429935],[-75.22435929911843,6.933141987088009],[-75.17049663866594,6.905873658769945]]]}},{"type":"Feature","properties":{"dep":"05","muni":"313","name":"GRANADA","dep_name":"ANTIOQUIA"},"geometry":{"type":"Polygon","coordinates":[[[-75.06154716638704,6.1274868322361336],[-75.08480604249154,6.020892457901885],[-75.16682418454418,6.101457973387072],[-75.23292835873588,6.163431446837217],[-75.16315173042243,6.172107733120237],[-75.12153058370913,6.2316022676323755],[-75.06154716638704,6.1274868322361336]]]}},{"type":"Feature","properties":{"dep":"05","muni":"310","name":"GÓMEZ PLATA","dep_name":"ANTIOQUIA"},"geometry":{"type":"Polygon","coordinates":[[[-75.10928906996993,6.781926711869657],[-75.12275473508305,6.657979764969369],[-75.19742796889219,6.574935310546175],[-75.28679101918836,6.677811276473415],[-75.23048005598804,6.793081937090683],[-75.18151400103123,6.8463791242578065],[-75.10928906996993,6.781926711869657]]]}},{"type":"Feature","properties":{"dep":"05","muni":"308","name":"GIRARDOTA","dep_name":"ANTIOQUIA"},"geometry":{"type":"Polygon","coordinates":[[[-75.40430955108471,6.3654649702846875],[-75.40675785383254,6.348112397718646],[-75.45082730329366,6.334478233559615],[-75.48877599588519,6.429917382672837],[-75.44837900054583,6.436114730017852],[-75.40430955108471,6.3654649702846875]]]}},{"type":"Feature","properties":{"dep":"05","muni":"234","name":"DABEIBA","dep_name":"ANTIOQUIA"},"geometry":{"type":"Polygon","coordinates":[[[-76.21837021474164,7.150049144163514],[-76.15716264604562,7.1277386937214615],[-76.06167883887986,7.171120125136563],[-75.96619503171408,7.13145710212847],[-75.98210899957503,7.001312807883167],[-76.07514450399297,6.940578803902026],[-76.15349019192386,6.977762887972112],[-76.22449097161123,6.92074729239798],[-76.289370994429,6.8996763114249315],[-76.27590532931589,6.804237162311708],[-76.31507817328134,6.774489895055639],[-76.40811367769926,6.850097532664815],[-76.43014840242984,6.743503158330567],[-76.52073560409993,6.764574139303615],[-76.57704656730026,6.695163849039455],[-76.60152959477865,6.714995360543501],[-76.57214996180457,6.8463791242578065],[-76.51216654448248,6.925705170273991],[-76.54766693432617,7.002552277352169],[-76.52563220959561,7.105428243279409],[-76.48523521425624,7.135175510535479],[-76.39587216396006,7.1872332282336],[-76.31752647602917,7.152528083101519],[-76.21837021474164,7.150049144163514]]]}},{"type":"Feature","properties":{"dep":"05","muni":"284","name":"FRONTINO","dep_name":"ANTIOQUIA"},"geometry":{"type":"Polygon","coordinates":[[[-76.12166225620194,6.851337002133818],[-76.08738601773217,6.754658383551593],[-76.10329998559314,6.7137558910744985],[-76.17674906802834,6.679050745942417],[-76.16205925154131,6.592287883112215],[-76.22693927435908,6.571216902139167],[-76.31752647602917,6.505525020282013],[-76.3799581960991,6.5935273525812175],[-76.48401106288232,6.496848733998993],[-76.52318390684776,6.587330005236204],[-76.56358090218713,6.566259024263154],[-76.57337411317849,6.63319037558931],[-76.57704656730026,6.695163849039455],[-76.52073560409993,6.764574139303615],[-76.43014840242984,6.743503158330567],[-76.40811367769926,6.850097532664815],[-76.31507817328134,6.774489895055639],[-76.27590532931589,6.804237162311708],[-76.289370994429,6.8996763114249315],[-76.22449097161123,6.92074729239798],[-76.2465256963418,6.877365860982879],[-76.1559384946717,6.824068673815754],[-76.12166225620194,6.851337002133818]]]}},{"type":"Feature","properties":{"dep":"05","muni":"361","name":"ITUANGO","dep_name":"ANTIOQUIA"},"geometry":{"type":"Polygon","coordinates":[[[-75.67239870197322,7.597497622473556],[-75.60139792228586,7.5900608056595384],[-75.54141450496377,7.49214271760831],[-75.56834583519002,7.3805904653980505],[-75.51448317473752,7.373153648584033],[-75.52917299122456,7.298785480443859],[-75.44470654642407,7.249206701683745],[-75.60507037640761,7.17855694195058],[-75.68708851846027,7.08435726230636],[-75.76543420639116,7.062046811864308],[-75.77522741738252,7.04593370876727],[-75.87928028416574,7.115343999031433],[-75.88540104103534,7.221938373365681],[-75.94538445835744,7.185993758764598],[-75.96619503171408,7.13145710212847],[-76.06167883887986,7.171120125136563],[-76.15716264604562,7.1277386937214615],[-76.21837021474164,7.150049144163514],[-76.38118234747303,7.391745690619077],[-76.05555808201025,7.364477362301013],[-75.96619503171408,7.357040545486996],[-75.84500404569597,7.347124789734972],[-75.74217533028667,7.612371256101589],[-75.67239870197322,7.597497622473556]]]}},{"type":"Feature","properties":{"dep":"05","muni":"847","name":"URRAO","dep_name":"ANTIOQUIA"},"geometry":{"type":"Polygon","coordinates":[[[-76.16205925154131,6.592287883112215],[-76.05800638475809,6.506764489751015],[-76.04209241689713,6.377859664974716],[-75.98822975644464,6.344393989311637],[-76.0041437243056,6.284899454799499],[-76.04821317376673,6.261349534888446],[-75.99679881606208,6.077908053476017],[-75.998022967436,6.069231767192997],[-76.09717922872353,6.0035398853358455],[-76.15961094879347,6.0035398853358455],[-76.19143888451539,6.059316011440975],[-76.2098011551242,6.184502427810266],[-76.2465256963418,6.204333939314312],[-76.37750989335126,6.1931787140932855],[-76.44483821891687,6.168389324713228],[-76.52318390684776,6.219207572942347],[-76.52440805822168,6.382817542850727],[-76.56358090218713,6.566259024263154],[-76.52318390684776,6.587330005236204],[-76.48401106288232,6.496848733998993],[-76.3799581960991,6.5935273525812175],[-76.31752647602917,6.505525020282013],[-76.22693927435908,6.571216902139167],[-76.16205925154131,6.592287883112215]]]}},{"type":"Feature","properties":{"dep":"05","muni":"475","name":"MURINDÓ","dep_name":"ANTIOQUIA"},"geometry":{"type":"Polygon","coordinates":[[[-76.54766693432617,7.002552277352169],[-76.51216654448248,6.925705170273991],[-76.57214996180457,6.8463791242578065],[-76.60152959477865,6.714995360543501],[-76.57704656730026,6.695163849039455],[-76.57337411317849,6.63319037558931],[-76.70803076430971,6.66293764284538],[-76.74965191102301,6.639387722934325],[-76.84880817231054,6.659219234438371],[-76.8708428970411,6.732347933109541],[-76.91736064925007,6.784405650807662],[-76.90022253001518,6.829026551691767],[-76.79372136048413,6.86497116629285],[-76.82432514483213,7.005031216290176],[-76.67620282858779,7.029820605670233],[-76.54766693432617,7.002552277352169]]]}},{"type":"Feature","properties":{"dep":"05","muni":"873","name":"VIGÍA DEL FUERTE","dep_name":"ANTIOQUIA"},"geometry":{"type":"Polygon","coordinates":[[[-76.90022253001518,6.829026551691767],[-76.91736064925007,6.784405650807662],[-76.8708428970411,6.732347933109541],[-76.84880817231054,6.659219234438371],[-76.74965191102301,6.639387722934325],[-76.70803076430971,6.66293764284538],[-76.57337411317849,6.63319037558931],[-76.56358090218713,6.566259024263154],[-76.52440805822168,6.382817542850727],[-76.52318390684776,6.219207572942347],[-76.44483821891687,6.168389324713228],[-76.60152959477865,6.191939244624283],[-76.71537567255324,6.170868263651235],[-76.71782397530107,6.215489164535338],[-76.77658324124924,6.286138924268503],[-76.79127305773629,6.341915050373633],[-76.77780739262317,6.489411917184976],[-76.89899837864127,6.5798931884221865],[-76.95408519046768,6.6753323375354086],[-76.97244746107648,6.798039814966694],[-76.91368819512832,6.8463791242578065],[-76.90022253001518,6.829026551691767]]]}},{"type":"Feature","properties":{"dep":"05","muni":"045","name":"APARTADÓ","dep_name":"ANTIOQUIA"},"geometry":{"type":"Polygon","coordinates":[[[-76.42525179693415,8.073453898570664],[-76.41178613182103,8.006522547244508],[-76.4215793428124,7.912322867600288],[-76.4644246408996,7.870180905654189],[-76.51706314997817,7.83547576052211],[-76.54889108570009,7.771023348133959],[-76.70191000744012,7.811925840611055],[-76.75332436514476,7.878857191937211],[-76.53297711783912,7.963141115829407],[-76.42525179693415,8.073453898570664]]]}},{"type":"Feature","properties":{"dep":"27","muni":"615","name":"RIOSUCIO","dep_name":"CHOCÓ"},"geometry":{"type":"Polygon","coordinates":[[[-77.179329043269,7.9569437684843916],[-77.09853505259026,7.92223862335231],[-77.07527617648577,7.8478704552121386],[-77.12301808006866,7.789615390169002],[-76.96020594733727,7.639639584419653],[-76.93572291985888,7.583863458314523],[-76.80106626872765,7.571468763624495],[-76.6823235854574,7.467353328228253],[-76.61499525989178,7.312419644602892],[-76.53052881509129,7.255404049028758],[-76.48523521425624,7.135175510535479],[-76.52563220959561,7.105428243279409],[-76.5856156269177,7.136414980004481],[-76.66028886072682,7.25168564062175],[-76.7618934247622,7.3136591140718945],[-76.8402391126931,7.295067072036851],[-76.98713727756352,7.291348663629842],[-76.9981546399288,7.250446171152747],[-77.07772447923362,7.203346331330637],[-77.09853505259026,7.142612327349497],[-77.22339849273013,7.100470365403398],[-77.39233138233111,6.936860395495017],[-77.40334874469639,6.871168513637864],[-77.36295174935702,6.8079555707187165],[-77.37152080897447,6.8079555707187165],[-77.4584355565228,6.8228292043467516],[-77.5196431252188,6.731108463640538],[-77.53678124445369,6.8463791242578065],[-77.59064390490619,6.931902517619006],[-77.5612642719321,6.995115460538154],[-77.5979888131497,7.086836201244367],[-77.60166126727147,7.205825270268644],[-77.66776544146316,7.221938373365681],[-77.73631791840269,7.385548343274062],[-77.71061073955036,7.4995795344223275],[-77.74855943214189,7.614850195039596],[-77.74243867527228,7.678063137958743],[-77.6469548681065,7.653273748578686],[-77.60655787276714,7.5417214963684245],[-77.56860918017561,7.508255820705347],[-77.49271179499256,7.583863458314523],[-77.3127615430263,7.897449233972253],[-77.179329043269,7.9569437684843916]]]}},{"type":"Feature","properties":{"dep":"27","muni":"001","name":"QUIBDÓ","dep_name":"CHOCÓ"},"geometry":{"type":"Polygon","coordinates":[[[-76.79127305773629,6.341915050373633],[-76.77658324124924,6.286138924268503],[-76.71782397530107,6.215489164535338],[-76.71537567255324,6.170868263651235],[-76.75332436514476,6.132444710112145],[-76.87206704841502,6.118810545953114],[-76.94061952535455,6.1411209963951645],[-76.98346482344176,6.03576609152992],[-76.92348140611968,6.012216171618865],[-76.9247055574936,5.891987633125584],[-76.83779080994526,5.811422117640397],[-76.58683977829162,5.909340205691626],[-76.51706314997817,5.992384660114819],[-76.42035519143847,6.03576609152992],[-76.2832502375594,6.1510367521471885],[-76.2465256963418,6.204333939314312],[-76.2098011551242,6.184502427810266],[-76.19143888451539,6.059316011440975],[-76.15961094879347,6.0035398853358455],[-76.19266303588931,5.91181914462963],[-76.23673248535044,5.904382327815613],[-76.37016498510773,5.790351136667349],[-76.37628574197734,5.723419785341193],[-76.47544200326487,5.687475170740109],[-76.6517198011094,5.629220105696973],[-76.67865113133563,5.651530556139026],[-76.71782397530107,5.684996231802103],[-76.89287762177166,5.682517292864098],[-76.94918858497199,5.667643659236063],[-76.99448218580704,5.732096071624213],[-77.03732748389425,5.939087472947694],[-77.1009833553381,5.975032087548778],[-77.14015619930355,6.037005560998923],[-77.12301808006866,6.096500095511061],[-77.05936220862482,6.152276221616191],[-77.07405202511185,6.234081206570382],[-77.03487918114641,6.294815210551523],[-76.94918858497199,6.234081206570382],[-76.9014466813891,6.239039084446393],[-76.79127305773629,6.341915050373633]]]}},{"type":"Feature","properties":{"dep":"27","muni":"006","name":"ACANDÍ","dep_name":"CHOCÓ"},"geometry":{"type":"Polygon","coordinates":[[[-77.07772447923362,8.317629383964231],[-77.15607016716451,8.287882116708163],[-77.29807172653925,8.276726891487137],[-77.3494860842439,8.296558402991183],[-77.34826193286997,8.357292406972324],[-77.3862106254615,8.440336861395517],[-77.44986649690536,8.499831395907655],[-77.34458947874822,8.644849323780994],[-77.28705436417397,8.571720625109823],[-77.24788152020852,8.47132359812059],[-77.12913883693827,8.409350124670445],[-77.07772447923362,8.317629383964231]]]}},{"type":"Feature","properties":{"dep":"27","muni":"025","name":"ALTO BAUDÓ","dep_name":"CHOCÓ"},"geometry":{"type":"Polygon","coordinates":[[[-77.14015619930355,6.037005560998923],[-77.1009833553381,5.975032087548778],[-77.03732748389425,5.939087472947694],[-76.99448218580704,5.732096071624213],[-76.94918858497199,5.667643659236063],[-76.96877500695471,5.49039952516865],[-76.91491234650223,5.538738834459762],[-76.87573950253679,5.513949445079705],[-76.89532592451951,5.440820746408535],[-76.86104968604974,5.38752355924141],[-76.93205046573712,5.287126532252177],[-77.03610333252033,5.329268494198274],[-77.09975920396418,5.394960376055428],[-77.19157055700819,5.380086742427393],[-77.26012303394772,5.428426051718505],[-77.26869209356516,5.506512628265687],[-77.21238113036483,5.5263441397697335],[-77.19034640563427,5.642854269856006],[-77.2160535844866,5.732096071624213],[-77.13770789655571,5.848606201710483],[-77.21850188723444,5.878353468966553],[-77.2895026669218,6.00601882427385],[-77.27603700180869,6.028329274715903],[-77.14015619930355,6.037005560998923]]]}},{"type":"Feature","properties":{"dep":"27","muni":"050","name":"ATRATO","dep_name":"CHOCÓ"},"geometry":{"type":"Polygon","coordinates":[[[-76.47544200326487,5.687475170740109],[-76.51461484723032,5.558570345963808],[-76.5856156269177,5.548654590211786],[-76.56970165905673,5.450736502160558],[-76.6100986543961,5.403636662338448],[-76.6823235854574,5.433383929594518],[-76.7068066129358,5.578401857467854],[-76.67865113133563,5.651530556139026],[-76.6517198011094,5.629220105696973],[-76.47544200326487,5.687475170740109]]]}},{"type":"Feature","properties":{"dep":"27","muni":"073","name":"BAGADÓ","dep_name":"CHOCÓ"},"geometry":{"type":"Polygon","coordinates":[[[-76.07392035261906,5.677559414988085],[-76.00659202705344,5.62302275835196],[-76.00904032980128,5.567246632246828],[-76.08493771498433,5.533780956583751],[-76.08861016910609,5.447018093753549],[-76.19143888451539,5.414791887559474],[-76.22693927435908,5.375128864551382],[-76.32609553564662,5.335465841543289],[-76.4044412235775,5.359015761454344],[-76.3983204667079,5.419749765435485],[-76.33588874663798,5.428426051718505],[-76.31630232465525,5.527583609238736],[-76.21959436611556,5.582120265874863],[-76.14002452681075,5.655248964546034],[-76.08738601773217,5.6887146402091116],[-76.07392035261906,5.677559414988085]]]}},{"type":"Feature","properties":{"dep":"27","muni":"075","name":"BAHÍA SOLANO","dep_name":"CHOCÓ"},"geometry":{"type":"Polygon","coordinates":[[[-77.36295174935702,6.8079555707187165],[-77.3127615430263,6.767053078241622],[-77.37029665760055,6.729868994171536],[-77.35927929523527,6.62451408930629],[-77.30908908890453,6.5513853906351205],[-77.3372445705047,6.424959504796826],[-77.30174418066102,6.3790991344437185],[-77.29807172653925,6.267546882233459],[-77.25522642845205,6.2601100654194415],[-77.22217434135621,6.136163118519153],[-77.29195096966966,6.076668584007015],[-77.27603700180869,6.028329274715903],[-77.2895026669218,6.00601882427385],[-77.33357211638294,5.989905721176813],[-77.45476310240105,6.133684179581147],[-77.4829185840012,6.1931787140932855],[-77.409469501566,6.227883859225367],[-77.35927929523527,6.392733298602751],[-77.35927929523527,6.488172447715973],[-77.3250030567655,6.548906451697114],[-77.3972279878268,6.620795680899281],[-77.4045728960703,6.685248093287431],[-77.4829185840012,6.697642787977461],[-77.4278317721748,6.772010956117633],[-77.37152080897447,6.8079555707187165],[-77.36295174935702,6.8079555707187165]]]}},{"type":"Feature","properties":{"dep":"27","muni":"077","name":"BAJO BAUDÓ","dep_name":"CHOCÓ"},"geometry":{"type":"Polygon","coordinates":[[[-77.26869209356516,5.506512628265687],[-77.26012303394772,5.428426051718505],[-77.19157055700819,5.380086742427393],[-77.09975920396418,5.394960376055428],[-77.03610333252033,5.329268494198274],[-76.93205046573712,5.287126532252177],[-76.96999915832863,5.2982817574732035],[-77.06181051137266,5.211518894643001],[-77.15851846991235,5.186729505262942],[-77.18667395151252,5.104924520308753],[-77.2466573688346,5.088811417211716],[-77.23074340097364,5.033035291106586],[-77.15239771304275,5.033035291106586],[-77.06425881412049,4.953709245090401],[-76.97734406657216,4.917764630489318],[-76.97489576382432,4.842156992880142],[-76.9369470712328,4.775225641553986],[-77.05936220862482,4.694660126068797],[-77.15851846991235,4.5260922782844055],[-77.06058635999874,4.4727950911172805],[-77.19034640563427,4.443047823861212],[-77.27603700180869,4.55831848447848],[-77.32622720813941,4.569473709699507],[-77.3127615430263,4.773986172084982],[-77.34826193286997,4.811170256155069],[-77.37519326309622,4.958667122966412],[-77.38743477683543,5.2883660017211795],[-77.41314195568775,5.403636662338448],[-77.38988307958327,5.44329968534654],[-77.52331557934058,5.505273158796685],[-77.3188822998959,5.556091407025804],[-77.26869209356516,5.506512628265687]]]}},{"type":"Feature","properties":{"dep":"27","muni":"099","name":"BOJAYÁ","dep_name":"CHOCÓ"},"geometry":{"type":"Polygon","coordinates":[[[-76.79127305773629,6.341915050373633],[-76.9014466813891,6.239039084446393],[-76.94918858497199,6.234081206570382],[-77.03487918114641,6.294815210551523],[-77.07405202511185,6.234081206570382],[-77.05936220862482,6.152276221616191],[-77.12301808006866,6.096500095511061],[-77.14015619930355,6.037005560998923],[-77.27603700180869,6.028329274715903],[-77.29195096966966,6.076668584007015],[-77.22217434135621,6.136163118519153],[-77.25522642845205,6.2601100654194415],[-77.29807172653925,6.267546882233459],[-77.30174418066102,6.3790991344437185],[-77.3372445705047,6.424959504796826],[-77.30908908890453,6.5513853906351205],[-77.35927929523527,6.62451408930629],[-77.37029665760055,6.729868994171536],[-77.3127615430263,6.767053078241622],[-77.20013961662563,6.775729364524642],[-77.18667395151252,6.83522389903678],[-77.08751769022498,6.814152918063732],[-76.91368819512832,6.8463791242578065],[-76.97244746107648,6.798039814966694],[-76.95408519046768,6.6753323375354086],[-76.89899837864127,6.5798931884221865],[-76.77780739262317,6.489411917184976],[-76.79127305773629,6.341915050373633]]]}},{"type":"Feature","properties":{"dep":"27","muni":"135","name":"EL CANTÓN DEL SAN PABLO","dep_name":"CHOCÓ"},"geometry":{"type":"Polygon","coordinates":[[[-76.72149642942284,5.422228704373492],[-76.68599603957915,5.399918253931439],[-76.65661640660507,5.268534490217133],[-76.70435831018796,5.2449845703060785],[-76.84146326406702,5.268534490217133],[-76.82554929620605,5.347860536233318],[-76.86104968604974,5.38752355924141],[-76.89532592451951,5.440820746408535],[-76.87573950253679,5.513949445079705],[-76.84391156681485,5.4742864220716125],[-76.72149642942284,5.422228704373492]]]}},{"type":"Feature","properties":{"dep":"27","muni":"150","name":"CARMEN DEL DARIÉN","dep_name":"CHOCÓ"},"geometry":{"type":"Polygon","coordinates":[[[-76.52563220959561,7.105428243279409],[-76.54766693432617,7.002552277352169],[-76.67620282858779,7.029820605670233],[-76.82432514483213,7.005031216290176],[-76.79372136048413,6.86497116629285],[-76.90022253001518,6.829026551691767],[-76.91368819512832,6.8463791242578065],[-77.08751769022498,6.814152918063732],[-77.18667395151252,6.83522389903678],[-77.20013961662563,6.775729364524642],[-77.3127615430263,6.767053078241622],[-77.36295174935702,6.8079555707187165],[-77.40334874469639,6.871168513637864],[-77.39233138233111,6.936860395495017],[-77.22339849273013,7.100470365403398],[-77.09853505259026,7.142612327349497],[-77.07772447923362,7.203346331330637],[-76.9981546399288,7.250446171152747],[-76.98713727756352,7.291348663629842],[-76.8402391126931,7.295067072036851],[-76.7618934247622,7.3136591140718945],[-76.66028886072682,7.25168564062175],[-76.5856156269177,7.136414980004481],[-76.52563220959561,7.105428243279409]]]}},{"type":"Feature","properties":{"dep":"27","muni":"160","name":"CÉRTEGUI","dep_name":"CHOCÓ"},"geometry":{"type":"Polygon","coordinates":[[[-76.33588874663798,5.428426051718505],[-76.3983204667079,5.419749765435485],[-76.4044412235775,5.359015761454344],[-76.49380427387368,5.337944780481296],[-76.53052881509129,5.2883660017211795],[-76.5978571406569,5.2734923680931445],[-76.61377110851787,5.357776291985342],[-76.68599603957915,5.399918253931439],[-76.72149642942284,5.422228704373492],[-76.6823235854574,5.433383929594518],[-76.6100986543961,5.403636662338448],[-76.56970165905673,5.450736502160558],[-76.43504500792551,5.4742864220716125],[-76.33588874663798,5.428426051718505]]]}},{"type":"Feature","properties":{"dep":"27","muni":"205","name":"CONDOTO","dep_name":"CHOCÓ"},"geometry":{"type":"Polygon","coordinates":[[[-76.29059514580293,5.1259955012818015],[-76.43014840242984,5.095008764556729],[-76.44361406754295,5.026837943761571],[-76.49747672799545,4.985935451284476],[-76.55746014531753,5.008245901726527],[-76.7068066129358,4.990893329160487],[-76.67742697996171,5.108642928715762],[-76.62723677363098,5.0974877034947355],[-76.4950284252476,5.153263829599865],[-76.42892425105592,5.124756031812799],[-76.36037177411637,5.128474440219808],[-76.36037177411637,5.197884730483969],[-76.3016125081682,5.186729505262942],[-76.29059514580293,5.1259955012818015]]]}},{"type":"Feature","properties":{"dep":"27","muni":"245","name":"EL CARMEN DE ATRATO","dep_name":"CHOCÓ"},"geometry":{"type":"Polygon","coordinates":[[[-76.09717922872353,6.0035398853358455],[-76.05433393063633,5.931650656133677],[-76.09840338009745,5.849845671179487],[-76.06535129300161,5.764322277818287],[-76.08738601773217,5.6887146402091116],[-76.14002452681075,5.655248964546034],[-76.24285324222004,5.672601537112074],[-76.2942675999247,5.711025090651164],[-76.37628574197734,5.723419785341193],[-76.37016498510773,5.790351136667349],[-76.23673248535044,5.904382327815613],[-76.19266303588931,5.91181914462963],[-76.15961094879347,6.0035398853358455],[-76.09717922872353,6.0035398853358455]]]}},{"type":"Feature","properties":{"dep":"27","muni":"250","name":"EL LITORAL DEL SAN JUAN","dep_name":"CHOCÓ"},"geometry":{"type":"Polygon","coordinates":[[[-77.06058635999874,4.4727950911172805],[-76.9553093418416,4.429413659702179],[-76.82922175032782,4.425695251295172],[-76.63702998462234,4.381074350411067],[-76.54889108570009,4.337692918995966],[-76.48768351700409,4.236056422537731],[-76.45463142990823,4.229859075192715],[-76.44851067303864,4.161688254397557],[-76.49870087936937,4.063770166346329],[-76.58928808103946,3.993120406613164],[-76.62478847088315,4.015430857055216],[-76.68109943408348,3.964612608826098],[-76.85982553467582,4.0303044906832515],[-76.91491234650223,4.095996372540403],[-76.99448218580704,4.120785761920462],[-77.04956899763346,4.094756903071401],[-77.15851846991235,4.182759235370606],[-77.30664078615669,4.165406662804566],[-77.35315853836566,4.197632868998641],[-77.44986649690536,4.038980776966271],[-77.52576388208841,4.126983109265476],[-77.5245397307145,4.257127403510779],[-77.42293516667911,4.286874670766849],[-77.4278317721748,4.31786140749192],[-77.35438268973958,4.415779495543148],[-77.32622720813941,4.569473709699507],[-77.27603700180869,4.55831848447848],[-77.19034640563427,4.443047823861212],[-77.06058635999874,4.4727950911172805]]]}},{"type":"Feature","properties":{"dep":"27","muni":"361","name":"ISTMINA","dep_name":"CHOCÓ"},"geometry":{"type":"Polygon","coordinates":[[[-76.70435831018796,5.2449845703060785],[-76.6284609250049,5.21523730305001],[-76.53542542058696,5.217716241988015],[-76.6823235854574,5.127234970750804],[-76.7251688835446,5.116079745529779],[-76.77903154399709,4.990893329160487],[-76.85982553467582,4.930159325179346],[-76.88063610803246,4.808691317217063],[-76.86594629154543,4.719449515448856],[-76.96387840145904,4.692181187130792],[-76.92103310337183,4.604178854831588],[-76.84268741544093,4.61409461058361],[-76.72149642942284,4.553360606602469],[-76.65294395248331,4.491387133152324],[-76.67865113133563,4.469076682710272],[-76.63702998462234,4.381074350411067],[-76.82922175032782,4.425695251295172],[-76.9553093418416,4.429413659702179],[-77.06058635999874,4.4727950911172805],[-77.15851846991235,4.5260922782844055],[-77.05936220862482,4.694660126068797],[-76.9369470712328,4.775225641553986],[-76.97489576382432,4.842156992880142],[-76.97734406657216,4.917764630489318],[-76.92103310337183,4.9648644703114275],[-76.88063610803246,4.945032958807381],[-76.85370477780621,5.033035291106586],[-76.7973938146059,5.086332478273709],[-76.79004890636237,5.158221707475876],[-76.85125647505838,5.2028426083599815],[-76.84146326406702,5.268534490217133],[-76.70435831018796,5.2449845703060785]]]}},{"type":"Feature","properties":{"dep":"27","muni":"372","name":"JURADÓ","dep_name":"CHOCÓ"},"geometry":{"type":"Polygon","coordinates":[[[-77.37152080897447,6.8079555707187165],[-77.4278317721748,6.772010956117633],[-77.4829185840012,6.697642787977461],[-77.53310879033194,6.6988822574464635],[-77.56983333154953,6.795560876028688],[-77.61757523513242,6.842660715850798],[-77.71061073955036,6.879844799920885],[-77.66286883596747,7.000073338414165],[-77.88321608327311,7.2182199649586725],[-77.79262888160301,7.4611559808832375],[-77.71061073955036,7.4995795344223275],[-77.73631791840269,7.385548343274062],[-77.66776544146316,7.221938373365681],[-77.60166126727147,7.205825270268644],[-77.5979888131497,7.086836201244367],[-77.5612642719321,6.995115460538154],[-77.59064390490619,6.931902517619006],[-77.53678124445369,6.8463791242578065],[-77.5196431252188,6.731108463640538],[-77.4584355565228,6.8228292043467516],[-77.37152080897447,6.8079555707187165]]]}},{"type":"Feature","properties":{"dep":"27","muni":"413","name":"LLORÓ","dep_name":"CHOCÓ"},"geometry":{"type":"Polygon","coordinates":[[[-76.37628574197734,5.723419785341193],[-76.2942675999247,5.711025090651164],[-76.24285324222004,5.672601537112074],[-76.14002452681075,5.655248964546034],[-76.21959436611556,5.582120265874863],[-76.31630232465525,5.527583609238736],[-76.33588874663798,5.428426051718505],[-76.43504500792551,5.4742864220716125],[-76.56970165905673,5.450736502160558],[-76.5856156269177,5.548654590211786],[-76.51461484723032,5.558570345963808],[-76.47544200326487,5.687475170740109],[-76.37628574197734,5.723419785341193]]]}},{"type":"Feature","properties":{"dep":"27","muni":"425","name":"MEDIO ATRATO","dep_name":"CHOCÓ"},"geometry":{"type":"Polygon","coordinates":[[[-76.2465256963418,6.204333939314312],[-76.2832502375594,6.1510367521471885],[-76.42035519143847,6.03576609152992],[-76.51706314997817,5.992384660114819],[-76.58683977829162,5.909340205691626],[-76.83779080994526,5.811422117640397],[-76.9247055574936,5.891987633125584],[-76.92348140611968,6.012216171618865],[-76.98346482344176,6.03576609152992],[-76.94061952535455,6.1411209963951645],[-76.87206704841502,6.118810545953114],[-76.75332436514476,6.132444710112145],[-76.71537567255324,6.170868263651235],[-76.60152959477865,6.191939244624283],[-76.44483821891687,6.168389324713228],[-76.37750989335126,6.1931787140932855],[-76.2465256963418,6.204333939314312]]]}},{"type":"Feature","properties":{"dep":"27","muni":"430","name":"MEDIO BAUDÓ","dep_name":"CHOCÓ"},"geometry":{"type":"Polygon","coordinates":[[[-76.84146326406702,5.268534490217133],[-76.85125647505838,5.2028426083599815],[-76.79004890636237,5.158221707475876],[-76.7973938146059,5.086332478273709],[-76.85370477780621,5.033035291106586],[-76.88063610803246,4.945032958807381],[-76.92103310337183,4.9648644703114275],[-76.97734406657216,4.917764630489318],[-77.06425881412049,4.953709245090401],[-77.15239771304275,5.033035291106586],[-77.23074340097364,5.033035291106586],[-77.2466573688346,5.088811417211716],[-77.18667395151252,5.104924520308753],[-77.15851846991235,5.186729505262942],[-77.06181051137266,5.211518894643001],[-76.96999915832863,5.2982817574732035],[-76.93205046573712,5.287126532252177],[-76.86104968604974,5.38752355924141],[-76.82554929620605,5.347860536233318],[-76.84146326406702,5.268534490217133]]]}},{"type":"Feature","properties":{"dep":"27","muni":"450","name":"MEDIO SAN JUAN","dep_name":"CHOCÓ"},"geometry":{"type":"Polygon","coordinates":[[[-76.6823235854574,5.127234970750804],[-76.67742697996171,5.108642928715762],[-76.7068066129358,4.990893329160487],[-76.68599603957915,4.932638264117351],[-76.75699681926652,4.879341076950228],[-76.80351457147549,4.773986172084982],[-76.84268741544093,4.751675721642931],[-76.81330778246685,4.651278694653696],[-76.72272058079676,4.602939385362584],[-76.65294395248331,4.491387133152324],[-76.72149642942284,4.553360606602469],[-76.84268741544093,4.61409461058361],[-76.92103310337183,4.604178854831588],[-76.96387840145904,4.692181187130792],[-76.86594629154543,4.719449515448856],[-76.88063610803246,4.808691317217063],[-76.85982553467582,4.930159325179346],[-76.77903154399709,4.990893329160487],[-76.7251688835446,5.116079745529779],[-76.6823235854574,5.127234970750804]]]}},{"type":"Feature","properties":{"dep":"27","muni":"491","name":"NÓVITA","dep_name":"CHOCÓ"},"geometry":{"type":"Polygon","coordinates":[[[-76.50849409036073,4.796296622527034],[-76.58439147554378,4.690941717661788],[-76.63090922775274,4.657476041998711],[-76.69946170469228,4.723167923855865],[-76.79984211735373,4.761591477394953],[-76.84268741544093,4.751675721642931],[-76.80351457147549,4.773986172084982],[-76.75699681926652,4.879341076950228],[-76.68599603957915,4.932638264117351],[-76.7068066129358,4.990893329160487],[-76.55746014531753,5.008245901726527],[-76.49747672799545,4.985935451284476],[-76.44361406754295,5.026837943761571],[-76.41913104006454,4.953709245090401],[-76.4705453977692,4.930159325179346],[-76.50849409036073,4.796296622527034]]]}},{"type":"Feature","properties":{"dep":"27","muni":"495","name":"NUQUÍ","dep_name":"CHOCÓ"},"geometry":{"type":"Polygon","coordinates":[[[-77.26869209356516,5.506512628265687],[-77.3188822998959,5.556091407025804],[-77.52331557934058,5.505273158796685],[-77.50372915735785,5.58459920481287],[-77.42171101530519,5.625501697289964],[-77.33846872187863,5.619304349944951],[-77.26379548806949,5.715982968527175],[-77.25645057982597,5.794069545074358],[-77.2895026669218,5.8461272627724785],[-77.33357211638294,5.989905721176813],[-77.2895026669218,6.00601882427385],[-77.21850188723444,5.878353468966553],[-77.13770789655571,5.848606201710483],[-77.2160535844866,5.732096071624213],[-77.19034640563427,5.642854269856006],[-77.21238113036483,5.5263441397697335],[-77.26869209356516,5.506512628265687]]]}},{"type":"Feature","properties":{"dep":"27","muni":"580","name":"RÍO IRÓ","dep_name":"CHOCÓ"},"geometry":{"type":"Polygon","coordinates":[[[-76.36037177411637,5.197884730483969],[-76.36037177411637,5.128474440219808],[-76.42892425105592,5.124756031812799],[-76.4950284252476,5.153263829599865],[-76.62723677363098,5.0974877034947355],[-76.67742697996171,5.108642928715762],[-76.6823235854574,5.127234970750804],[-76.53542542058696,5.217716241988015],[-76.3983204667079,5.266055551279127],[-76.36037177411637,5.197884730483969]]]}},{"type":"Feature","properties":{"dep":"27","muni":"600","name":"RÍO QUITO","dep_name":"CHOCÓ"},"geometry":{"type":"Polygon","coordinates":[[[-76.67865113133563,5.651530556139026],[-76.7068066129358,5.578401857467854],[-76.6823235854574,5.433383929594518],[-76.72149642942284,5.422228704373492],[-76.84391156681485,5.4742864220716125],[-76.87573950253679,5.513949445079705],[-76.91491234650223,5.538738834459762],[-76.96877500695471,5.49039952516865],[-76.94918858497199,5.667643659236063],[-76.89287762177166,5.682517292864098],[-76.71782397530107,5.684996231802103],[-76.67865113133563,5.651530556139026]]]}},{"type":"Feature","properties":{"dep":"27","muni":"660","name":"SAN JOSÉ DEL PALMAR","dep_name":"CHOCÓ"},"geometry":{"type":"Polygon","coordinates":[[[-76.13267961856722,5.183011096855935],[-76.06045468750592,5.132192848626817],[-76.07759280674081,5.046669455265617],[-76.08861016910609,4.946272428276384],[-76.1375762240629,4.843396462349144],[-76.13880037543683,4.840917523411138],[-76.21102530649812,4.829762298190111],[-76.3126298705335,4.750436252173927],[-76.46320048952568,4.749196782704924],[-76.50849409036073,4.796296622527034],[-76.4705453977692,4.930159325179346],[-76.41913104006454,4.953709245090401],[-76.44361406754295,5.026837943761571],[-76.43014840242984,5.095008764556729],[-76.29059514580293,5.1259955012818015],[-76.20368039825459,5.173095341103911],[-76.13267961856722,5.183011096855935]]]}},{"type":"Feature","properties":{"dep":"27","muni":"745","name":"SIPÍ","dep_name":"CHOCÓ"},"geometry":{"type":"Polygon","coordinates":[[[-76.3126298705335,4.750436252173927],[-76.29794005404645,4.698378534475806],[-76.30038835679429,4.653757633591702],[-76.36526837961206,4.492626602621327],[-76.48156276013448,4.414540026074146],[-76.53909787470873,4.395947984039102],[-76.54889108570009,4.337692918995966],[-76.63702998462234,4.381074350411067],[-76.67865113133563,4.469076682710272],[-76.65294395248331,4.491387133152324],[-76.72272058079676,4.602939385362584],[-76.81330778246685,4.651278694653696],[-76.84268741544093,4.751675721642931],[-76.79984211735373,4.761591477394953],[-76.69946170469228,4.723167923855865],[-76.63090922775274,4.657476041998711],[-76.58439147554378,4.690941717661788],[-76.50849409036073,4.796296622527034],[-76.46320048952568,4.749196782704924],[-76.3126298705335,4.750436252173927]]]}},{"type":"Feature","properties":{"dep":"27","muni":"787","name":"TADÓ","dep_name":"CHOCÓ"},"geometry":{"type":"Polygon","coordinates":[[[-76.13267961856722,5.183011096855935],[-76.20368039825459,5.173095341103911],[-76.29059514580293,5.1259955012818015],[-76.3016125081682,5.186729505262942],[-76.36037177411637,5.197884730483969],[-76.3983204667079,5.266055551279127],[-76.53542542058696,5.217716241988015],[-76.6284609250049,5.21523730305001],[-76.5978571406569,5.2734923680931445],[-76.53052881509129,5.2883660017211795],[-76.49380427387368,5.337944780481296],[-76.4044412235775,5.359015761454344],[-76.32609553564662,5.335465841543289],[-76.22693927435908,5.375128864551382],[-76.19143888451539,5.414791887559474],[-76.20123209550675,5.321831677384258],[-76.13267961856722,5.183011096855935]]]}},{"type":"Feature","properties":{"dep":"27","muni":"800","name":"UNGUÍA","dep_name":"CHOCÓ"},"geometry":{"type":"Polygon","coordinates":[[[-77.07772447923362,8.317629383964231],[-77.03610333252033,8.253176971576082],[-76.97979236932,8.255655910514088],[-76.94918858497199,8.172611456090895],[-76.93817122260671,8.068496020694651],[-76.99693048855488,8.018917241934536],[-77.02631012152897,7.8900124171582355],[-77.07527617648577,7.8478704552121386],[-77.09853505259026,7.92223862335231],[-77.179329043269,7.9569437684843916],[-77.22951924959972,8.05486185653562],[-77.21850188723444,8.089567001667701],[-77.29807172653925,8.276726891487137],[-77.15607016716451,8.287882116708163],[-77.07772447923362,8.317629383964231]]]}},{"type":"Feature","properties":{"dep":"27","muni":"810","name":"UNIÓN PANAMERICANA","dep_name":"CHOCÓ"},"geometry":{"type":"Polygon","coordinates":[[[-76.5978571406569,5.2734923680931445],[-76.6284609250049,5.21523730305001],[-76.70435831018796,5.2449845703060785],[-76.65661640660507,5.268534490217133],[-76.68599603957915,5.399918253931439],[-76.61377110851787,5.357776291985342],[-76.5978571406569,5.2734923680931445]]]}},{"type":"Feature","properties":{"dep":"52","muni":"835","name":"SAN ANDRÉS DE TUMACO","dep_name":"NARIÑO"},"geometry":{"type":"MultiPolygon","coordinates":[[[[-78.5337083184849,1.969596165374137],[-78.53446461419865,1.9703062332004553],[-78.51732649496377,2.0347586455886058],[-78.5337083184849,1.969596165374137]]],[[[-78.56384424717274,2.432628345138532],[-78.55894764167707,2.3185971539902663],[-78.5001883757289,2.2776946615131717],[-78.55649933892921,2.193410737620975],[-78.62627596724268,2.1872133902759607],[-78.7009492010518,2.2144817185940244],[-78.6275001186166,2.3198366234592696],[-78.62382766449483,2.3718943411573905],[-78.56384424717274,2.432628345138532]]]]}},{"type":"Feature","properties":{"dep":"23","muni":"001","name":"MONTERÍA","dep_name":"CÓRDOBA"},"geometry":{"type":"Polygon","coordinates":[[[-76.08738601773217,8.941082526872682],[-76.0518856278885,8.9485193436867],[-76.01271278392304,8.907616851209605],[-75.85357310531342,8.856798602980486],[-75.79358968799133,8.79854353793735],[-75.75196854127805,8.628736220683956],[-75.68219191296458,8.582875850330849],[-75.67851945884283,8.513465560066688],[-75.64546737174699,8.396955429980416],[-75.66872624785147,8.32134779237124],[-75.76665835776508,8.297797872460185],[-75.85357310531342,8.271769013611125],[-75.9013150088963,8.326305670247251],[-76.06290299025378,8.332503017592266],[-76.12288640757586,8.394476491042411],[-76.18042152215011,8.399434368918422],[-76.21837021474164,8.444055269802526],[-76.2098011551242,8.52338131581871],[-76.25509475595925,8.594031075551875],[-76.25142230183748,8.611383648117915],[-76.16573170566306,8.651046671126007],[-76.12043810482803,8.722935900328174],[-76.14492113230642,8.79854353793735],[-76.1375762240629,8.896461625988579],[-76.1791973707762,8.898940564926585],[-76.08738601773217,8.941082526872682]]]}},{"type":"Feature","properties":{"dep":"23","muni":"068","name":"AYAPEL","dep_name":"CÓRDOBA"},"geometry":{"type":"Polygon","coordinates":[[[-75.00278790043888,8.522141846349708],[-74.9256663638819,8.499831395907655],[-74.89873503365565,8.446534208740532],[-74.83997576770749,8.394476491042411],[-74.78121650175932,8.277966360956139],[-74.83018255671612,8.199879784408957],[-74.9134248501427,8.099482757419723],[-75.05665056089137,8.047425039721603],[-75.1680483359181,8.052382917597614],[-75.17294494141379,8.10196169635773],[-75.32473971177988,8.140385249896818],[-75.32841216590165,8.206077131753972],[-75.24639402384899,8.327545139716255],[-75.18518645515299,8.396955429980416],[-75.12765134057874,8.468844659182583],[-75.04196074440432,8.457689433961557],[-75.00278790043888,8.522141846349708]]]}},{"type":"Feature","properties":{"dep":"23","muni":"079","name":"BUENAVISTA","dep_name":"CÓRDOBA"},"geometry":{"type":"Polygon","coordinates":[[[-75.24639402384899,8.327545139716255],[-75.32841216590165,8.206077131753972],[-75.32473971177988,8.140385249896818],[-75.32106725765813,8.104440635295735],[-75.38961973459766,8.018917241934536],[-75.45939636291111,8.033790875562572],[-75.49367260138088,8.074693368039666],[-75.57324244068569,8.099482757419723],[-75.58793225717274,8.254416441045084],[-75.39696464284118,8.327545139716255],[-75.35411934475397,8.375884449007367],[-75.34310198238869,8.32134779237124],[-75.24639402384899,8.327545139716255]]]}},{"type":"Feature","properties":{"dep":"23","muni":"090","name":"CANALETE","dep_name":"CÓRDOBA"},"geometry":{"type":"Polygon","coordinates":[[[-76.14492113230642,8.79854353793735],[-76.12043810482803,8.722935900328174],[-76.16573170566306,8.651046671126007],[-76.25142230183748,8.611383648117915],[-76.36404422823814,8.709301736169143],[-76.26856042107237,8.825811866255414],[-76.14492113230642,8.79854353793735]]]}},{"type":"Feature","properties":{"dep":"23","muni":"162","name":"CERETÉ","dep_name":"CÓRDOBA"},"geometry":{"type":"Polygon","coordinates":[[[-75.71769230280827,8.974548202535761],[-75.71769230280827,8.860517011387495],[-75.79358968799133,8.79854353793735],[-75.85357310531342,8.856798602980486],[-76.01271278392304,8.907616851209605],[-76.0518856278885,8.9485193436867],[-76.00047127018384,8.959674568907726],[-75.91845312813119,8.907616851209605],[-75.82786592646109,8.903898442802596],[-75.75808929814764,8.97826661094277],[-75.71769230280827,8.974548202535761]]]}},{"type":"Feature","properties":{"dep":"23","muni":"168","name":"CHIMÁ","dep_name":"CÓRDOBA"},"geometry":{"type":"Polygon","coordinates":[[[-75.60017377091194,9.238555199433375],[-75.56100092694649,9.162947561824199],[-75.59038055992058,9.037761145454908],[-75.71034739456475,8.984463958287783],[-75.72748551379964,9.067508412710977],[-75.73972702753883,9.113368783064084],[-75.68831266983419,9.162947561824199],[-75.60017377091194,9.238555199433375]]]}},{"type":"Feature","properties":{"dep":"23","muni":"182","name":"CHINÚ","dep_name":"CÓRDOBA"},"geometry":{"type":"Polygon","coordinates":[[[-75.22435929911843,9.073705760055992],[-75.20844533125747,9.0340427370479],[-75.1680483359181,8.952237752093708],[-75.1864106065269,8.91381419855462],[-75.20354872576179,8.915053668023623],[-75.2586355375882,8.895222156519576],[-75.45939636291111,9.005534939260833],[-75.55732847282472,8.970829794128752],[-75.56834583519002,9.02164804235787],[-75.51448317473752,9.032803267578897],[-75.44837900054583,9.140637111382148],[-75.3920680373455,9.15922915341719],[-75.28067026231876,9.07246629058699],[-75.22435929911843,9.073705760055992]]]}},{"type":"Feature","properties":{"dep":"23","muni":"189","name":"CIÉNAGA DE ORO","dep_name":"CÓRDOBA"},"geometry":{"type":"Polygon","coordinates":[[[-75.59038055992058,9.037761145454908],[-75.56834583519002,9.02164804235787],[-75.55732847282472,8.970829794128752],[-75.52917299122456,8.71178067510715],[-75.5010175096244,8.61758099546293],[-75.5561043214508,8.601467892365893],[-75.60384622503369,8.639891445904981],[-75.59650131679018,8.713020144576152],[-75.63934661487738,8.79854353793735],[-75.71769230280827,8.860517011387495],[-75.71769230280827,8.974548202535761],[-75.71034739456475,8.984463958287783],[-75.59038055992058,9.037761145454908]]]}},{"type":"Feature","properties":{"dep":"23","muni":"300","name":"COTORRA","dep_name":"CÓRDOBA"},"geometry":{"type":"Polygon","coordinates":[[[-75.73972702753883,9.113368783064084],[-75.72748551379964,9.067508412710977],[-75.79971044486092,9.00057706138482],[-75.84377989432205,9.04271902333092],[-75.73972702753883,9.113368783064084]]]}},{"type":"Feature","properties":{"dep":"23","muni":"350","name":"LA APARTADA","dep_name":"CÓRDOBA"},"geometry":{"type":"Polygon","coordinates":[[[-75.1680483359181,8.052382917597614],[-75.22068684499668,8.066017081756646],[-75.30882574391893,7.947028012732369],[-75.3369812255191,7.948267482201372],[-75.38961973459766,8.018917241934536],[-75.32106725765813,8.104440635295735],[-75.32473971177988,8.140385249896818],[-75.17294494141379,8.10196169635773],[-75.1680483359181,8.052382917597614]]]}},{"type":"Feature","properties":{"dep":"23","muni":"417","name":"LORICA","dep_name":"CÓRDOBA"},"geometry":{"type":"Polygon","coordinates":[[[-75.8645904676787,9.337712756953605],[-75.77767572013036,9.284415569786482],[-75.77645156875644,9.215005279522321],[-75.70912324319083,9.216244748991324],[-75.68831266983419,9.162947561824199],[-75.73972702753883,9.113368783064084],[-75.84377989432205,9.04271902333092],[-75.93314294461823,9.065029473772972],[-75.97231578858367,9.02536645076488],[-76.11064489383666,9.063790004303968],[-76.15471434329778,9.083621515808014],[-76.07147204987122,9.198892176425282],[-76.0102644811752,9.217484218460326],[-75.95150521522703,9.289373447662493],[-75.8645904676787,9.337712756953605]]]}},{"type":"Feature","properties":{"dep":"23","muni":"419","name":"LOS CÓRDOBAS","dep_name":"CÓRDOBA"},"geometry":{"type":"Polygon","coordinates":[[[-76.1791973707762,8.898940564926585],[-76.1375762240629,8.896461625988579],[-76.14492113230642,8.79854353793735],[-76.26856042107237,8.825811866255414],[-76.36404422823814,8.709301736169143],[-76.41301028319495,8.874151175546528],[-76.3248713842727,8.936124648996671],[-76.26611211832453,8.877869583953535],[-76.1791973707762,8.898940564926585]]]}},{"type":"Feature","properties":{"dep":"23","muni":"464","name":"MOMIL","dep_name":"CÓRDOBA"},"geometry":{"type":"Polygon","coordinates":[[[-75.58425980305097,9.273260344565456],[-75.60017377091194,9.238555199433375],[-75.68831266983419,9.162947561824199],[-75.70912324319083,9.216244748991324],[-75.6944334267038,9.310444428635543],[-75.6283292525121,9.35258639058164],[-75.58425980305097,9.273260344565456]]]}},{"type":"Feature","properties":{"dep":"23","muni":"500","name":"MOÑITOS","dep_name":"CÓRDOBA"},"geometry":{"type":"Polygon","coordinates":[[[-76.07147204987122,9.198892176425282],[-76.15471434329778,9.083621515808014],[-76.19388718726323,9.110889844126078],[-76.17062831115875,9.229878913150355],[-76.09962753147138,9.314162837042552],[-76.06045468750592,9.268302466689445],[-76.07147204987122,9.198892176425282]]]}},{"type":"Feature","properties":{"dep":"23","muni":"555","name":"PLANETA RICA","dep_name":"CÓRDOBA"},"geometry":{"type":"Polygon","coordinates":[[[-75.35411934475397,8.375884449007367],[-75.39696464284118,8.327545139716255],[-75.58793225717274,8.254416441045084],[-75.57324244068569,8.099482757419723],[-75.60751867915546,8.052382917597614],[-75.75196854127805,8.073453898570664],[-75.80093459623485,8.167653578214882],[-75.75441684402588,8.239542807417049],[-75.76665835776508,8.297797872460185],[-75.66872624785147,8.32134779237124],[-75.64546737174699,8.396955429980416],[-75.67851945884283,8.513465560066688],[-75.64179491762522,8.5618048693578],[-75.58303565167705,8.486197231748625],[-75.46918957390247,8.421744819360473],[-75.39696464284118,8.413068533077453],[-75.35411934475397,8.375884449007367]]]}},{"type":"Feature","properties":{"dep":"23","muni":"570","name":"PUEBLO NUEVO","dep_name":"CÓRDOBA"},"geometry":{"type":"Polygon","coordinates":[[[-75.5010175096244,8.61758099546293],[-75.47775863351991,8.589073197675864],[-75.31861895491029,8.58783372820686],[-75.26720459720563,8.487436701217627],[-75.21334193675315,8.473802537058596],[-75.18518645515299,8.396955429980416],[-75.24639402384899,8.327545139716255],[-75.34310198238869,8.32134779237124],[-75.35411934475397,8.375884449007367],[-75.39696464284118,8.413068533077453],[-75.46918957390247,8.421744819360473],[-75.58303565167705,8.486197231748625],[-75.64179491762522,8.5618048693578],[-75.60384622503369,8.639891445904981],[-75.5561043214508,8.601467892365893],[-75.5010175096244,8.61758099546293]]]}},{"type":"Feature","properties":{"dep":"23","muni":"574","name":"PUERTO ESCONDIDO","dep_name":"CÓRDOBA"},"geometry":{"type":"Polygon","coordinates":[[[-76.15471434329778,9.083621515808014],[-76.11064489383666,9.063790004303968],[-76.07024789849729,9.003056000322827],[-76.08738601773217,8.941082526872682],[-76.1791973707762,8.898940564926585],[-76.26611211832453,8.877869583953535],[-76.3248713842727,8.936124648996671],[-76.26488796695061,8.998098122446816],[-76.25142230183748,9.057592656958954],[-76.19388718726323,9.110889844126078],[-76.15471434329778,9.083621515808014]]]}},{"type":"Feature","properties":{"dep":"23","muni":"586","name":"PURÍSIMA DE LA CONCEPCIÓN","dep_name":"CÓRDOBA"},"geometry":{"type":"Polygon","coordinates":[[[-75.64913982586874,9.362502146333664],[-75.6283292525121,9.35258639058164],[-75.6944334267038,9.310444428635543],[-75.70912324319083,9.216244748991324],[-75.77645156875644,9.215005279522321],[-75.77767572013036,9.284415569786482],[-75.71524400006044,9.319120714918563],[-75.70422663769516,9.372417902085687],[-75.64913982586874,9.362502146333664]]]}},{"type":"Feature","properties":{"dep":"23","muni":"660","name":"SAHAGÚN","dep_name":"CÓRDOBA"},"geometry":{"type":"Polygon","coordinates":[[[-75.2586355375882,8.895222156519576],[-75.36391255574533,8.829530274662423],[-75.33575707414516,8.71178067510715],[-75.35167104200613,8.658483487940025],[-75.31861895491029,8.58783372820686],[-75.47775863351991,8.589073197675864],[-75.5010175096244,8.61758099546293],[-75.52917299122456,8.71178067510715],[-75.55732847282472,8.970829794128752],[-75.45939636291111,9.005534939260833],[-75.2586355375882,8.895222156519576]]]}},{"type":"Feature","properties":{"dep":"23","muni":"670","name":"SAN ANDRÉS DE SOTAVENTO","dep_name":"CÓRDOBA"},"geometry":{"type":"Polygon","coordinates":[[[-75.45694806016327,9.237315729964372],[-75.44837900054583,9.140637111382148],[-75.51448317473752,9.032803267578897],[-75.56834583519002,9.02164804235787],[-75.59038055992058,9.037761145454908],[-75.56100092694649,9.162947561824199],[-75.47775863351991,9.247231485716396],[-75.45694806016327,9.237315729964372]]]}},{"type":"Feature","properties":{"dep":"23","muni":"672","name":"SAN ANTERO","dep_name":"CÓRDOBA"},"geometry":{"type":"Polygon","coordinates":[[[-75.70055418357339,9.412080925093779],[-75.70422663769516,9.372417902085687],[-75.71524400006044,9.319120714918563],[-75.77767572013036,9.284415569786482],[-75.8645904676787,9.337712756953605],[-75.86214216493086,9.424475619783808],[-75.78379647699997,9.393488883058737],[-75.70055418357339,9.412080925093779]]]}},{"type":"Feature","properties":{"dep":"23","muni":"675","name":"SAN BERNARDO DEL VIENTO","dep_name":"CÓRDOBA"},"geometry":{"type":"Polygon","coordinates":[[[-75.86214216493086,9.424475619783808],[-75.8645904676787,9.337712756953605],[-75.95150521522703,9.289373447662493],[-76.0102644811752,9.217484218460326],[-76.07147204987122,9.198892176425282],[-76.06045468750592,9.268302466689445],[-76.09962753147138,9.314162837042552],[-75.97843654545328,9.376136310492695],[-75.92579803637472,9.448025539694862],[-75.86214216493086,9.424475619783808]]]}},{"type":"Feature","properties":{"dep":"23","muni":"678","name":"SAN CARLOS","dep_name":"CÓRDOBA"},"geometry":{"type":"Polygon","coordinates":[[[-75.60384622503369,8.639891445904981],[-75.64179491762522,8.5618048693578],[-75.67851945884283,8.513465560066688],[-75.68219191296458,8.582875850330849],[-75.75196854127805,8.628736220683956],[-75.79358968799133,8.79854353793735],[-75.71769230280827,8.860517011387495],[-75.63934661487738,8.79854353793735],[-75.59650131679018,8.713020144576152],[-75.60384622503369,8.639891445904981]]]}},{"type":"Feature","properties":{"dep":"23","muni":"682","name":"SAN JOSÉ DE URÉ","dep_name":"CÓRDOBA"},"geometry":{"type":"Polygon","coordinates":[[[-75.51081072061577,7.945788543263365],[-75.44837900054583,7.892491356096242],[-75.45817221153719,7.834236291053106],[-75.48510354176344,7.736318203001879],[-75.60139792228586,7.5900608056595384],[-75.67239870197322,7.597497622473556],[-75.6944334267038,7.637160645481648],[-75.65403643136442,7.75862865344393],[-75.60139792228586,7.759868122912932],[-75.58548395442489,7.8999281729102595],[-75.51081072061577,7.945788543263365]]]}},{"type":"Feature","properties":{"dep":"23","muni":"686","name":"SAN PELAYO","dep_name":"CÓRDOBA"},"geometry":{"type":"Polygon","coordinates":[[[-75.84377989432205,9.04271902333092],[-75.79971044486092,9.00057706138482],[-75.72748551379964,9.067508412710977],[-75.71034739456475,8.984463958287783],[-75.71769230280827,8.974548202535761],[-75.75808929814764,8.97826661094277],[-75.82786592646109,8.903898442802596],[-75.91845312813119,8.907616851209605],[-76.00047127018384,8.959674568907726],[-76.0518856278885,8.9485193436867],[-76.08738601773217,8.941082526872682],[-76.07024789849729,9.003056000322827],[-76.11064489383666,9.063790004303968],[-75.97231578858367,9.02536645076488],[-75.93314294461823,9.065029473772972],[-75.84377989432205,9.04271902333092]]]}},{"type":"Feature","properties":{"dep":"23","muni":"815","name":"TUCHÍN","dep_name":"CÓRDOBA"},"geometry":{"type":"Polygon","coordinates":[[[-75.47775863351991,9.247231485716396],[-75.56100092694649,9.162947561824199],[-75.60017377091194,9.238555199433375],[-75.58425980305097,9.273260344565456],[-75.49856920687655,9.285655039255484],[-75.47775863351991,9.247231485716396]]]}},{"type":"Feature","properties":{"dep":"23","muni":"855","name":"VALENCIA","dep_name":"CÓRDOBA"},"geometry":{"type":"Polygon","coordinates":[[[-76.06290299025378,8.332503017592266],[-76.04576487101889,8.217232356974998],[-76.10574828834098,8.145343127772831],[-76.1865422790197,8.150301005648842],[-76.24407739359395,8.079651245915677],[-76.41178613182103,8.006522547244508],[-76.42525179693415,8.073453898570664],[-76.40199292082967,8.10196169635773],[-76.34813026037718,8.155258883524853],[-76.35180271449894,8.203598192815965],[-76.28814684305509,8.328784609185258],[-76.18042152215011,8.399434368918422],[-76.12288640757586,8.394476491042411],[-76.06290299025378,8.332503017592266]]]}},{"type":"Feature","properties":{"dep":"23","muni":"466","name":"MONTELÍBANO","dep_name":"CÓRDOBA"},"geometry":{"type":"Polygon","coordinates":[[[-75.57324244068569,8.099482757419723],[-75.49367260138088,8.074693368039666],[-75.45939636291111,8.033790875562572],[-75.38961973459766,8.018917241934536],[-75.3369812255191,7.948267482201372],[-75.33086046864949,7.925957031759319],[-75.35411934475397,7.868941436185187],[-75.45817221153719,7.834236291053106],[-75.44837900054583,7.892491356096242],[-75.51081072061577,7.945788543263365],[-75.58548395442489,8.013959364058525],[-75.6405707662513,8.002804138837499],[-75.71769230280827,8.030072467155563],[-75.85357310531342,7.882575600344218],[-75.8217451695915,7.824320535301084],[-75.85357310531342,7.7140077525598265],[-75.92090143087903,7.564031946810477],[-75.99557466468816,7.456198103007226],[-75.96619503171408,7.357040545486996],[-76.05555808201025,7.364477362301013],[-76.03107505453184,7.480987492387284],[-75.95640182072272,7.5565951299964595],[-75.9490569124792,7.617329133977602],[-75.96864333446192,7.839194168929119],[-76.0102644811752,7.917280745476299],[-75.93436709599214,8.030072467155563],[-75.83398668333069,8.108159043702743],[-75.80093459623485,8.167653578214882],[-75.75196854127805,8.073453898570664],[-75.60751867915546,8.052382917597614],[-75.57324244068569,8.099482757419723]]]}},{"type":"Feature","properties":{"dep":"23","muni":"580","name":"PUERTO LIBERTADOR","dep_name":"CÓRDOBA"},"geometry":{"type":"Polygon","coordinates":[[[-75.51081072061577,7.945788543263365],[-75.58548395442489,7.8999281729102595],[-75.60139792228586,7.759868122912932],[-75.65403643136442,7.75862865344393],[-75.6944334267038,7.637160645481648],[-75.67239870197322,7.597497622473556],[-75.74217533028667,7.612371256101589],[-75.84500404569597,7.347124789734972],[-75.96619503171408,7.357040545486996],[-75.99557466468816,7.456198103007226],[-75.92090143087903,7.564031946810477],[-75.85357310531342,7.7140077525598265],[-75.8217451695915,7.824320535301084],[-75.85357310531342,7.882575600344218],[-75.71769230280827,8.030072467155563],[-75.6405707662513,8.002804138837499],[-75.58548395442489,8.013959364058525],[-75.51081072061577,7.945788543263365]]]}},{"type":"Feature","properties":{"dep":"23","muni":"807","name":"TIERRALTA","dep_name":"CÓRDOBA"},"geometry":{"type":"Polygon","coordinates":[[[-75.76665835776508,8.297797872460185],[-75.75441684402588,8.239542807417049],[-75.80093459623485,8.167653578214882],[-75.83398668333069,8.108159043702743],[-75.93436709599214,8.030072467155563],[-76.0102644811752,7.917280745476299],[-75.96864333446192,7.839194168929119],[-75.9490569124792,7.617329133977602],[-75.95640182072272,7.5565951299964595],[-76.03107505453184,7.480987492387284],[-76.05555808201025,7.364477362301013],[-76.38118234747303,7.391745690619077],[-76.50237333349112,7.555355660527457],[-76.49135597112584,7.72020509990484],[-76.4644246408996,7.870180905654189],[-76.4215793428124,7.912322867600288],[-76.41178613182103,8.006522547244508],[-76.24407739359395,8.079651245915677],[-76.1865422790197,8.150301005648842],[-76.10574828834098,8.145343127772831],[-76.04576487101889,8.217232356974998],[-76.06290299025378,8.332503017592266],[-75.9013150088963,8.326305670247251],[-75.85357310531342,8.271769013611125],[-75.76665835776508,8.297797872460185]]]}},{"type":"Feature","properties":{"dep":"08","muni":"001","name":"BARRANQUILLA","dep_name":"ATLÁNTICO"},"geometry":{"type":"Polygon","coordinates":[[[-74.75673347428092,10.945304658250349],[-74.82651010259437,10.914317921525276],[-74.91832145563838,10.945304658250349],[-74.87425200617726,10.987446620196447],[-74.87425200617726,11.048180624177588],[-74.8522172814467,11.10519621975172],[-74.84364822182926,11.066772666212632],[-74.76407838252443,10.994883437010463],[-74.75673347428092,10.945304658250349]]]}},{"type":"Feature","properties":{"dep":"08","muni":"078","name":"BARANOA","dep_name":"ATLÁNTICO"},"geometry":{"type":"Polygon","coordinates":[[[-74.94525278586462,10.858541795420146],[-74.87180370342942,10.853583917544135],[-74.87914861167293,10.812681425067039],[-74.87547615755118,10.725918562236838],[-74.93301127212543,10.711044928608803],[-74.93423542349935,10.770539463120942],[-74.98442562983007,10.790370974624988],[-74.99421884082143,10.815160364005045],[-74.94525278586462,10.858541795420146]]]}},{"type":"Feature","properties":{"dep":"08","muni":"137","name":"CAMPO DE LA CRUZ","dep_name":"ATLÁNTICO"},"geometry":{"type":"Polygon","coordinates":[[[-74.80692368061165,10.482982546312272],[-74.81182028610732,10.450756340118197],[-74.86323464381198,10.366472416226001],[-74.86813124930765,10.34044355737694],[-74.91709730426446,10.337964618438935],[-74.96239090509951,10.382585519323039],[-74.91709730426446,10.412332786579109],[-74.8522172814467,10.428445889676146],[-74.82038934572476,10.494137771533298],[-74.80692368061165,10.482982546312272]]]}},{"type":"Feature","properties":{"dep":"08","muni":"141","name":"CANDELARIA","dep_name":"ATLÁNTICO"},"geometry":{"type":"Polygon","coordinates":[[[-74.85588973556845,10.564787531266463],[-74.82038934572476,10.494137771533298],[-74.8522172814467,10.428445889676146],[-74.91709730426446,10.412332786579109],[-74.92321806113407,10.53380079454139],[-74.85588973556845,10.564787531266463]]]}},{"type":"Feature","properties":{"dep":"08","muni":"296","name":"GALAPA","dep_name":"ATLÁNTICO"},"geometry":{"type":"Polygon","coordinates":[[[-74.82651010259437,10.914317921525276],[-74.83875161633357,10.88581012373821],[-74.87180370342942,10.853583917544135],[-74.94525278586462,10.858541795420146],[-74.91832145563838,10.945304658250349],[-74.82651010259437,10.914317921525276]]]}},{"type":"Feature","properties":{"dep":"08","muni":"372","name":"JUAN DE ACOSTA","dep_name":"ATLÁNTICO"},"geometry":{"type":"Polygon","coordinates":[[[-75.07378868012624,10.88581012373821],[-74.99421884082143,10.815160364005045],[-74.98442562983007,10.790370974624988],[-75.03828829028257,10.770539463120942],[-75.14601361118754,10.811441955598037],[-75.21701439087491,10.805244608253023],[-75.07378868012624,10.88581012373821]]]}},{"type":"Feature","properties":{"dep":"08","muni":"421","name":"LURUACO","dep_name":"ATLÁNTICO"},"geometry":{"type":"Polygon","coordinates":[[[-75.06277131776096,10.685016069759742],[-75.06032301501313,10.594534798522531],[-75.22558345049235,10.559829653390452],[-75.24761817522291,10.696171294980768],[-75.06277131776096,10.685016069759742]]]}},{"type":"Feature","properties":{"dep":"08","muni":"433","name":"MALAMBO","dep_name":"ATLÁNTICO"},"geometry":{"type":"Polygon","coordinates":[[[-74.73837120367212,10.875894367986186],[-74.74081950641995,10.834991875509091],[-74.80814783198556,10.812681425067039],[-74.87914861167293,10.812681425067039],[-74.87180370342942,10.853583917544135],[-74.83875161633357,10.88581012373821],[-74.73837120367212,10.875894367986186]]]}},{"type":"Feature","properties":{"dep":"08","muni":"436","name":"MANATÍ","dep_name":"ATLÁNTICO"},"geometry":{"type":"Polygon","coordinates":[[[-74.92321806113407,10.53380079454139],[-74.91709730426446,10.412332786579109],[-74.96239090509951,10.382585519323039],[-75.03339168478688,10.368951355164008],[-75.07378868012624,10.409853847641102],[-75.02727092791729,10.52016663038236],[-74.92321806113407,10.53380079454139]]]}},{"type":"Feature","properties":{"dep":"08","muni":"520","name":"PALMAR DE VARELA","dep_name":"ATLÁNTICO"},"geometry":{"type":"Polygon","coordinates":[[[-74.72735384130684,10.749468482147893],[-74.72612968993292,10.72715803170584],[-74.74694026328956,10.651550394096665],[-74.83752746495965,10.686255539228746],[-74.72735384130684,10.749468482147893]]]}},{"type":"Feature","properties":{"dep":"08","muni":"549","name":"PIOJÓ","dep_name":"ATLÁNTICO"},"geometry":{"type":"Polygon","coordinates":[[[-75.03828829028257,10.770539463120942],[-75.04563319852609,10.70112917285678],[-75.06277131776096,10.685016069759742],[-75.24761817522291,10.696171294980768],[-75.22435929911843,10.795328852501],[-75.21701439087491,10.805244608253023],[-75.14601361118754,10.811441955598037],[-75.03828829028257,10.770539463120942]]]}},{"type":"Feature","properties":{"dep":"08","muni":"558","name":"POLONUEVO","dep_name":"ATLÁNTICO"},"geometry":{"type":"Polygon","coordinates":[[[-74.80814783198556,10.812681425067039],[-74.81182028610732,10.77797627993496],[-74.84976897869885,10.708565989670797],[-74.87547615755118,10.725918562236838],[-74.87914861167293,10.812681425067039],[-74.80814783198556,10.812681425067039]]]}},{"type":"Feature","properties":{"dep":"08","muni":"560","name":"PONEDERA","dep_name":"ATLÁNTICO"},"geometry":{"type":"Polygon","coordinates":[[[-74.84976897869885,10.708565989670797],[-74.83752746495965,10.686255539228746],[-74.74694026328956,10.651550394096665],[-74.72612968993292,10.600732145867546],[-74.74449196054171,10.538758672417401],[-74.80692368061165,10.482982546312272],[-74.82038934572476,10.494137771533298],[-74.85588973556845,10.564787531266463],[-74.8411999190814,10.600732145867546],[-74.87547615755118,10.725918562236838],[-74.84976897869885,10.708565989670797]]]}},{"type":"Feature","properties":{"dep":"08","muni":"573","name":"PUERTO COLOMBIA","dep_name":"ATLÁNTICO"},"geometry":{"type":"Polygon","coordinates":[[[-74.91832145563838,10.945304658250349],[-74.98442562983007,10.983728211789439],[-74.92076975838623,11.045701685239582],[-74.87425200617726,11.048180624177588],[-74.87425200617726,10.987446620196447],[-74.91832145563838,10.945304658250349]]]}},{"type":"Feature","properties":{"dep":"08","muni":"606","name":"REPELÓN","dep_name":"ATLÁNTICO"},"geometry":{"type":"Polygon","coordinates":[[[-75.02727092791729,10.52016663038236],[-75.07378868012624,10.409853847641102],[-75.08970264798721,10.411093317110105],[-75.12887549195266,10.397459152951074],[-75.17661739553554,10.455714217994208],[-75.24149741835332,10.504053527285322],[-75.22558345049235,10.559829653390452],[-75.06032301501313,10.594534798522531],[-75.02727092791729,10.52016663038236]]]}},{"type":"Feature","properties":{"dep":"08","muni":"634","name":"SABANAGRANDE","dep_name":"ATLÁNTICO"},"geometry":{"type":"Polygon","coordinates":[[[-74.72490553855899,10.771778932589944],[-74.81182028610732,10.77797627993496],[-74.80814783198556,10.812681425067039],[-74.74081950641995,10.834991875509091],[-74.72490553855899,10.771778932589944]]]}},{"type":"Feature","properties":{"dep":"08","muni":"638","name":"SABANALARGA","dep_name":"ATLÁNTICO"},"geometry":{"type":"Polygon","coordinates":[[[-74.92321806113407,10.53380079454139],[-75.02727092791729,10.52016663038236],[-75.06032301501313,10.594534798522531],[-75.06277131776096,10.685016069759742],[-75.04563319852609,10.70112917285678],[-74.93301127212543,10.711044928608803],[-74.87547615755118,10.725918562236838],[-74.8411999190814,10.600732145867546],[-74.85588973556845,10.564787531266463],[-74.92321806113407,10.53380079454139]]]}},{"type":"Feature","properties":{"dep":"08","muni":"675","name":"SANTA LUCÍA","dep_name":"ATLÁNTICO"},"geometry":{"type":"Polygon","coordinates":[[[-74.96239090509951,10.382585519323039],[-74.91709730426446,10.337964618438935],[-74.9379078776211,10.289625309147823],[-75.02359847379552,10.363993477287995],[-75.03339168478688,10.368951355164008],[-74.96239090509951,10.382585519323039]]]}},{"type":"Feature","properties":{"dep":"08","muni":"685","name":"SANTO TOMÁS","dep_name":"ATLÁNTICO"},"geometry":{"type":"Polygon","coordinates":[[[-74.72490553855899,10.771778932589944],[-74.72735384130684,10.749468482147893],[-74.83752746495965,10.686255539228746],[-74.84976897869885,10.708565989670797],[-74.81182028610732,10.77797627993496],[-74.72490553855899,10.771778932589944]]]}},{"type":"Feature","properties":{"dep":"08","muni":"758","name":"SOLEDAD","dep_name":"ATLÁNTICO"},"geometry":{"type":"Polygon","coordinates":[[[-74.75673347428092,10.945304658250349],[-74.73837120367212,10.875894367986186],[-74.83875161633357,10.88581012373821],[-74.82651010259437,10.914317921525276],[-74.75673347428092,10.945304658250349]]]}},{"type":"Feature","properties":{"dep":"08","muni":"770","name":"SUAN","dep_name":"ATLÁNTICO"},"geometry":{"type":"Polygon","coordinates":[[[-74.86813124930765,10.34044355737694],[-74.91097654739487,10.253680694546738],[-74.9379078776211,10.289625309147823],[-74.91709730426446,10.337964618438935],[-74.86813124930765,10.34044355737694]]]}},{"type":"Feature","properties":{"dep":"08","muni":"832","name":"TUBARÁ","dep_name":"ATLÁNTICO"},"geometry":{"type":"Polygon","coordinates":[[[-74.91832145563838,10.945304658250349],[-74.94525278586462,10.858541795420146],[-74.99421884082143,10.815160364005045],[-75.07378868012624,10.88581012373821],[-74.98442562983007,10.983728211789439],[-74.91832145563838,10.945304658250349]]]}},{"type":"Feature","properties":{"dep":"08","muni":"849","name":"USIACURÍ","dep_name":"ATLÁNTICO"},"geometry":{"type":"Polygon","coordinates":[[[-74.93301127212543,10.711044928608803],[-75.04563319852609,10.70112917285678],[-75.03828829028257,10.770539463120942],[-74.98442562983007,10.790370974624988],[-74.93423542349935,10.770539463120942],[-74.93301127212543,10.711044928608803]]]}},{"type":"Feature","properties":{"dep":"13","muni":"001","name":"CARTAGENA DE INDIAS","dep_name":"BOLÍVAR"},"geometry":{"type":"Polygon","coordinates":[[[-75.34187783101477,10.614366310026577],[-75.37125746398885,10.54247708082441],[-75.40430955108471,10.509011405161333],[-75.42267182169351,10.402417030827085],[-75.476534482146,10.363993477287995],[-75.44225824367624,10.310696290120871],[-75.49000014725911,10.21525714100765],[-75.53406959672024,10.175594117999557],[-75.56222507832041,10.269793797643777],[-75.50346581237224,10.300780534368847],[-75.5132590233636,10.382585519323039],[-75.55488017007688,10.423488011800133],[-75.50224166099832,10.468108912684238],[-75.51203487198968,10.57222434808048],[-75.39574049146727,10.681297661352733],[-75.29413592743188,10.703608111794786],[-75.34187783101477,10.614366310026577]]]}},{"type":"Feature","properties":{"dep":"13","muni":"006","name":"ACHÍ","dep_name":"BOLÍVAR"},"geometry":{"type":"Polygon","coordinates":[[[-74.46905790140967,8.824572396786412],[-74.37234994286997,8.739049003425212],[-74.37479824561781,8.66468083528504],[-74.34664276401764,8.580396911392842],[-74.35766012638292,8.494873518031644],[-74.44335072255734,8.42918163617449],[-74.51802395636648,8.367208162724348],[-74.53883452972312,8.427942166705488],[-74.56943831407112,8.50974715165968],[-74.56331755720153,8.571720625109823],[-74.60861115803657,8.730372717142192],[-74.56454170857545,8.83696709147644],[-74.46905790140967,8.824572396786412]]]}},{"type":"Feature","properties":{"dep":"13","muni":"030","name":"ALTOS DEL ROSARIO","dep_name":"BOLÍVAR"},"geometry":{"type":"Polygon","coordinates":[[[-74.17770987441666,8.65600454900202],[-74.21198611288642,8.649807201657005],[-74.2829868925738,8.708062266700141],[-74.3013491631826,8.817135579972394],[-74.24014159448659,8.79854353793735],[-74.11405400297281,8.839446030414447],[-74.07977776450305,8.778712026433304],[-74.17770987441666,8.65600454900202]]]}},{"type":"Feature","properties":{"dep":"13","muni":"042","name":"ARENAL","dep_name":"BOLÍVAR"},"geometry":{"type":"Polygon","coordinates":[[[-73.88024109055405,8.47132359812059],[-73.8765686364323,8.396955429980416],[-73.95736262711102,8.387039674228394],[-74.15322684693825,8.308953097681211],[-74.28543519532164,8.15401941405585],[-74.33195294753061,8.188724559187932],[-74.32215973653925,8.234584929541038],[-74.23034838349523,8.328784609185258],[-74.1311921222077,8.396955429980416],[-73.95124187024142,8.486197231748625],[-73.88024109055405,8.47132359812059]]]}},{"type":"Feature","properties":{"dep":"13","muni":"052","name":"ARJONA","dep_name":"BOLÍVAR"},"geometry":{"type":"Polygon","coordinates":[[[-75.29658423017972,10.334246210031926],[-75.23537666148371,10.277230614457793],[-75.28067026231876,10.160720484371522],[-75.2831185650666,10.086352316231348],[-75.36024010162357,10.090070724638357],[-75.43858578955447,10.016942025967188],[-75.48755184451127,10.036773537471234],[-75.54508695908552,10.046689293223256],[-75.49734505550263,10.145846850743487],[-75.43613748680663,10.171875709592548],[-75.38349897772805,10.272272736581781],[-75.29658423017972,10.334246210031926]]]}},{"type":"Feature","properties":{"dep":"13","muni":"062","name":"ARROYOHONDO","dep_name":"BOLÍVAR"},"geometry":{"type":"Polygon","coordinates":[[[-75.07256452875232,10.160720484371522],[-75.06644377188273,10.27599114498879],[-75.00156374906496,10.3230909848109],[-74.96116675372559,10.289625309147823],[-74.95994260235167,10.21153873260064],[-75.03216753341296,10.204101915786623],[-75.07256452875232,10.160720484371522]]]}},{"type":"Feature","properties":{"dep":"13","muni":"074","name":"BARRANCO DE LOBA","dep_name":"BOLÍVAR"},"geometry":{"type":"Polygon","coordinates":[[[-74.0712087048856,8.9485193436867],[-74.05162228290288,8.735330595018205],[-74.13853703045122,8.654765079533016],[-74.17770987441666,8.65600454900202],[-74.07977776450305,8.778712026433304],[-74.11405400297281,8.839446030414447],[-74.24014159448659,8.79854353793735],[-74.3013491631826,8.817135579972394],[-74.22545177799955,8.947279874217697],[-74.0712087048856,8.9485193436867]]]}},{"type":"Feature","properties":{"dep":"13","muni":"140","name":"CALAMAR","dep_name":"BOLÍVAR"},"geometry":{"type":"Polygon","coordinates":[[[-74.9379078776211,10.289625309147823],[-74.91097654739487,10.253680694546738],[-74.91587315289054,10.238807060918704],[-74.94525278586462,10.128494278177447],[-75.02971923066512,10.111141705611407],[-75.08603019386545,10.118578522425423],[-75.07256452875232,10.160720484371522],[-75.03216753341296,10.204101915786623],[-74.95994260235167,10.21153873260064],[-74.96116675372559,10.289625309147823],[-75.00156374906496,10.3230909848109],[-75.06644377188273,10.27599114498879],[-75.0835818911176,10.280949022864801],[-75.07011622600449,10.344161965783949],[-75.02359847379552,10.363993477287995],[-74.9379078776211,10.289625309147823]]]}},{"type":"Feature","properties":{"dep":"13","muni":"160","name":"CANTAGALLO","dep_name":"BOLÍVAR"},"geometry":{"type":"Polygon","coordinates":[[[-73.91574148039774,7.295067072036851],[-74.24381404860836,7.0037917468211734],[-74.28421104394772,7.0087496246971845],[-74.234020837617,7.0992308959343955],[-74.23279668624306,7.161204369384539],[-74.29033180081731,7.230614659648701],[-74.17526157166883,7.291348663629842],[-74.08957097549441,7.384308873805059],[-74.03203586092016,7.371914179115031],[-73.95124187024142,7.430169244158165],[-73.8949309070411,7.430169244158165],[-73.91574148039774,7.295067072036851]]]}},{"type":"Feature","properties":{"dep":"13","muni":"188","name":"CICUCO","dep_name":"BOLÍVAR"},"geometry":{"type":"Polygon","coordinates":[[[-74.65023230474986,9.191455359611266],[-74.72490553855899,9.179060664921236],[-74.73347459817643,9.263344588813434],[-74.67838778635003,9.30548655075953],[-74.62819758001929,9.28317610031748],[-74.65023230474986,9.191455359611266]]]}},{"type":"Feature","properties":{"dep":"13","muni":"212","name":"CÓRDOBA","dep_name":"BOLÍVAR"},"geometry":{"type":"Polygon","coordinates":[[[-74.96116675372559,9.681045799867405],[-74.79100971275068,9.65253800208034],[-74.77264744214187,9.604198692789227],[-74.80569952923773,9.553380444560108],[-74.77754404763756,9.507520074207001],[-74.80080292374204,9.441828192349849],[-74.92199390976015,9.388531005182724],[-74.95994260235167,9.434391375535832],[-75.03583998753473,9.474054398543924],[-75.01258111143024,9.528591055180051],[-74.96116675372559,9.681045799867405]]]}},{"type":"Feature","properties":{"dep":"13","muni":"222","name":"CLEMENCIA","dep_name":"BOLÍVAR"},"geometry":{"type":"Polygon","coordinates":[[[-75.24761817522291,10.505292996754324],[-75.30882574391893,10.521406099851362],[-75.37125746398885,10.54247708082441],[-75.34187783101477,10.614366310026577],[-75.24761817522291,10.505292996754324]]]}},{"type":"Feature","properties":{"dep":"13","muni":"244","name":"EL CARMEN DE BOLÍVAR","dep_name":"BOLÍVAR"},"geometry":{"type":"Polygon","coordinates":[[[-74.95137354273423,9.766569193228605],[-74.96116675372559,9.681045799867405],[-75.01258111143024,9.528591055180051],[-75.07746113424801,9.53230946358706],[-75.13254794607442,9.595522406506205],[-75.27944611094485,9.686003677743416],[-75.32718801452774,9.616593387479256],[-75.37370576673669,9.628988082169284],[-75.37125746398885,9.710793067123475],[-75.33820537689301,9.828542666678748],[-75.31984310628421,9.87688197596986],[-75.23782496423155,9.862008342341827],[-75.2341525101098,9.782682296325643],[-75.11051322134385,9.759132376414588],[-75.0223743224216,9.786400704732651],[-74.95137354273423,9.766569193228605]]]}},{"type":"Feature","properties":{"dep":"13","muni":"248","name":"EL GUAMO","dep_name":"BOLÍVAR"},"geometry":{"type":"Polygon","coordinates":[[[-74.82528595122045,10.059083987913285],[-74.78978556137676,10.013223617560179],[-74.86201049243806,9.943813327296017],[-74.90240748777742,9.977279002959095],[-74.97708072158655,9.96240536933106],[-75.0590988636392,10.023139373312201],[-75.02971923066512,10.111141705611407],[-74.94525278586462,10.128494278177447],[-74.82528595122045,10.059083987913285]]]}},{"type":"Feature","properties":{"dep":"13","muni":"268","name":"EL PEÑÓN","dep_name":"BOLÍVAR"},"geometry":{"type":"Polygon","coordinates":[[[-73.86799957681485,8.936124648996671],[-73.81780937048413,8.835727622007438],[-73.87289618231053,8.792346190592337],[-73.87534448505838,8.722935900328174],[-73.92308638864125,8.727893778204187],[-73.96593168672847,8.812177702096383],[-73.95124187024142,8.849361786166469],[-73.98796641145903,8.936124648996671],[-73.97817320046767,8.984463958287783],[-73.86799957681485,8.936124648996671]]]}},{"type":"Feature","properties":{"dep":"13","muni":"433","name":"MAHATES","dep_name":"BOLÍVAR"},"geometry":{"type":"Polygon","coordinates":[[[-75.17294494141379,10.285906900740814],[-75.0835818911176,10.280949022864801],[-75.06644377188273,10.27599114498879],[-75.07256452875232,10.160720484371522],[-75.08603019386545,10.118578522425423],[-75.13377209744834,10.108662766673401],[-75.20477287713571,10.039252476409239],[-75.2831185650666,10.086352316231348],[-75.28067026231876,10.160720484371522],[-75.23537666148371,10.277230614457793],[-75.17294494141379,10.285906900740814]]]}},{"type":"Feature","properties":{"dep":"13","muni":"440","name":"MARGARITA","dep_name":"BOLÍVAR"},"geometry":{"type":"Polygon","coordinates":[[[-74.17526157166883,9.088579393684027],[-74.10058833785969,9.019169103419864],[-74.19362384227762,8.98694289722579],[-74.22667592937347,8.9485193436867],[-74.27809028707811,8.972069263597755],[-74.26340047059108,8.9919007751018],[-74.264624621965,9.041479553861917],[-74.32338388791317,9.120805599878102],[-74.29767670906084,9.176581725983231],[-74.24871065410403,9.164187031293203],[-74.17526157166883,9.088579393684027]]]}},{"type":"Feature","properties":{"dep":"13","muni":"442","name":"MARÍA LA BAJA","dep_name":"BOLÍVAR"},"geometry":{"type":"Polygon","coordinates":[[[-75.2831185650666,10.086352316231348],[-75.20477287713571,10.039252476409239],[-75.24516987247507,9.935137041012997],[-75.23537666148371,9.899192426411913],[-75.31984310628421,9.87688197596986],[-75.33820537689301,9.828542666678748],[-75.39329218871941,9.88060038437687],[-75.46674127115463,9.909108182163937],[-75.48755184451127,10.036773537471234],[-75.43858578955447,10.016942025967188],[-75.36024010162357,10.090070724638357],[-75.2831185650666,10.086352316231348]]]}},{"type":"Feature","properties":{"dep":"13","muni":"458","name":"MONTECRISTO","dep_name":"BOLÍVAR"},"geometry":{"type":"Polygon","coordinates":[[[-74.34174615852197,8.276726891487137],[-74.33195294753061,8.188724559187932],[-74.28543519532164,8.15401941405585],[-74.26095216784323,8.104440635295735],[-74.2829868925738,8.044946100783596],[-74.25972801646931,7.943309604325361],[-74.34541861264373,7.897449233972253],[-74.3796948511135,7.795812737514018],[-74.45191978217478,7.787136451230996],[-74.44702317667911,7.684260485303756],[-74.46660959866183,7.5801450499075145],[-74.56331755720153,7.4326481830961715],[-74.56086925445368,7.645836931764668],[-74.50823074537512,7.723923508311849],[-74.5192481077404,7.901167642379262],[-74.56086925445368,7.968098993705418],[-74.61473191490617,8.031311936624565],[-74.6832843918457,8.188724559187932],[-74.66002551574122,8.22714811272702],[-74.52536886461,8.275487422018134],[-74.51802395636648,8.367208162724348],[-74.44335072255734,8.42918163617449],[-74.42988505744422,8.341179303875286],[-74.34174615852197,8.276726891487137]]]}},{"type":"Feature","properties":{"dep":"13","muni":"468","name":"MOMPÓS","dep_name":"BOLÍVAR"},"geometry":{"type":"Polygon","coordinates":[[[-74.41764354370503,9.23607626049537],[-74.3919363648527,9.215005279522321],[-74.35398767226117,9.186497481735254],[-74.48007526377495,9.078663637932003],[-74.60616285528873,9.020408572888867],[-74.68206024047178,9.067508412710977],[-74.72980214405467,9.127002947223115],[-74.72490553855899,9.179060664921236],[-74.65023230474986,9.191455359611266],[-74.53026547010568,9.242273607840383],[-74.43967826843559,9.27449981403446],[-74.41764354370503,9.23607626049537]]]}},{"type":"Feature","properties":{"dep":"13","muni":"473","name":"MORALES","dep_name":"BOLÍVAR"},"geometry":{"type":"Polygon","coordinates":[[[-73.7492568935446,8.405631716263436],[-73.75048104491852,8.27424795254913],[-73.77129161827516,8.15401941405585],[-73.77496407239691,8.145343127772831],[-73.86799957681485,8.06353814281864],[-73.92308638864125,8.145343127772831],[-74.02346680130272,8.1750903950289],[-74.09201927824225,8.16269570033887],[-74.17281326892098,8.108159043702743],[-74.26095216784323,8.104440635295735],[-74.28543519532164,8.15401941405585],[-74.15322684693825,8.308953097681211],[-73.95736262711102,8.387039674228394],[-73.8765686364323,8.396955429980416],[-73.88024109055405,8.47132359812059],[-73.80556785674491,8.411829063608451],[-73.7492568935446,8.405631716263436]]]}},{"type":"Feature","properties":{"dep":"13","muni":"490","name":"NOROSÍ","dep_name":"BOLÍVAR"},"geometry":{"type":"Polygon","coordinates":[[[-74.25727971372147,8.383321265821385],[-74.25605556234756,8.444055269802526],[-74.15812345243394,8.520902376880704],[-74.15200269556433,8.603946831303897],[-74.12629551671202,8.618820464931932],[-73.99775962245039,8.595270545020878],[-73.97939735184158,8.533297071570734],[-74.06263964526816,8.447773678209535],[-74.08712267274656,8.466365720244578],[-74.18872723678194,8.383321265821385],[-74.25727971372147,8.383321265821385]]]}},{"type":"Feature","properties":{"dep":"13","muni":"549","name":"PINILLOS","dep_name":"BOLÍVAR"},"geometry":{"type":"Polygon","coordinates":[[[-74.43233336019206,9.009253347667842],[-74.36378088325253,8.973308733066759],[-74.27809028707811,8.972069263597755],[-74.22667592937347,8.9485193436867],[-74.22545177799955,8.947279874217697],[-74.3013491631826,8.817135579972394],[-74.2829868925738,8.708062266700141],[-74.21198611288642,8.649807201657005],[-74.37479824561781,8.66468083528504],[-74.37234994286997,8.739049003425212],[-74.46905790140967,8.824572396786412],[-74.46416129591398,8.876630114484533],[-74.53516207560136,8.99561918350881],[-74.60616285528873,9.020408572888867],[-74.48007526377495,9.078663637932003],[-74.43233336019206,9.009253347667842]]]}},{"type":"Feature","properties":{"dep":"13","muni":"580","name":"REGIDOR","dep_name":"BOLÍVAR"},"geometry":{"type":"Polygon","coordinates":[[[-73.81780937048413,8.835727622007438],[-73.78965388888396,8.751443698115242],[-73.82025767323196,8.662201896347034],[-73.9561384757371,8.66468083528504],[-73.87534448505838,8.722935900328174],[-73.87289618231053,8.792346190592337],[-73.81780937048413,8.835727622007438]]]}},{"type":"Feature","properties":{"dep":"13","muni":"600","name":"RÍO VIEJO","dep_name":"BOLÍVAR"},"geometry":{"type":"Polygon","coordinates":[[[-73.9561384757371,8.66468083528504],[-73.82025767323196,8.662201896347034],[-73.74680859079675,8.449013147678537],[-73.7492568935446,8.405631716263436],[-73.80556785674491,8.411829063608451],[-73.88024109055405,8.47132359812059],[-73.95124187024142,8.486197231748625],[-74.1311921222077,8.396955429980416],[-74.23034838349523,8.328784609185258],[-74.32215973653925,8.234584929541038],[-74.33195294753061,8.188724559187932],[-74.34174615852197,8.276726891487137],[-74.25727971372147,8.383321265821385],[-74.18872723678194,8.383321265821385],[-74.08712267274656,8.466365720244578],[-74.06263964526816,8.447773678209535],[-73.97939735184158,8.533297071570734],[-73.99775962245039,8.595270545020878],[-74.12629551671202,8.618820464931932],[-74.15200269556433,8.603946831303897],[-74.13853703045122,8.654765079533016],[-73.9561384757371,8.66468083528504]]]}},{"type":"Feature","properties":{"dep":"13","muni":"620","name":"SAN CRISTÓBAL","dep_name":"BOLÍVAR"},"geometry":{"type":"Polygon","coordinates":[[[-75.07378868012624,10.409853847641102],[-75.03339168478688,10.368951355164008],[-75.02359847379552,10.363993477287995],[-75.07011622600449,10.344161965783949],[-75.08970264798721,10.411093317110105],[-75.07378868012624,10.409853847641102]]]}},{"type":"Feature","properties":{"dep":"13","muni":"647","name":"SAN ESTANISLAO","dep_name":"BOLÍVAR"},"geometry":{"type":"Polygon","coordinates":[[[-75.12887549195266,10.397459152951074],[-75.17294494141379,10.285906900740814],[-75.23537666148371,10.277230614457793],[-75.29658423017972,10.334246210031926],[-75.28067026231876,10.362754007818992],[-75.25006647797076,10.421009072862129],[-75.17661739553554,10.455714217994208],[-75.12887549195266,10.397459152951074]]]}},{"type":"Feature","properties":{"dep":"13","muni":"654","name":"SAN JACINTO","dep_name":"BOLÍVAR"},"geometry":{"type":"Polygon","coordinates":[[[-74.94035618036895,9.86324781181083],[-74.91954560701231,9.797555929953676],[-74.95137354273423,9.766569193228605],[-75.0223743224216,9.786400704732651],[-75.11051322134385,9.759132376414588],[-75.2341525101098,9.782682296325643],[-75.23782496423155,9.862008342341827],[-75.31984310628421,9.87688197596986],[-75.23537666148371,9.899192426411913],[-75.12765134057874,9.914066060039948],[-75.09949585897857,9.88060038437687],[-74.94035618036895,9.86324781181083]]]}},{"type":"Feature","properties":{"dep":"13","muni":"655","name":"SAN JACINTO DEL CAUCA","dep_name":"BOLÍVAR"},"geometry":{"type":"Polygon","coordinates":[[[-74.51802395636648,8.367208162724348],[-74.52536886461,8.275487422018134],[-74.66002551574122,8.22714811272702],[-74.6832843918457,8.188724559187932],[-74.61473191490617,8.031311936624565],[-74.63064588276714,8.05486185653562],[-74.78488895588109,8.131708963613798],[-74.83018255671612,8.199879784408957],[-74.78121650175932,8.277966360956139],[-74.64900815337595,8.313910975557222],[-74.53883452972312,8.427942166705488],[-74.51802395636648,8.367208162724348]]]}},{"type":"Feature","properties":{"dep":"13","muni":"657","name":"SAN JUAN NEPOMUCENO","dep_name":"BOLÍVAR"},"geometry":{"type":"Polygon","coordinates":[[[-75.02971923066512,10.111141705611407],[-75.0590988636392,10.023139373312201],[-74.97708072158655,9.96240536933106],[-74.90240748777742,9.977279002959095],[-74.86201049243806,9.943813327296017],[-74.8828210657947,9.87192409809385],[-74.94035618036895,9.86324781181083],[-75.09949585897857,9.88060038437687],[-75.12765134057874,9.914066060039948],[-75.23537666148371,9.899192426411913],[-75.24516987247507,9.935137041012997],[-75.20477287713571,10.039252476409239],[-75.13377209744834,10.108662766673401],[-75.08603019386545,10.118578522425423],[-75.02971923066512,10.111141705611407]]]}},{"type":"Feature","properties":{"dep":"13","muni":"667","name":"SAN MARTÍN DE LOBA","dep_name":"BOLÍVAR"},"geometry":{"type":"Polygon","coordinates":[[[-73.87534448505838,8.722935900328174],[-73.9561384757371,8.66468083528504],[-74.13853703045122,8.654765079533016],[-74.05162228290288,8.735330595018205],[-74.0712087048856,8.9485193436867],[-73.97817320046767,8.984463958287783],[-73.98796641145903,8.936124648996671],[-73.95124187024142,8.849361786166469],[-73.96593168672847,8.812177702096383],[-73.92308638864125,8.727893778204187],[-73.87534448505838,8.722935900328174]]]}},{"type":"Feature","properties":{"dep":"13","muni":"670","name":"SAN PABLO","dep_name":"BOLÍVAR"},"geometry":{"type":"Polygon","coordinates":[[[-73.81536106773628,7.691697302117774],[-73.8459648520843,7.5417214963684245],[-73.91696563177166,7.472311206104264],[-73.8949309070411,7.430169244158165],[-73.95124187024142,7.430169244158165],[-74.03203586092016,7.371914179115031],[-74.08957097549441,7.384308873805059],[-74.17526157166883,7.291348663629842],[-74.29033180081731,7.230614659648701],[-74.23279668624306,7.161204369384539],[-74.234020837617,7.0992308959343955],[-74.28421104394772,7.0087496246971845],[-74.35521182363509,7.009989094166187],[-74.35153936951333,7.081878323368354],[-74.4102986354615,7.202106861861635],[-74.38826391073094,7.266559274249785],[-74.3980571217223,7.348364259203976],[-74.31971143379141,7.440084999910189],[-74.35766012638292,7.472311206104264],[-74.30991822280004,7.45371916406922],[-74.15200269556433,7.572708233093497],[-74.12874381945986,7.642118523357659],[-74.02836340679839,7.683021015834754],[-73.97327659497199,7.6755841990207365],[-73.87779278780621,7.723923508311849],[-73.81536106773628,7.691697302117774]]]}},{"type":"Feature","properties":{"dep":"13","muni":"673","name":"SANTA CATALINA","dep_name":"BOLÍVAR"},"geometry":{"type":"Polygon","coordinates":[[[-75.22435929911843,10.795328852501],[-75.24761817522291,10.696171294980768],[-75.22558345049235,10.559829653390452],[-75.24149741835332,10.504053527285322],[-75.24761817522291,10.505292996754324],[-75.34187783101477,10.614366310026577],[-75.29413592743188,10.703608111794786],[-75.26230799170996,10.80028673037701],[-75.22435929911843,10.795328852501]]]}},{"type":"Feature","properties":{"dep":"13","muni":"683","name":"SANTA ROSA","dep_name":"BOLÍVAR"},"geometry":{"type":"Polygon","coordinates":[[[-75.30882574391893,10.521406099851362],[-75.29291177605796,10.471827321091247],[-75.33575707414516,10.414811725517113],[-75.42267182169351,10.402417030827085],[-75.40430955108471,10.509011405161333],[-75.37125746398885,10.54247708082441],[-75.30882574391893,10.521406099851362]]]}},{"type":"Feature","properties":{"dep":"13","muni":"688","name":"SANTA ROSA DEL SUR","dep_name":"BOLÍVAR"},"geometry":{"type":"Polygon","coordinates":[[[-74.02346680130272,8.1750903950289],[-74.05039813152896,8.105680104764739],[-73.97939735184158,8.035030345031574],[-74.00388037932,7.917280745476299],[-74.09446758099008,7.821841596363077],[-74.13486457632945,7.819362657425071],[-74.13853703045122,7.72020509990484],[-74.21198611288642,7.701613057869798],[-74.22177932387778,7.585102927783526],[-74.15200269556433,7.572708233093497],[-74.30991822280004,7.45371916406922],[-74.35766012638292,7.472311206104264],[-74.41274693820934,7.459916511414235],[-74.41397108958326,7.399182507433094],[-74.49109262614023,7.343406381327963],[-74.56086925445368,7.42769030522016],[-74.56331755720153,7.4326481830961715],[-74.46660959866183,7.5801450499075145],[-74.44702317667911,7.684260485303756],[-74.45191978217478,7.787136451230996],[-74.3796948511135,7.795812737514018],[-74.34541861264373,7.897449233972253],[-74.25972801646931,7.943309604325361],[-74.2829868925738,8.044946100783596],[-74.26095216784323,8.104440635295735],[-74.17281326892098,8.108159043702743],[-74.09201927824225,8.16269570033887],[-74.02346680130272,8.1750903950289]]]}},{"type":"Feature","properties":{"dep":"13","muni":"744","name":"SIMITÍ","dep_name":"BOLÍVAR"},"geometry":{"type":"Polygon","coordinates":[[[-73.86799957681485,8.06353814281864],[-73.86187881994525,7.971817402112427],[-73.83127503559724,7.932154379104334],[-73.7982229485014,7.772262817602963],[-73.81536106773628,7.691697302117774],[-73.87779278780621,7.723923508311849],[-73.97327659497199,7.6755841990207365],[-74.02836340679839,7.683021015834754],[-74.12874381945986,7.642118523357659],[-74.15200269556433,7.572708233093497],[-74.22177932387778,7.585102927783526],[-74.21198611288642,7.701613057869798],[-74.13853703045122,7.72020509990484],[-74.13486457632945,7.819362657425071],[-74.09446758099008,7.821841596363077],[-74.00388037932,7.917280745476299],[-73.97939735184158,8.035030345031574],[-74.05039813152896,8.105680104764739],[-74.02346680130272,8.1750903950289],[-73.92308638864125,8.145343127772831],[-73.86799957681485,8.06353814281864]]]}},{"type":"Feature","properties":{"dep":"13","muni":"760","name":"SOPLAVIENTO","dep_name":"BOLÍVAR"},"geometry":{"type":"Polygon","coordinates":[[[-75.07011622600449,10.344161965783949],[-75.0835818911176,10.280949022864801],[-75.17294494141379,10.285906900740814],[-75.12887549195266,10.397459152951074],[-75.08970264798721,10.411093317110105],[-75.07011622600449,10.344161965783949]]]}},{"type":"Feature","properties":{"dep":"13","muni":"780","name":"TALAIGUA NUEVO","dep_name":"BOLÍVAR"},"geometry":{"type":"Polygon","coordinates":[[[-74.65635306161946,9.383573127306713],[-74.56454170857545,9.311683898104546],[-74.5314896214796,9.255907771999416],[-74.53026547010568,9.242273607840383],[-74.65023230474986,9.191455359611266],[-74.62819758001929,9.28317610031748],[-74.67838778635003,9.30548655075953],[-74.74326780916779,9.366220554740673],[-74.73959535504603,9.425715089252812],[-74.65635306161946,9.383573127306713]]]}},{"type":"Feature","properties":{"dep":"13","muni":"810","name":"TIQUISIO","dep_name":"BOLÍVAR"},"geometry":{"type":"Polygon","coordinates":[[[-74.21198611288642,8.649807201657005],[-74.17770987441666,8.65600454900202],[-74.13853703045122,8.654765079533016],[-74.15200269556433,8.603946831303897],[-74.15812345243394,8.520902376880704],[-74.25605556234756,8.444055269802526],[-74.25727971372147,8.383321265821385],[-74.34174615852197,8.276726891487137],[-74.42988505744422,8.341179303875286],[-74.44335072255734,8.42918163617449],[-74.35766012638292,8.494873518031644],[-74.34664276401764,8.580396911392842],[-74.37479824561781,8.66468083528504],[-74.21198611288642,8.649807201657005]]]}},{"type":"Feature","properties":{"dep":"13","muni":"836","name":"TURBACO","dep_name":"BOLÍVAR"},"geometry":{"type":"Polygon","coordinates":[[[-75.33575707414516,10.414811725517113],[-75.28067026231876,10.362754007818992],[-75.29658423017972,10.334246210031926],[-75.38349897772805,10.272272736581781],[-75.44225824367624,10.310696290120871],[-75.476534482146,10.363993477287995],[-75.42267182169351,10.402417030827085],[-75.33575707414516,10.414811725517113]]]}},{"type":"Feature","properties":{"dep":"13","muni":"838","name":"TURBANÁ","dep_name":"BOLÍVAR"},"geometry":{"type":"Polygon","coordinates":[[[-75.44225824367624,10.310696290120871],[-75.38349897772805,10.272272736581781],[-75.43613748680663,10.171875709592548],[-75.49734505550263,10.145846850743487],[-75.57324244068569,10.086352316231348],[-75.53406959672024,10.175594117999557],[-75.49000014725911,10.21525714100765],[-75.44225824367624,10.310696290120871]]]}},{"type":"Feature","properties":{"dep":"13","muni":"873","name":"VILLANUEVA","dep_name":"BOLÍVAR"},"geometry":{"type":"Polygon","coordinates":[[[-75.24761817522291,10.505292996754324],[-75.24149741835332,10.504053527285322],[-75.17661739553554,10.455714217994208],[-75.25006647797076,10.421009072862129],[-75.28067026231876,10.362754007818992],[-75.33575707414516,10.414811725517113],[-75.29291177605796,10.471827321091247],[-75.30882574391893,10.521406099851362],[-75.24761817522291,10.505292996754324]]]}},{"type":"Feature","properties":{"dep":"13","muni":"894","name":"ZAMBRANO","dep_name":"BOLÍVAR"},"geometry":{"type":"Polygon","coordinates":[[[-74.83997576770749,9.809950624643706],[-74.80569952923773,9.76037184588359],[-74.79100971275068,9.65253800208034],[-74.96116675372559,9.681045799867405],[-74.95137354273423,9.766569193228605],[-74.91954560701231,9.797555929953676],[-74.94035618036895,9.86324781181083],[-74.8828210657947,9.87192409809385],[-74.83997576770749,9.809950624643706]]]}},{"type":"Feature","properties":{"dep":"20","muni":"032","name":"ASTREA","dep_name":"CESAR"},"geometry":{"type":"Polygon","coordinates":[[[-73.78598143476219,9.523633177304038],[-73.78720558613611,9.492646440578968],[-73.86922372818877,9.456701825977882],[-73.94756941611966,9.378615249430702],[-73.97817320046767,9.389770474651728],[-74.13976118182514,9.49388591004797],[-74.03693246641583,9.591803998099198],[-73.86799957681485,9.600480284382218],[-73.80311955399708,9.636424898983302],[-73.78598143476219,9.523633177304038]]]}},{"type":"Feature","properties":{"dep":"20","muni":"060","name":"BOSCONIA","dep_name":"CESAR"},"geometry":{"type":"Polygon","coordinates":[[[-73.81291276498844,10.07395762154132],[-73.75660180178811,9.99215263658713],[-73.73579122843147,9.884318792783878],[-73.83861994384077,9.785161235263647],[-73.89737920978894,9.837218952961768],[-73.95858677848494,9.931418632605988],[-74.034484163668,9.998349983932144],[-74.03570831504192,10.00454733127716],[-73.92063808589342,10.054126110037274],[-73.81291276498844,10.07395762154132]]]}},{"type":"Feature","properties":{"dep":"20","muni":"175","name":"CHIMICHAGUA","dep_name":"CESAR"},"geometry":{"type":"Polygon","coordinates":[[[-73.78720558613611,9.492646440578968],[-73.75782595316203,9.477772806950933],[-73.73701537980538,9.36126267686466],[-73.69417008171818,9.319120714918563],[-73.68437687072682,9.239794668902379],[-73.6953942330921,9.217484218460326],[-73.63173836164825,9.06874788217998],[-73.51544398112583,9.130721355630124],[-73.42485677945574,9.122045069347104],[-73.41139111434262,9.053874248551946],[-73.43587414182102,8.999337591915818],[-73.49096095364743,8.981985019349779],[-73.5497202195956,9.006774408729836],[-73.5619617333348,9.063790004303968],[-73.69172177897035,9.037761145454908],[-73.79944709987532,9.058832126427957],[-73.86432712269308,9.112129313595082],[-73.89125845291933,9.174102787045225],[-73.96225923260671,9.187736951204258],[-73.94267281062399,9.289373447662493],[-73.98919056283295,9.351346921112638],[-73.98184565458943,9.38605206624472],[-73.97817320046767,9.389770474651728],[-73.94756941611966,9.378615249430702],[-73.86922372818877,9.456701825977882],[-73.78720558613611,9.492646440578968]]]}},{"type":"Feature","properties":{"dep":"20","muni":"178","name":"CHIRIGUANÁ","dep_name":"CESAR"},"geometry":{"type":"Polygon","coordinates":[[[-73.48606434815174,9.581888242347175],[-73.5313579489868,9.531069994118056],[-73.50197831601271,9.479012276419935],[-73.44566735281238,9.487688562702955],[-73.20695783489793,9.423236150314805],[-73.27061370634179,9.324078592794574],[-73.43954659594277,9.407123047217768],[-73.50565077013447,9.324078592794574],[-73.57787570119577,9.276978752972465],[-73.64030742126569,9.284415569786482],[-73.68437687072682,9.239794668902379],[-73.69417008171818,9.319120714918563],[-73.73701537980538,9.36126267686466],[-73.75782595316203,9.477772806950933],[-73.78720558613611,9.492646440578968],[-73.78598143476219,9.523633177304038],[-73.63541081577002,9.523633177304038],[-73.6464281781353,9.568254078188144],[-73.55461682509127,9.609156570665238],[-73.48606434815174,9.581888242347175]]]}},{"type":"Feature","properties":{"dep":"20","muni":"228","name":"CURUMANÍ","dep_name":"CESAR"},"geometry":{"type":"Polygon","coordinates":[[[-73.27061370634179,9.324078592794574],[-73.3685458162554,9.172863317576223],[-73.42485677945574,9.122045069347104],[-73.51544398112583,9.130721355630124],[-73.63173836164825,9.06874788217998],[-73.6953942330921,9.217484218460326],[-73.68437687072682,9.239794668902379],[-73.64030742126569,9.284415569786482],[-73.57787570119577,9.276978752972465],[-73.50565077013447,9.324078592794574],[-73.43954659594277,9.407123047217768],[-73.27061370634179,9.324078592794574]]]}},{"type":"Feature","properties":{"dep":"20","muni":"238","name":"EL COPEY","dep_name":"CESAR"},"geometry":{"type":"Polygon","coordinates":[[[-73.7921021916318,10.392501275075062],[-73.73456707705755,10.351598782597966],[-73.81413691636236,10.253680694546738],[-73.78598143476219,10.139649503398473],[-73.81291276498844,10.07395762154132],[-73.92063808589342,10.054126110037274],[-74.03570831504192,10.00454733127716],[-74.07365700763344,10.051647171099269],[-74.065087948016,10.166917831716537],[-73.97817320046767,10.277230614457793],[-73.95369017298927,10.339204087907937],[-73.89248260429325,10.391261805606058],[-73.7921021916318,10.392501275075062]]]}},{"type":"Feature","properties":{"dep":"20","muni":"250","name":"EL PASO","dep_name":"CESAR"},"geometry":{"type":"Polygon","coordinates":[[[-73.61827269653513,9.818626910926726],[-73.62072099928297,9.757892906945584],[-73.61949684790905,9.723187761813504],[-73.63051421027433,9.641382776859313],[-73.48973680227351,9.673608983053388],[-73.4468915041863,9.63146702110729],[-73.48606434815174,9.581888242347175],[-73.55461682509127,9.609156570665238],[-73.6464281781353,9.568254078188144],[-73.63541081577002,9.523633177304038],[-73.78598143476219,9.523633177304038],[-73.80311955399708,9.636424898983302],[-73.8104644622406,9.673608983053388],[-73.83984409521469,9.736821925972535],[-73.83861994384077,9.785161235263647],[-73.73579122843147,9.884318792783878],[-73.74191198530107,9.848374178182794],[-73.61827269653513,9.818626910926726]]]}},{"type":"Feature","properties":{"dep":"20","muni":"295","name":"GAMARRA","dep_name":"CESAR"},"geometry":{"type":"Polygon","coordinates":[[[-73.63785911851785,8.487436701217627],[-73.61460024241337,8.389518613166398],[-73.67948026523113,8.333742487061269],[-73.6953942330921,8.223429704320012],[-73.77129161827516,8.15401941405585],[-73.75048104491852,8.27424795254913],[-73.7492568935446,8.405631716263436],[-73.74680859079675,8.449013147678537],[-73.63785911851785,8.487436701217627]]]}},{"type":"Feature","properties":{"dep":"20","muni":"310","name":"GONZÁLEZ","dep_name":"CESAR"},"geometry":{"type":"Polygon","coordinates":[[[-73.34895939427268,8.391997552104405],[-73.36120090801188,8.327545139716255],[-73.41139111434262,8.369687101662352],[-73.4101669629687,8.430421105643495],[-73.41383941709046,8.45892890343056],[-73.34283863740308,8.436618452988508],[-73.34895939427268,8.391997552104405]]]}},{"type":"Feature","properties":{"dep":"20","muni":"383","name":"LA GLORIA","dep_name":"CESAR"},"geometry":{"type":"Polygon","coordinates":[[[-73.57665154982185,8.50602874325267],[-73.63785911851785,8.487436701217627],[-73.74680859079675,8.449013147678537],[-73.82025767323196,8.662201896347034],[-73.78965388888396,8.751443698115242],[-73.75905010453596,8.740288472894216],[-73.80801615949277,8.669638713161051],[-73.6770319624833,8.646088793249996],[-73.62194515065688,8.685751816258088],[-73.58644476081321,8.773754148557293],[-73.45546056380374,8.797304068468348],[-73.42852923357749,8.82333292731741],[-73.46280547204726,8.745246350770227],[-73.55216852234344,8.606425770241904],[-73.5313579489868,8.528339193694721],[-73.57665154982185,8.50602874325267]]]}},{"type":"Feature","properties":{"dep":"20","muni":"400","name":"LA JAGUA DE IBIRICO","dep_name":"CESAR"},"geometry":{"type":"Polygon","coordinates":[[[-73.06985288101887,9.632706490576293],[-73.08454269750592,9.557098852967117],[-73.17635405054993,9.501322726861988],[-73.20695783489793,9.423236150314805],[-73.44566735281238,9.487688562702955],[-73.50197831601271,9.479012276419935],[-73.5313579489868,9.531069994118056],[-73.48606434815174,9.581888242347175],[-73.4468915041863,9.63146702110729],[-73.48973680227351,9.673608983053388],[-73.37833902724677,9.647580124204328],[-73.32325221542035,9.58808558969219],[-73.2412340733677,9.598001345444212],[-73.1861472615413,9.63146702110729],[-73.06985288101887,9.632706490576293]]]}},{"type":"Feature","properties":{"dep":"20","muni":"443","name":"MANAURE BALCÓN DEL CESAR","dep_name":"CESAR"},"geometry":{"type":"Polygon","coordinates":[[[-72.90581659691357,10.352838252066968],[-73.04781815628832,10.354077721535973],[-73.12861214696704,10.398698622420076],[-73.08821515162768,10.424727481269137],[-72.98661058759231,10.399938091889078],[-72.9009199914179,10.435882706490162],[-72.90581659691357,10.352838252066968]]]}},{"type":"Feature","properties":{"dep":"20","muni":"517","name":"PAILITAS","dep_name":"CESAR"},"geometry":{"type":"Polygon","coordinates":[[[-73.43587414182102,8.999337591915818],[-73.42608093082966,8.900180034395587],[-73.4468915041863,8.87043276713952],[-73.53380625173463,8.829530274662423],[-73.61337609103944,8.890264278643565],[-73.67335950836154,8.840685499883449],[-73.6953942330921,8.885306400767552],[-73.69172177897035,9.037761145454908],[-73.5619617333348,9.063790004303968],[-73.5497202195956,9.006774408729836],[-73.49096095364743,8.981985019349779],[-73.43587414182102,8.999337591915818]]]}},{"type":"Feature","properties":{"dep":"20","muni":"550","name":"PELAYA","dep_name":"CESAR"},"geometry":{"type":"Polygon","coordinates":[[[-73.4468915041863,8.87043276713952],[-73.42852923357749,8.82333292731741],[-73.45546056380374,8.797304068468348],[-73.58644476081321,8.773754148557293],[-73.62194515065688,8.685751816258088],[-73.6770319624833,8.646088793249996],[-73.80801615949277,8.669638713161051],[-73.75905010453596,8.740288472894216],[-73.70273914133563,8.748964759177236],[-73.67335950836154,8.840685499883449],[-73.61337609103944,8.890264278643565],[-73.53380625173463,8.829530274662423],[-73.4468915041863,8.87043276713952]]]}},{"type":"Feature","properties":{"dep":"20","muni":"614","name":"RÍO DE ORO","dep_name":"CESAR"},"geometry":{"type":"Polygon","coordinates":[[[-73.36120090801188,8.327545139716255],[-73.40527035747301,8.245740154762064],[-73.43220168769926,8.140385249896818],[-73.39302884373382,8.113116921578756],[-73.43954659594277,8.079651245915677],[-73.63908326989177,8.066017081756646],[-73.58644476081321,8.114356391047759],[-73.6035828800481,8.178808803435908],[-73.55828927921304,8.20483766228497],[-73.53625455448247,8.280445299894145],[-73.45668471517766,8.361010815379332],[-73.41139111434262,8.369687101662352],[-73.36120090801188,8.327545139716255]]]}},{"type":"Feature","properties":{"dep":"20","muni":"710","name":"SAN ALBERTO","dep_name":"CESAR"},"geometry":{"type":"Polygon","coordinates":[[[-73.34895939427268,7.829278413177095],[-73.41139111434262,7.716486691497833],[-73.48116774265607,7.676823668489741],[-73.5803240039436,7.738797141939884],[-73.63296251302216,7.748712897691908],[-73.48606434815174,7.826799474239088],[-73.44321905006454,7.9383517264493495],[-73.4040462060991,7.918520214945303],[-73.29754503656804,7.984212096802455],[-73.27918276595923,7.935872787511343],[-73.35140769702052,7.892491356096242],[-73.34895939427268,7.829278413177095]]]}},{"type":"Feature","properties":{"dep":"20","muni":"750","name":"SAN DIEGO","dep_name":"CESAR"},"geometry":{"type":"Polygon","coordinates":[[[-73.58889306356104,9.865726750748836],[-73.59378966905672,9.894234548535902],[-73.53503040310855,10.014463087029181],[-73.42485677945574,10.091310194107361],[-73.3734424217511,10.165678362247533],[-73.29999333931588,10.214017671538645],[-73.23633746787203,10.356556660473977],[-73.11881893597568,10.34044355737694],[-73.11881893597568,10.200383507379614],[-73.16533668818465,10.200383507379614],[-73.16533668818465,10.109902236142403],[-73.22409595413282,10.118578522425423],[-73.3918046923599,10.081394438355337],[-73.42730508220357,10.020660434374197],[-73.49830586189096,10.016942025967188],[-73.54727191684776,9.91034765163294],[-73.58889306356104,9.865726750748836]]]}},{"type":"Feature","properties":{"dep":"20","muni":"787","name":"TAMALAMEQUE","dep_name":"CESAR"},"geometry":{"type":"Polygon","coordinates":[[[-73.69172177897035,9.037761145454908],[-73.6953942330921,8.885306400767552],[-73.67335950836154,8.840685499883449],[-73.70273914133563,8.748964759177236],[-73.75905010453596,8.740288472894216],[-73.78965388888396,8.751443698115242],[-73.81780937048413,8.835727622007438],[-73.86799957681485,8.936124648996671],[-73.79944709987532,9.058832126427957],[-73.69172177897035,9.037761145454908]]]}},{"type":"Feature","properties":{"dep":"20","muni":"001","name":"VALLEDUPAR","dep_name":"CESAR"},"geometry":{"type":"Polygon","coordinates":[[[-73.07597363788848,10.63667676046863],[-73.09923251399296,10.552392836576434],[-73.16288838543682,10.489179893657287],[-73.17757820192386,10.456953687463212],[-73.23633746787203,10.356556660473977],[-73.29999333931588,10.214017671538645],[-73.3734424217511,10.165678362247533],[-73.42485677945574,10.091310194107361],[-73.53503040310855,10.014463087029181],[-73.59378966905672,9.894234548535902],[-73.58889306356104,9.865726750748836],[-73.61827269653513,9.818626910926726],[-73.74191198530107,9.848374178182794],[-73.73579122843147,9.884318792783878],[-73.75660180178811,9.99215263658713],[-73.81291276498844,10.07395762154132],[-73.78598143476219,10.139649503398473],[-73.81413691636236,10.253680694546738],[-73.73456707705755,10.351598782597966],[-73.65499723775274,10.319372576403891],[-73.51421982975191,10.33176727109392],[-73.45056395830807,10.360275068880986],[-73.52034058662151,10.595774267991535],[-73.5191164352476,10.723439623298832],[-73.5619617333348,10.740792195864872],[-73.5986862745524,10.836231344978094],[-73.45546056380374,10.867218081703166],[-73.29142427969843,10.862260203827155],[-73.25592388985476,10.826315589226072],[-73.26326879809827,10.732115909581852],[-73.21675104588931,10.73087644011285],[-73.11392233048001,10.678818722414729],[-73.07597363788848,10.63667676046863]]]}},{"type":"Feature","properties":{"dep":"20","muni":"013","name":"AGUSTÍN CODAZZI","dep_name":"CESAR"},"geometry":{"type":"Polygon","coordinates":[[[-72.99885210133151,9.921502876853966],[-73.17145744505426,9.792598052077665],[-73.26694125222004,9.817387441457722],[-73.32692466954212,9.775245479511625],[-73.37221827037718,9.785161235263647],[-73.49463340776919,9.740540334379544],[-73.58644476081321,9.75169555960057],[-73.61949684790905,9.723187761813504],[-73.62072099928297,9.757892906945584],[-73.45178810968198,9.909108182163937],[-73.4652537747951,9.95372908304804],[-73.34895939427268,10.061562926851291],[-73.20573368352402,10.041731415347245],[-72.99885210133151,10.16443889277853],[-72.9070407482875,10.268554328174773],[-72.91193735378317,10.114860114018414],[-72.99885210133151,9.921502876853966]]]}},{"type":"Feature","properties":{"dep":"20","muni":"045","name":"BECERRIL","dep_name":"CESAR"},"geometry":{"type":"Polygon","coordinates":[[[-73.06985288101887,9.632706490576293],[-73.1861472615413,9.63146702110729],[-73.2412340733677,9.598001345444212],[-73.32325221542035,9.58808558969219],[-73.37833902724677,9.647580124204328],[-73.48973680227351,9.673608983053388],[-73.63051421027433,9.641382776859313],[-73.61949684790905,9.723187761813504],[-73.58644476081321,9.75169555960057],[-73.49463340776919,9.740540334379544],[-73.37221827037718,9.785161235263647],[-73.32692466954212,9.775245479511625],[-73.26694125222004,9.817387441457722],[-73.17145744505426,9.792598052077665],[-72.99885210133151,9.921502876853966],[-72.97192077110526,9.85457152552781],[-72.98783473896623,9.793837521546669],[-73.06985288101887,9.632706490576293]]]}},{"type":"Feature","properties":{"dep":"20","muni":"621","name":"LA PAZ","dep_name":"CESAR"},"geometry":{"type":"Polygon","coordinates":[[[-73.12861214696704,10.398698622420076],[-73.04781815628832,10.354077721535973],[-72.90581659691357,10.352838252066968],[-72.9070407482875,10.268554328174773],[-72.99885210133151,10.16443889277853],[-73.20573368352402,10.041731415347245],[-73.34895939427268,10.061562926851291],[-73.4652537747951,9.95372908304804],[-73.45178810968198,9.909108182163937],[-73.62072099928297,9.757892906945584],[-73.61827269653513,9.818626910926726],[-73.58889306356104,9.865726750748836],[-73.54727191684776,9.91034765163294],[-73.49830586189096,10.016942025967188],[-73.42730508220357,10.020660434374197],[-73.3918046923599,10.081394438355337],[-73.22409595413282,10.118578522425423],[-73.16533668818465,10.109902236142403],[-73.16533668818465,10.200383507379614],[-73.11881893597568,10.200383507379614],[-73.11881893597568,10.34044355737694],[-73.23633746787203,10.356556660473977],[-73.17757820192386,10.456953687463212],[-73.12861214696704,10.398698622420076]]]}},{"type":"Feature","properties":{"dep":"20","muni":"570","name":"PUEBLO BELLO","dep_name":"CESAR"},"geometry":{"type":"Polygon","coordinates":[[[-73.73456707705755,10.351598782597966],[-73.7921021916318,10.392501275075062],[-73.74191198530107,10.43464323702116],[-73.65989384324841,10.455714217994208],[-73.64030742126569,10.500335118878313],[-73.56318588470872,10.504053527285322],[-73.61704854516121,10.64535304675165],[-73.5619617333348,10.740792195864872],[-73.5191164352476,10.723439623298832],[-73.52034058662151,10.595774267991535],[-73.45056395830807,10.360275068880986],[-73.51421982975191,10.33176727109392],[-73.65499723775274,10.319372576403891],[-73.73456707705755,10.351598782597966]]]}},{"type":"Feature","properties":{"dep":"20","muni":"770","name":"SAN MARTÍN","dep_name":"CESAR"},"geometry":{"type":"Polygon","coordinates":[[[-73.30978655030724,8.015198833527528],[-73.29754503656804,7.984212096802455],[-73.4040462060991,7.918520214945303],[-73.44321905006454,7.9383517264493495],[-73.48606434815174,7.826799474239088],[-73.63296251302216,7.748712897691908],[-73.75292934766635,7.751191836629912],[-73.75048104491852,7.803249554328033],[-73.67091120561369,7.893730825565244],[-73.72110141194443,8.009001486182513],[-73.61582439378729,8.010240955651517],[-73.63908326989177,8.066017081756646],[-73.43954659594277,8.079651245915677],[-73.39302884373382,8.113116921578756],[-73.36609751350757,8.022635650341545],[-73.30978655030724,8.015198833527528]]]}},{"type":"Feature","properties":{"dep":"20","muni":"011","name":"AGUACHICA","dep_name":"CESAR"},"geometry":{"type":"Polygon","coordinates":[[[-73.49218510502135,8.421744819360473],[-73.45668471517766,8.361010815379332],[-73.53625455448247,8.280445299894145],[-73.55828927921304,8.20483766228497],[-73.6035828800481,8.178808803435908],[-73.58644476081321,8.114356391047759],[-73.63908326989177,8.066017081756646],[-73.61582439378729,8.010240955651517],[-73.72110141194443,8.009001486182513],[-73.76394671003163,8.06353814281864],[-73.77496407239691,8.145343127772831],[-73.77129161827516,8.15401941405585],[-73.6953942330921,8.223429704320012],[-73.67948026523113,8.333742487061269],[-73.61460024241337,8.389518613166398],[-73.63785911851785,8.487436701217627],[-73.57665154982185,8.50602874325267],[-73.49218510502135,8.421744819360473]]]}},{"type":"Feature","properties":{"dep":"44","muni":"078","name":"BARRANCAS","dep_name":"LA GUAJIRA"},"geometry":{"type":"Polygon","coordinates":[[[-72.49205343252855,11.07916736090266],[-72.48470852428503,11.06181478833662],[-72.5801923314508,10.910599513118267],[-72.63772744602505,10.884570654269208],[-72.67567613861658,10.818878772412054],[-72.72096973945162,10.864739142765162],[-72.78340145952156,10.87713383745519],[-72.91193735378317,11.034546460018555],[-72.85685054195676,11.0965199334687],[-72.74912522105178,11.02710964320454],[-72.70505577159066,11.03578592948756],[-72.63772744602505,11.122548792317762],[-72.62915838640761,11.117590914441749],[-72.49205343252855,11.07916736090266]]]}},{"type":"Feature","properties":{"dep":"44","muni":"098","name":"DISTRACCIÓN","dep_name":"LA GUAJIRA"},"geometry":{"type":"Polygon","coordinates":[[[-72.91438565653101,11.03206752108055],[-72.91193735378317,10.949023066657357],[-72.87276450981773,10.841189222854107],[-72.89847168867006,10.790370974624988],[-72.9437652895051,10.82507611975707],[-73.01843852331423,11.007278131700494],[-72.91438565653101,11.03206752108055]]]}},{"type":"Feature","properties":{"dep":"44","muni":"110","name":"EL MOLINO","dep_name":"LA GUAJIRA"},"geometry":{"type":"Polygon","coordinates":[[[-72.7809531567737,10.611887371088573],[-72.84216072546972,10.538758672417401],[-73.01354191781854,10.667663497193702],[-72.97314492247918,10.716002806484815],[-72.82135015211308,10.681297661352733],[-72.7809531567737,10.611887371088573]]]}},{"type":"Feature","properties":{"dep":"44","muni":"279","name":"FONSECA","dep_name":"LA GUAJIRA"},"geometry":{"type":"Polygon","coordinates":[[[-72.67567613861658,10.818878772412054],[-72.74790106967787,10.652789863565667],[-72.82502260623484,10.712284398077806],[-72.83236751447836,10.76929999365194],[-72.89847168867006,10.790370974624988],[-72.87276450981773,10.841189222854107],[-72.91193735378317,10.949023066657357],[-72.91438565653101,11.03206752108055],[-72.91193735378317,11.034546460018555],[-72.78340145952156,10.87713383745519],[-72.72096973945162,10.864739142765162],[-72.67567613861658,10.818878772412054]]]}},{"type":"Feature","properties":{"dep":"44","muni":"378","name":"HATONUEVO","dep_name":"LA GUAJIRA"},"geometry":{"type":"MultiPolygon","coordinates":[[[[-72.4957258866503,11.081646299840665],[-72.49205343252855,11.07916736090266],[-72.62915838640761,11.117590914441749],[-72.4957258866503,11.081646299840665]]],[[[-72.64874480839033,11.163451284794856],[-72.63772744602505,11.122548792317762],[-72.70505577159066,11.03578592948756],[-72.74912522105178,11.02710964320454],[-72.85685054195676,11.0965199334687],[-72.69159010647753,11.167169693201865],[-72.64874480839033,11.163451284794856]]]]}},{"type":"Feature","properties":{"dep":"44","muni":"420","name":"LA JAGUA DEL PILAR","dep_name":"LA GUAJIRA"},"geometry":{"type":"Polygon","coordinates":[[[-72.88623017493084,10.453235279056203],[-72.9009199914179,10.435882706490162],[-72.98661058759231,10.399938091889078],[-73.08821515162768,10.424727481269137],[-73.12861214696704,10.398698622420076],[-73.17757820192386,10.456953687463212],[-73.16288838543682,10.489179893657287],[-73.02700758293167,10.517687691444353],[-73.02700758293167,10.41729066445512],[-72.88623017493084,10.453235279056203]]]}},{"type":"Feature","properties":{"dep":"44","muni":"855","name":"URUMITA","dep_name":"LA GUAJIRA"},"geometry":{"type":"Polygon","coordinates":[[[-72.84338487684364,10.50777193569233],[-72.88623017493084,10.453235279056203],[-73.02700758293167,10.41729066445512],[-73.02700758293167,10.517687691444353],[-73.16288838543682,10.489179893657287],[-73.09923251399296,10.552392836576434],[-73.00619700957503,10.557350714452445],[-72.91316150515709,10.50777193569233],[-72.84338487684364,10.50777193569233]]]}},{"type":"Feature","properties":{"dep":"44","muni":"874","name":"VILLANUEVA","dep_name":"LA GUAJIRA"},"geometry":{"type":"Polygon","coordinates":[[[-72.84216072546972,10.538758672417401],[-72.84338487684364,10.50777193569233],[-72.91316150515709,10.50777193569233],[-73.00619700957503,10.557350714452445],[-73.09923251399296,10.552392836576434],[-73.07597363788848,10.63667676046863],[-73.01354191781854,10.667663497193702],[-72.84216072546972,10.538758672417401]]]}},{"type":"Feature","properties":{"dep":"44","muni":"001","name":"RIOHACHA","dep_name":"LA GUAJIRA"},"geometry":{"type":"Polygon","coordinates":[[[-72.64752065701641,11.428697751161474],[-72.61446856992056,11.322103376827226],[-72.60222705618136,11.244016800280043],[-72.64874480839033,11.163451284794856],[-72.69159010647753,11.167169693201865],[-72.85685054195676,11.0965199334687],[-72.91193735378317,11.034546460018555],[-72.91438565653101,11.03206752108055],[-73.01843852331423,11.007278131700494],[-73.22164765138498,10.93290996356032],[-73.38568393549029,10.916796860463283],[-73.3318212750378,10.972572986568412],[-73.30611409618548,11.05809637992961],[-73.23633746787203,11.0965199334687],[-73.16533668818465,11.187001204705911],[-73.14942272032368,11.251453617094061],[-73.21675104588931,11.329540193641243],[-73.14330196345409,11.407626770188426],[-73.02455928018384,11.494389633018626],[-72.89112678042653,11.56008151487578],[-72.85807469333068,11.514221144522672],[-72.71852143670378,11.480755468859595],[-72.64752065701641,11.428697751161474]]]}},{"type":"Feature","properties":{"dep":"44","muni":"035","name":"ALBANIA","dep_name":"LA GUAJIRA"},"geometry":{"type":"Polygon","coordinates":[[[-72.4590013454327,11.116351444972747],[-72.4957258866503,11.081646299840665],[-72.62915838640761,11.117590914441749],[-72.63772744602505,11.122548792317762],[-72.64874480839033,11.163451284794856],[-72.60222705618136,11.244016800280043],[-72.61446856992056,11.322103376827226],[-72.57284742320728,11.398950483905404],[-72.52510551962439,11.406387300719421],[-72.45165643718917,11.301032395854177],[-72.4039145336063,11.174606510015883],[-72.4590013454327,11.116351444972747]]]}},{"type":"Feature","properties":{"dep":"44","muni":"090","name":"DIBULLA","dep_name":"LA GUAJIRA"},"geometry":{"type":"Polygon","coordinates":[[[-73.38568393549029,10.916796860463283],[-73.45546056380374,10.867218081703166],[-73.5986862745524,10.836231344978094],[-73.6647904487441,10.989925559134452],[-73.62806590752649,11.142380303821808],[-73.58399645806537,11.189480143643918],[-73.57542739844793,11.26012990337708],[-73.36242505938581,11.262608842315087],[-73.27551031183748,11.286158762226142],[-73.21675104588931,11.329540193641243],[-73.14942272032368,11.251453617094061],[-73.16533668818465,11.187001204705911],[-73.23633746787203,11.0965199334687],[-73.30611409618548,11.05809637992961],[-73.3318212750378,10.972572986568412],[-73.38568393549029,10.916796860463283]]]}},{"type":"Feature","properties":{"dep":"44","muni":"650","name":"SAN JUAN DEL CESAR","dep_name":"LA GUAJIRA"},"geometry":{"type":"Polygon","coordinates":[[[-73.01843852331423,11.007278131700494],[-72.9437652895051,10.82507611975707],[-72.89847168867006,10.790370974624988],[-72.83236751447836,10.76929999365194],[-72.82502260623484,10.712284398077806],[-72.74790106967787,10.652789863565667],[-72.7809531567737,10.611887371088573],[-72.82135015211308,10.681297661352733],[-72.97314492247918,10.716002806484815],[-73.01354191781854,10.667663497193702],[-73.07597363788848,10.63667676046863],[-73.11392233048001,10.678818722414729],[-73.21675104588931,10.73087644011285],[-73.26326879809827,10.732115909581852],[-73.25592388985476,10.826315589226072],[-73.29142427969843,10.862260203827155],[-73.45546056380374,10.867218081703166],[-73.38568393549029,10.916796860463283],[-73.22164765138498,10.93290996356032],[-73.01843852331423,11.007278131700494]]]}},{"type":"Feature","properties":{"dep":"44","muni":"847","name":"URIBIA","dep_name":"LA GUAJIRA"},"geometry":{"type":"Polygon","coordinates":[[[-71.97913400685599,11.630731274608944],[-72.01953100219535,11.692704748059088],[-72.12480802035249,11.532813186557716],[-72.26191297423155,11.526615839212702],[-72.3194480888058,11.553884167530764],[-72.362293386893,11.61585764098091],[-72.37086244651044,11.6976626259351],[-72.33046545117108,11.772030794075272],[-72.35494847864948,11.827806920180404],[-72.23742994675314,11.886061985223538],[-72.1382736854656,12.104208611768048],[-72.14317029096128,12.239310783889362],[-72.07461781402176,12.233113436544347],[-71.96444419036894,12.256663356455402],[-71.99504797471694,12.186013596722237],[-71.95954758487326,12.150068982121152],[-71.86039132358572,12.210802986102294],[-71.92771964915133,12.297565848932496],[-71.86039132358572,12.35582091397563],[-71.80530451175932,12.305002665746514],[-71.69145843398474,12.365736669727657],[-71.62413010841912,12.440104837867828],[-71.54211196636646,12.440104837867828],[-71.28259187509539,12.343426219285604],[-71.22505676052114,12.27277645955244],[-71.11488313686831,12.085616569733002],[-71.13569371022496,12.00257211530981],[-71.2348499715125,11.952993336549696],[-71.37807568226117,11.811693817083366],[-71.610664443306,11.746001935226213],[-71.80163205763755,11.680310053369059],[-71.97913400685599,11.630731274608944]]]}},{"type":"Feature","properties":{"dep":"44","muni":"430","name":"MAICAO","dep_name":"LA GUAJIRA"},"geometry":{"type":"Polygon","coordinates":[[[-71.97913400685599,11.630731274608944],[-72.24599900637058,11.144859242759813],[-72.34882772177988,11.151056590104828],[-72.4590013454327,11.116351444972747],[-72.4039145336063,11.174606510015883],[-72.45165643718917,11.301032395854177],[-72.52510551962439,11.406387300719421],[-72.57284742320728,11.398950483905404],[-72.61446856992056,11.322103376827226],[-72.64752065701641,11.428697751161474],[-72.6046753589292,11.458445018417542],[-72.53612288198967,11.443571384789509],[-72.39779377673669,11.501826449832643],[-72.38187980887572,11.525376369743698],[-72.26191297423155,11.526615839212702],[-72.12480802035249,11.532813186557716],[-72.01953100219535,11.692704748059088],[-71.97913400685599,11.630731274608944]]]}},{"type":"Feature","properties":{"dep":"44","muni":"560","name":"MANAURE","dep_name":"LA GUAJIRA"},"geometry":{"type":"Polygon","coordinates":[[[-72.26191297423155,11.526615839212702],[-72.38187980887572,11.525376369743698],[-72.39779377673669,11.501826449832643],[-72.53612288198967,11.443571384789509],[-72.6046753589292,11.458445018417542],[-72.64752065701641,11.428697751161474],[-72.71852143670378,11.480755468859595],[-72.85807469333068,11.514221144522672],[-72.89112678042653,11.56008151487578],[-72.82624675760876,11.635689152484955],[-72.72341804219946,11.700141564873105],[-72.4590013454327,11.776988671951285],[-72.35494847864948,11.827806920180404],[-72.33046545117108,11.772030794075272],[-72.37086244651044,11.6976626259351],[-72.362293386893,11.61585764098091],[-72.3194480888058,11.553884167530764],[-72.26191297423155,11.526615839212702]]]}},{"type":"Feature","properties":{"dep":"47","muni":"541","name":"PEDRAZA","dep_name":"MAGDALENA"},"geometry":{"type":"Polygon","coordinates":[[[-74.8767003089251,10.214017671538645],[-74.82773425396829,10.235088652511696],[-74.75428517153307,10.180551995875568],[-74.69307760283706,10.225172896759672],[-74.77387159351579,10.097507541452375],[-74.82528595122045,10.059083987913285],[-74.94525278586462,10.128494278177447],[-74.91587315289054,10.238807060918704],[-74.8767003089251,10.214017671538645]]]}},{"type":"Feature","properties":{"dep":"47","muni":"030","name":"ALGARROBO","dep_name":"MAGDALENA"},"geometry":{"type":"Polygon","coordinates":[[[-73.97817320046767,10.277230614457793],[-74.065087948016,10.166917831716537],[-74.07365700763344,10.051647171099269],[-74.11527815434673,10.12973374764645],[-74.12751966808594,10.20658085472463],[-74.19484799365155,10.186749343220583],[-74.18995138815586,10.294583187023834],[-74.15812345243394,10.356556660473977],[-74.11038154885105,10.392501275075062],[-74.05774303977248,10.324330454279902],[-73.97817320046767,10.277230614457793]]]}},{"type":"Feature","properties":{"dep":"47","muni":"058","name":"ARIGUANÍ","dep_name":"MAGDALENA"},"geometry":{"type":"Polygon","coordinates":[[[-73.83861994384077,9.785161235263647],[-73.83984409521469,9.736821925972535],[-73.96715583810239,9.75169555960057],[-74.09446758099008,9.703356250309458],[-74.17770987441666,9.61907232641726],[-74.1985204477733,9.729385109158518],[-74.26707292471283,9.771527071104616],[-74.26829707608675,9.879360914907867],[-74.24748650273011,9.97108165561408],[-74.15322684693825,9.972321125083084],[-74.034484163668,9.998349983932144],[-73.95858677848494,9.931418632605988],[-73.89737920978894,9.837218952961768],[-73.83861994384077,9.785161235263647]]]}},{"type":"Feature","properties":{"dep":"47","muni":"161","name":"CERRO DE SAN ANTONIO","dep_name":"MAGDALENA"},"geometry":{"type":"Polygon","coordinates":[[[-74.70164666245451,10.274751675519788],[-74.71633647894154,10.248722816670726],[-74.84364822182926,10.271033267112779],[-74.8767003089251,10.214017671538645],[-74.91587315289054,10.238807060918704],[-74.91097654739487,10.253680694546738],[-74.86813124930765,10.34044355737694],[-74.86323464381198,10.366472416226001],[-74.7493885660374,10.319372576403891],[-74.70164666245451,10.274751675519788]]]}},{"type":"Feature","properties":{"dep":"47","muni":"170","name":"CHIVOLO","dep_name":"MAGDALENA"},"geometry":{"type":"Polygon","coordinates":[[[-74.46538544728791,10.20286244631762],[-74.39316051622662,10.13841003392947],[-74.44212657118342,10.016942025967188],[-74.54250698384489,10.029336720657216],[-74.55474849758409,9.947531735703025],[-74.66124966711514,10.011984148091177],[-74.61962852040185,10.086352316231348],[-74.63309418551498,10.143367911805482],[-74.586576433306,10.218975549414658],[-74.49598923163592,10.232609713573689],[-74.46538544728791,10.20286244631762]]]}},{"type":"Feature","properties":{"dep":"47","muni":"205","name":"CONCORDIA","dep_name":"MAGDALENA"},"geometry":{"type":"Polygon","coordinates":[[[-74.71633647894154,10.248722816670726],[-74.69307760283706,10.225172896759672],[-74.75428517153307,10.180551995875568],[-74.82773425396829,10.235088652511696],[-74.8767003089251,10.214017671538645],[-74.84364822182926,10.271033267112779],[-74.71633647894154,10.248722816670726]]]}},{"type":"Feature","properties":{"dep":"47","muni":"258","name":"EL PIÑÓN","dep_name":"MAGDALENA"},"geometry":{"type":"Polygon","coordinates":[[[-74.49598923163592,10.232609713573689],[-74.586576433306,10.218975549414658],[-74.70164666245451,10.274751675519788],[-74.7493885660374,10.319372576403891],[-74.86323464381198,10.366472416226001],[-74.81182028610732,10.450756340118197],[-74.68450854321962,10.470587851622243],[-74.57433491956681,10.363993477287995],[-74.49598923163592,10.232609713573689]]]}},{"type":"Feature","properties":{"dep":"47","muni":"268","name":"EL RETÉN","dep_name":"MAGDALENA"},"geometry":{"type":"Polygon","coordinates":[[[-74.25727971372147,10.665184558255696],[-74.18872723678194,10.554871775514439],[-74.21565856700819,10.536279733479397],[-74.24381404860836,10.557350714452445],[-74.30991822280004,10.624282065778601],[-74.37479824561781,10.621803126840595],[-74.44947147942695,10.671381905600711],[-74.42743675469639,10.723439623298832],[-74.37479824561781,10.74451060427188],[-74.25727971372147,10.665184558255696]]]}},{"type":"Feature","properties":{"dep":"47","muni":"318","name":"GUAMAL","dep_name":"MAGDALENA"},"geometry":{"type":"Polygon","coordinates":[[[-73.98184565458943,9.38605206624472],[-73.98919056283295,9.351346921112638],[-74.08712267274656,9.216244748991324],[-74.09446758099008,9.160468622886194],[-74.17526157166883,9.088579393684027],[-74.24871065410403,9.164187031293203],[-74.29767670906084,9.176581725983231],[-74.30012501180869,9.203850054301295],[-74.23646914036483,9.2497104246544],[-74.1862789340341,9.332754879077594],[-74.13853703045122,9.331515409608592],[-74.06386379664208,9.403404638810759],[-73.98184565458943,9.38605206624472]]]}},{"type":"Feature","properties":{"dep":"47","muni":"460","name":"NUEVA GRANADA","dep_name":"MAGDALENA"},"geometry":{"type":"Polygon","coordinates":[[[-74.26829707608675,9.879360914907867],[-74.26707292471283,9.771527071104616],[-74.1985204477733,9.729385109158518],[-74.17770987441666,9.61907232641726],[-74.21688271838211,9.581888242347175],[-74.3013491631826,9.594282937037203],[-74.35031521813941,9.569493547657146],[-74.45069563080087,9.609156570665238],[-74.41152278683542,9.755413968007579],[-74.48007526377495,9.833500544554761],[-74.4102986354615,9.90167136534992],[-74.40050542447014,9.952489613579038],[-74.32828049340884,9.931418632605988],[-74.26829707608675,9.879360914907867]]]}},{"type":"Feature","properties":{"dep":"47","muni":"545","name":"PIJIÑO DEL CARMEN","dep_name":"MAGDALENA"},"geometry":{"type":"Polygon","coordinates":[[[-73.8104644622406,9.673608983053388],[-73.80311955399708,9.636424898983302],[-73.86799957681485,9.600480284382218],[-74.03693246641583,9.591803998099198],[-74.13976118182514,9.49388591004797],[-74.1862789340341,9.483970154295946],[-74.2891076494434,9.377375779961698],[-74.48007526377495,9.303007611821526],[-74.47517865827928,9.400925699872753],[-74.3919363648527,9.435630845004834],[-74.29278010356516,9.43810978394284],[-74.19729629639939,9.568254078188144],[-74.12996797083377,9.579409303409168],[-74.01122528756352,9.663693227301366],[-73.95981092985886,9.731864048096524],[-73.90349996665853,9.671130044115383],[-73.8104644622406,9.673608983053388]]]}},{"type":"Feature","properties":{"dep":"47","muni":"551","name":"PIVIJAY","dep_name":"MAGDALENA"},"geometry":{"type":"Polygon","coordinates":[[[-74.24381404860836,10.557350714452445],[-74.19607214502547,10.48174307684327],[-74.1801581771645,10.382585519323039],[-74.26829707608675,10.269793797643777],[-74.37602239699173,10.21525714100765],[-74.41764354370503,10.263596450298762],[-74.46538544728791,10.20286244631762],[-74.49598923163592,10.232609713573689],[-74.57433491956681,10.363993477287995],[-74.68450854321962,10.470587851622243],[-74.66859457535867,10.56354806179746],[-74.56086925445368,10.539998141886405],[-74.49109262614023,10.56354806179746],[-74.4347816629399,10.629239943654612],[-74.44947147942695,10.671381905600711],[-74.37479824561781,10.621803126840595],[-74.30991822280004,10.624282065778601],[-74.24381404860836,10.557350714452445]]]}},{"type":"Feature","properties":{"dep":"47","muni":"555","name":"PLATO","dep_name":"MAGDALENA"},"geometry":{"type":"Polygon","coordinates":[[[-74.44212657118342,10.016942025967188],[-74.40050542447014,9.952489613579038],[-74.4102986354615,9.90167136534992],[-74.48007526377495,9.833500544554761],[-74.41152278683542,9.755413968007579],[-74.45069563080087,9.609156570665238],[-74.52169641048823,9.565775139250137],[-74.56331755720153,9.641382776859313],[-74.6649221212369,9.645101185266322],[-74.66124966711514,9.578169833940166],[-74.76285423115051,9.539746280401076],[-74.77754404763756,9.507520074207001],[-74.80569952923773,9.553380444560108],[-74.77264744214187,9.604198692789227],[-74.79100971275068,9.65253800208034],[-74.80569952923773,9.76037184588359],[-74.83997576770749,9.809950624643706],[-74.69307760283706,9.889276670659891],[-74.57923152506248,9.886797731721884],[-74.55474849758409,9.947531735703025],[-74.54250698384489,10.029336720657216],[-74.44212657118342,10.016942025967188]]]}},{"type":"Feature","properties":{"dep":"47","muni":"570","name":"PUEBLOVIEJO","dep_name":"MAGDALENA"},"geometry":{"type":"Polygon","coordinates":[[[-74.26584877333892,10.865978612234164],[-74.26707292471283,10.799047260908008],[-74.21933102112995,10.662705619317691],[-74.25727971372147,10.665184558255696],[-74.37479824561781,10.74451060427188],[-74.42743675469639,10.723439623298832],[-74.47885111240103,10.82507611975707],[-74.48497186927064,10.981249272851432],[-74.356435975009,10.976291394975421],[-74.264624621965,11.00603866223149],[-74.26584877333892,10.865978612234164]]]}},{"type":"Feature","properties":{"dep":"47","muni":"605","name":"REMOLINO","dep_name":"MAGDALENA"},"geometry":{"type":"Polygon","coordinates":[[[-74.42743675469639,10.723439623298832],[-74.44947147942695,10.671381905600711],[-74.4347816629399,10.629239943654612],[-74.49109262614023,10.56354806179746],[-74.56086925445368,10.539998141886405],[-74.66859457535867,10.56354806179746],[-74.72612968993292,10.600732145867546],[-74.74694026328956,10.651550394096665],[-74.72612968993292,10.72715803170584],[-74.6037145525409,10.723439623298832],[-74.49843753438375,10.7531868905549],[-74.42743675469639,10.723439623298832]]]}},{"type":"Feature","properties":{"dep":"47","muni":"660","name":"SABANAS DE SAN ÁNGEL","dep_name":"MAGDALENA"},"geometry":{"type":"Polygon","coordinates":[[[-74.1801581771645,10.382585519323039],[-74.15812345243394,10.356556660473977],[-74.18995138815586,10.294583187023834],[-74.19484799365155,10.186749343220583],[-74.12751966808594,10.20658085472463],[-74.11527815434673,10.12973374764645],[-74.07365700763344,10.051647171099269],[-74.03570831504192,10.00454733127716],[-74.034484163668,9.998349983932144],[-74.15322684693825,9.972321125083084],[-74.24748650273011,9.97108165561408],[-74.26829707608675,9.879360914907867],[-74.32828049340884,9.931418632605988],[-74.40050542447014,9.952489613579038],[-74.44212657118342,10.016942025967188],[-74.39316051622662,10.13841003392947],[-74.46538544728791,10.20286244631762],[-74.41764354370503,10.263596450298762],[-74.37602239699173,10.21525714100765],[-74.26829707608675,10.269793797643777],[-74.1801581771645,10.382585519323039]]]}},{"type":"Feature","properties":{"dep":"47","muni":"675","name":"SALAMINA","dep_name":"MAGDALENA"},"geometry":{"type":"Polygon","coordinates":[[[-74.66859457535867,10.56354806179746],[-74.68450854321962,10.470587851622243],[-74.81182028610732,10.450756340118197],[-74.80692368061165,10.482982546312272],[-74.74449196054171,10.538758672417401],[-74.72612968993292,10.600732145867546],[-74.66859457535867,10.56354806179746]]]}},{"type":"Feature","properties":{"dep":"47","muni":"692","name":"SAN SEBASTIÁN DE BUENAVISTA","dep_name":"MAGDALENA"},"geometry":{"type":"Polygon","coordinates":[[[-74.13976118182514,9.49388591004797],[-73.97817320046767,9.389770474651728],[-73.98184565458943,9.38605206624472],[-74.06386379664208,9.403404638810759],[-74.13853703045122,9.331515409608592],[-74.1862789340341,9.332754879077594],[-74.23646914036483,9.2497104246544],[-74.30012501180869,9.203850054301295],[-74.3919363648527,9.215005279522321],[-74.41764354370503,9.23607626049537],[-74.24381404860836,9.350107451643636],[-74.1862789340341,9.483970154295946],[-74.13976118182514,9.49388591004797]]]}},{"type":"Feature","properties":{"dep":"47","muni":"703","name":"SAN ZENÓN","dep_name":"MAGDALENA"},"geometry":{"type":"Polygon","coordinates":[[[-74.41764354370503,9.23607626049537],[-74.43967826843559,9.27449981403446],[-74.53026547010568,9.242273607840383],[-74.5314896214796,9.255907771999416],[-74.48007526377495,9.303007611821526],[-74.2891076494434,9.377375779961698],[-74.1862789340341,9.483970154295946],[-74.24381404860836,9.350107451643636],[-74.41764354370503,9.23607626049537]]]}},{"type":"Feature","properties":{"dep":"47","muni":"707","name":"SANTA ANA","dep_name":"MAGDALENA"},"geometry":{"type":"Polygon","coordinates":[[[-73.83984409521469,9.736821925972535],[-73.8104644622406,9.673608983053388],[-73.90349996665853,9.671130044115383],[-73.95981092985886,9.731864048096524],[-74.01122528756352,9.663693227301366],[-74.12996797083377,9.579409303409168],[-74.19729629639939,9.568254078188144],[-74.29278010356516,9.43810978394284],[-74.3919363648527,9.435630845004834],[-74.47517865827928,9.400925699872753],[-74.48007526377495,9.303007611821526],[-74.5314896214796,9.255907771999416],[-74.56454170857545,9.311683898104546],[-74.65635306161946,9.383573127306713],[-74.62942173139322,9.39100994412073],[-74.52169641048823,9.565775139250137],[-74.45069563080087,9.609156570665238],[-74.35031521813941,9.569493547657146],[-74.3013491631826,9.594282937037203],[-74.21688271838211,9.581888242347175],[-74.17770987441666,9.61907232641726],[-74.09446758099008,9.703356250309458],[-73.96715583810239,9.75169555960057],[-73.83984409521469,9.736821925972535]]]}},{"type":"Feature","properties":{"dep":"47","muni":"720","name":"SANTA BÁRBARA DE PINTO","dep_name":"MAGDALENA"},"geometry":{"type":"Polygon","coordinates":[[[-74.52169641048823,9.565775139250137],[-74.62942173139322,9.39100994412073],[-74.65635306161946,9.383573127306713],[-74.73959535504603,9.425715089252812],[-74.80080292374204,9.441828192349849],[-74.77754404763756,9.507520074207001],[-74.76285423115051,9.539746280401076],[-74.66124966711514,9.578169833940166],[-74.6649221212369,9.645101185266322],[-74.56331755720153,9.641382776859313],[-74.52169641048823,9.565775139250137]]]}},{"type":"Feature","properties":{"dep":"47","muni":"745","name":"SITIONUEVO","dep_name":"MAGDALENA"},"geometry":{"type":"Polygon","coordinates":[[[-74.48497186927064,10.981249272851432],[-74.47885111240103,10.82507611975707],[-74.42743675469639,10.723439623298832],[-74.49843753438375,10.7531868905549],[-74.6037145525409,10.723439623298832],[-74.72612968993292,10.72715803170584],[-74.72735384130684,10.749468482147893],[-74.72490553855899,10.771778932589944],[-74.74081950641995,10.834991875509091],[-74.73837120367212,10.875894367986186],[-74.75673347428092,10.945304658250349],[-74.76407838252443,10.994883437010463],[-74.84364822182926,11.066772666212632],[-74.8522172814467,11.10519621975172],[-74.5988179470452,11.008517601169496],[-74.48497186927064,10.981249272851432]]]}},{"type":"Feature","properties":{"dep":"47","muni":"798","name":"TENERIFE","dep_name":"MAGDALENA"},"geometry":{"type":"Polygon","coordinates":[[[-74.66124966711514,10.011984148091177],[-74.55474849758409,9.947531735703025],[-74.57923152506248,9.886797731721884],[-74.69307760283706,9.889276670659891],[-74.83997576770749,9.809950624643706],[-74.8828210657947,9.87192409809385],[-74.86201049243806,9.943813327296017],[-74.78978556137676,10.013223617560179],[-74.66124966711514,10.011984148091177]]]}},{"type":"Feature","properties":{"dep":"47","muni":"960","name":"ZAPAYÁN","dep_name":"MAGDALENA"},"geometry":{"type":"Polygon","coordinates":[[[-74.586576433306,10.218975549414658],[-74.63309418551498,10.143367911805482],[-74.61962852040185,10.086352316231348],[-74.66124966711514,10.011984148091177],[-74.78978556137676,10.013223617560179],[-74.82528595122045,10.059083987913285],[-74.77387159351579,10.097507541452375],[-74.69307760283706,10.225172896759672],[-74.71633647894154,10.248722816670726],[-74.70164666245451,10.274751675519788],[-74.586576433306,10.218975549414658]]]}},{"type":"Feature","properties":{"dep":"47","muni":"980","name":"ZONA BANANERA","dep_name":"MAGDALENA"},"geometry":{"type":"Polygon","coordinates":[[[-74.15200269556433,10.63667676046863],[-74.21933102112995,10.662705619317691],[-74.26707292471283,10.799047260908008],[-74.26584877333892,10.865978612234164],[-74.22667592937347,10.927952085684309],[-74.16669251205138,10.956459883471375],[-74.10915739747713,10.870936490110175],[-74.08712267274656,10.755665829492907],[-74.15200269556433,10.63667676046863]]]}},{"type":"Feature","properties":{"dep":"47","muni":"053","name":"ARACATACA","dep_name":"MAGDALENA"},"geometry":{"type":"Polygon","coordinates":[[[-73.5986862745524,10.836231344978094],[-73.5619617333348,10.740792195864872],[-73.61704854516121,10.64535304675165],[-73.68192856797899,10.592055859584526],[-73.83984409521469,10.509011405161333],[-73.96593168672847,10.489179893657287],[-74.03081170954624,10.42596695073814],[-74.21565856700819,10.536279733479397],[-74.18872723678194,10.554871775514439],[-74.25727971372147,10.665184558255696],[-74.21933102112995,10.662705619317691],[-74.15200269556433,10.63667676046863],[-74.08834682412049,10.61932418790259],[-73.98551810871119,10.712284398077806],[-73.89860336116286,10.7531868905549],[-73.76517086140555,10.875894367986186],[-73.65132478363097,10.823836650288065],[-73.5986862745524,10.836231344978094]]]}},{"type":"Feature","properties":{"dep":"47","muni":"189","name":"CIÉNAGA","dep_name":"MAGDALENA"},"geometry":{"type":"Polygon","coordinates":[[[-73.76517086140555,10.875894367986186],[-73.89860336116286,10.7531868905549],[-73.98551810871119,10.712284398077806],[-74.08834682412049,10.61932418790259],[-74.15200269556433,10.63667676046863],[-74.08712267274656,10.755665829492907],[-74.10915739747713,10.870936490110175],[-74.16669251205138,10.956459883471375],[-74.22667592937347,10.927952085684309],[-74.26584877333892,10.865978612234164],[-74.264624621965,11.00603866223149],[-74.21443441563427,11.075448952495652],[-74.1067090947293,11.076688421964654],[-73.98551810871119,11.017193887452516],[-73.87044787956269,10.989925559134452],[-73.88024109055405,10.893246940552228],[-73.85575806307565,10.864739142765162],[-73.76517086140555,10.875894367986186]]]}},{"type":"Feature","properties":{"dep":"47","muni":"288","name":"FUNDACIÓN","dep_name":"MAGDALENA"},"geometry":{"type":"Polygon","coordinates":[[[-73.7921021916318,10.392501275075062],[-73.89248260429325,10.391261805606058],[-73.95369017298927,10.339204087907937],[-73.97817320046767,10.277230614457793],[-74.05774303977248,10.324330454279902],[-74.11038154885105,10.392501275075062],[-74.15812345243394,10.356556660473977],[-74.1801581771645,10.382585519323039],[-74.19607214502547,10.48174307684327],[-74.24381404860836,10.557350714452445],[-74.21565856700819,10.536279733479397],[-74.03081170954624,10.42596695073814],[-73.96593168672847,10.489179893657287],[-73.83984409521469,10.509011405161333],[-73.68192856797899,10.592055859584526],[-73.61704854516121,10.64535304675165],[-73.56318588470872,10.504053527285322],[-73.64030742126569,10.500335118878313],[-73.65989384324841,10.455714217994208],[-73.74191198530107,10.43464323702116],[-73.7921021916318,10.392501275075062]]]}},{"type":"Feature","properties":{"dep":"47","muni":"001","name":"SANTA MARTA","dep_name":"MAGDALENA"},"geometry":{"type":"Polygon","coordinates":[[[-73.57542739844793,11.26012990337708],[-73.58399645806537,11.189480143643918],[-73.62806590752649,11.142380303821808],[-73.6647904487441,10.989925559134452],[-73.5986862745524,10.836231344978094],[-73.65132478363097,10.823836650288065],[-73.76517086140555,10.875894367986186],[-73.85575806307565,10.864739142765162],[-73.88024109055405,10.893246940552228],[-73.87044787956269,10.989925559134452],[-73.98551810871119,11.017193887452516],[-74.1067090947293,11.076688421964654],[-74.21443441563427,11.075448952495652],[-74.23769329173875,11.221706349837993],[-74.14588193869474,11.335737540986257],[-74.0773294617552,11.317145498951215],[-73.97939735184158,11.339455949393265],[-73.85698221444957,11.273764067536113],[-73.66111799462233,11.252693086563063],[-73.57542739844793,11.26012990337708]]]}},{"type":"Feature","properties":{"dep":"47","muni":"245","name":"EL BANCO","dep_name":"MAGDALENA"},"geometry":{"type":"Polygon","coordinates":[[[-73.79944709987532,9.058832126427957],[-73.86799957681485,8.936124648996671],[-73.97817320046767,8.984463958287783],[-74.00388037932,9.03032432864089],[-74.10058833785969,9.019169103419864],[-74.17526157166883,9.088579393684027],[-74.09446758099008,9.160468622886194],[-74.08712267274656,9.216244748991324],[-73.98919056283295,9.351346921112638],[-73.94267281062399,9.289373447662493],[-73.96225923260671,9.187736951204258],[-73.89125845291933,9.174102787045225],[-73.86432712269308,9.112129313595082],[-73.79944709987532,9.058832126427957]]]}},{"type":"Feature","properties":{"dep":"70","muni":"001","name":"SINCELEJO","dep_name":"SUCRE"},"geometry":{"type":"Polygon","coordinates":[[[-75.3981887942151,9.395967821996742],[-75.33820537689301,9.314162837042552],[-75.3492227392583,9.226160504743346],[-75.45694806016327,9.237315729964372],[-75.47775863351991,9.247231485716396],[-75.49856920687655,9.285655039255484],[-75.49122429863304,9.33895222642261],[-75.54141450496377,9.393488883058737],[-75.52672468847672,9.426954558721814],[-75.48877599588519,9.388531005182724],[-75.3981887942151,9.395967821996742]]]}},{"type":"Feature","properties":{"dep":"70","muni":"110","name":"BUENAVISTA","dep_name":"SUCRE"},"geometry":{"type":"Polygon","coordinates":[[[-74.92199390976015,9.388531005182724],[-74.94158033174287,9.2918523866005],[-74.90852824464702,9.205089523770297],[-74.93668372624718,9.210047401646309],[-75.00768450593456,9.324078592794574],[-74.95749429960382,9.367460024209675],[-74.95994260235167,9.434391375535832],[-74.92199390976015,9.388531005182724]]]}},{"type":"Feature","properties":{"dep":"70","muni":"124","name":"CAIMITO","dep_name":"SUCRE"},"geometry":{"type":"Polygon","coordinates":[[[-75.1864106065269,8.91381419855462],[-75.10072001035249,8.876630114484533],[-75.01380526280415,8.804740885282365],[-75.03094338203904,8.653525610064014],[-75.07256452875232,8.713020144576152],[-75.21701439087491,8.7340911255492],[-75.24516987247507,8.849361786166469],[-75.20354872576179,8.915053668023623],[-75.1864106065269,8.91381419855462]]]}},{"type":"Feature","properties":{"dep":"70","muni":"204","name":"COLOSÓ","dep_name":"SUCRE"},"geometry":{"type":"Polygon","coordinates":[[[-75.37370576673669,9.628988082169284],[-75.35044689063221,9.536027871994067],[-75.28556686781444,9.503801665799992],[-75.28556686781444,9.500083257392983],[-75.30025668430149,9.472814929074922],[-75.36391255574533,9.444307131287854],[-75.39084388597158,9.469096520667913],[-75.40063709696294,9.628988082169284],[-75.37370576673669,9.628988082169284]]]}},{"type":"Feature","properties":{"dep":"70","muni":"215","name":"COROZAL","dep_name":"SUCRE"},"geometry":{"type":"Polygon","coordinates":[[[-75.23660081285763,9.340191695891612],[-75.27210120270132,9.268302466689445],[-75.2708770513274,9.210047401646309],[-75.20477287713571,9.211286871115313],[-75.14234115706579,9.15922915341719],[-75.12153058370913,9.099734618905051],[-75.22435929911843,9.105931966250067],[-75.27210120270132,9.138158172444141],[-75.3492227392583,9.226160504743346],[-75.33820537689301,9.314162837042552],[-75.28556686781444,9.35258639058164],[-75.23660081285763,9.340191695891612]]]}},{"type":"Feature","properties":{"dep":"70","muni":"221","name":"COVEÑAS","dep_name":"SUCRE"},"geometry":{"type":"Polygon","coordinates":[[[-75.61731189014682,9.405883577748765],[-75.64913982586874,9.362502146333664],[-75.70422663769516,9.372417902085687],[-75.70055418357339,9.412080925093779],[-75.60751867915546,9.469096520667913],[-75.61731189014682,9.405883577748765]]]}},{"type":"Feature","properties":{"dep":"70","muni":"230","name":"CHALÁN","dep_name":"SUCRE"},"geometry":{"type":"Polygon","coordinates":[[[-75.32718801452774,9.616593387479256],[-75.28434271644052,9.576930364471163],[-75.28556686781444,9.503801665799992],[-75.35044689063221,9.536027871994067],[-75.37370576673669,9.628988082169284],[-75.32718801452774,9.616593387479256]]]}},{"type":"Feature","properties":{"dep":"70","muni":"233","name":"EL ROBLE","dep_name":"SUCRE"},"geometry":{"type":"Polygon","coordinates":[[[-75.08235773974368,9.109650374657075],[-75.0284950792912,9.04767690120693],[-75.12765134057874,9.010492817136845],[-75.20844533125747,9.0340427370479],[-75.22435929911843,9.073705760055992],[-75.27210120270132,9.138158172444141],[-75.22435929911843,9.105931966250067],[-75.12153058370913,9.099734618905051],[-75.14234115706579,9.15922915341719],[-75.08235773974368,9.109650374657075]]]}},{"type":"Feature","properties":{"dep":"70","muni":"235","name":"GALERAS","dep_name":"SUCRE"},"geometry":{"type":"Polygon","coordinates":[[[-74.90852824464702,9.205089523770297],[-74.84364822182926,9.107171435719069],[-74.91097654739487,9.108410905188073],[-75.0284950792912,9.04767690120693],[-75.08235773974368,9.109650374657075],[-75.07501283150017,9.201371115363289],[-74.93668372624718,9.210047401646309],[-74.90852824464702,9.205089523770297]]]}},{"type":"Feature","properties":{"dep":"70","muni":"265","name":"GUARANDA","dep_name":"SUCRE"},"geometry":{"type":"Polygon","coordinates":[[[-74.53883452972312,8.427942166705488],[-74.64900815337595,8.313910975557222],[-74.78121650175932,8.277966360956139],[-74.83997576770749,8.394476491042411],[-74.6649221212369,8.38208179635238],[-74.6465598506281,8.442815800333523],[-74.56943831407112,8.50974715165968],[-74.53883452972312,8.427942166705488]]]}},{"type":"Feature","properties":{"dep":"70","muni":"400","name":"LA UNIÓN","dep_name":"SUCRE"},"geometry":{"type":"Polygon","coordinates":[[[-75.20354872576179,8.915053668023623],[-75.24516987247507,8.849361786166469],[-75.21701439087491,8.7340911255492],[-75.33575707414516,8.71178067510715],[-75.36391255574533,8.829530274662423],[-75.2586355375882,8.895222156519576],[-75.20354872576179,8.915053668023623]]]}},{"type":"Feature","properties":{"dep":"70","muni":"418","name":"LOS PALMITOS","dep_name":"SUCRE"},"geometry":{"type":"Polygon","coordinates":[[[-75.11051322134385,9.440588722880845],[-75.1129615240917,9.400925699872753],[-75.14723776256146,9.400925699872753],[-75.23660081285763,9.340191695891612],[-75.28556686781444,9.35258639058164],[-75.25985968896212,9.410841455624777],[-75.30025668430149,9.472814929074922],[-75.28556686781444,9.500083257392983],[-75.11051322134385,9.440588722880845]]]}},{"type":"Feature","properties":{"dep":"70","muni":"429","name":"MAJAGUAL","dep_name":"SUCRE"},"geometry":{"type":"Polygon","coordinates":[[[-74.60861115803657,8.730372717142192],[-74.56331755720153,8.571720625109823],[-74.56943831407112,8.50974715165968],[-74.6465598506281,8.442815800333523],[-74.6649221212369,8.38208179635238],[-74.83997576770749,8.394476491042411],[-74.89873503365565,8.446534208740532],[-74.84609652457709,8.530818132632728],[-74.78733725862892,8.613862587055921],[-74.74816441466348,8.621299403869939],[-74.7187847816894,8.719217491921166],[-74.60861115803657,8.730372717142192]]]}},{"type":"Feature","properties":{"dep":"70","muni":"508","name":"OVEJAS","dep_name":"SUCRE"},"geometry":{"type":"Polygon","coordinates":[[[-75.01258111143024,9.528591055180051],[-75.03583998753473,9.474054398543924],[-75.11051322134385,9.440588722880845],[-75.28556686781444,9.500083257392983],[-75.28556686781444,9.503801665799992],[-75.28434271644052,9.576930364471163],[-75.32718801452774,9.616593387479256],[-75.27944611094485,9.686003677743416],[-75.13254794607442,9.595522406506205],[-75.07746113424801,9.53230946358706],[-75.01258111143024,9.528591055180051]]]}},{"type":"Feature","properties":{"dep":"70","muni":"523","name":"PALMITO","dep_name":"SUCRE"},"geometry":{"type":"Polygon","coordinates":[[[-75.54141450496377,9.393488883058737],[-75.49122429863304,9.33895222642261],[-75.49856920687655,9.285655039255484],[-75.58425980305097,9.273260344565456],[-75.6283292525121,9.35258639058164],[-75.64913982586874,9.362502146333664],[-75.61731189014682,9.405883577748765],[-75.54141450496377,9.393488883058737]]]}},{"type":"Feature","properties":{"dep":"70","muni":"670","name":"SAMPUÉS","dep_name":"SUCRE"},"geometry":{"type":"Polygon","coordinates":[[[-75.3492227392583,9.226160504743346],[-75.27210120270132,9.138158172444141],[-75.22435929911843,9.073705760055992],[-75.28067026231876,9.07246629058699],[-75.3920680373455,9.15922915341719],[-75.44837900054583,9.140637111382148],[-75.45694806016327,9.237315729964372],[-75.3492227392583,9.226160504743346]]]}},{"type":"Feature","properties":{"dep":"70","muni":"678","name":"SAN BENITO ABAD","dep_name":"SUCRE"},"geometry":{"type":"Polygon","coordinates":[[[-74.84364822182926,9.107171435719069],[-74.77509574488973,9.037761145454908],[-74.83752746495965,8.974548202535761],[-74.86935540068157,8.900180034395587],[-74.87547615755118,8.787388312716326],[-74.84976897869885,8.675836060506066],[-74.91709730426446,8.629975690152959],[-74.84609652457709,8.530818132632728],[-74.89873503365565,8.446534208740532],[-74.9256663638819,8.499831395907655],[-75.00278790043888,8.522141846349708],[-74.98075317570832,8.598988953427886],[-75.03094338203904,8.653525610064014],[-75.01380526280415,8.804740885282365],[-75.10072001035249,8.876630114484533],[-75.1864106065269,8.91381419855462],[-75.1680483359181,8.952237752093708],[-75.20844533125747,9.0340427370479],[-75.12765134057874,9.010492817136845],[-75.0284950792912,9.04767690120693],[-74.91097654739487,9.108410905188073],[-74.84364822182926,9.107171435719069]]]}},{"type":"Feature","properties":{"dep":"70","muni":"702","name":"SAN JUAN DE BETULIA","dep_name":"SUCRE"},"geometry":{"type":"Polygon","coordinates":[[[-75.20477287713571,9.211286871115313],[-75.2708770513274,9.210047401646309],[-75.27210120270132,9.268302466689445],[-75.23660081285763,9.340191695891612],[-75.14723776256146,9.400925699872753],[-75.20477287713571,9.211286871115313]]]}},{"type":"Feature","properties":{"dep":"70","muni":"708","name":"SAN MARCOS","dep_name":"SUCRE"},"geometry":{"type":"Polygon","coordinates":[[[-75.21701439087491,8.7340911255492],[-75.07256452875232,8.713020144576152],[-75.03094338203904,8.653525610064014],[-74.98075317570832,8.598988953427886],[-75.00278790043888,8.522141846349708],[-75.04196074440432,8.457689433961557],[-75.12765134057874,8.468844659182583],[-75.18518645515299,8.396955429980416],[-75.21334193675315,8.473802537058596],[-75.26720459720563,8.487436701217627],[-75.31861895491029,8.58783372820686],[-75.35167104200613,8.658483487940025],[-75.33575707414516,8.71178067510715],[-75.21701439087491,8.7340911255492]]]}},{"type":"Feature","properties":{"dep":"70","muni":"713","name":"SAN ONOFRE","dep_name":"SUCRE"},"geometry":{"type":"Polygon","coordinates":[[[-75.48755184451127,10.036773537471234],[-75.46674127115463,9.909108182163937],[-75.39329218871941,9.88060038437687],[-75.33820537689301,9.828542666678748],[-75.37125746398885,9.710793067123475],[-75.37370576673669,9.628988082169284],[-75.40063709696294,9.628988082169284],[-75.45694806016327,9.635185429514298],[-75.47286202802424,9.668651105177377],[-75.57813904618138,9.637664368452304],[-75.64424322037306,9.756653437476581],[-75.58181150030313,9.951250144110034],[-75.57324244068569,10.086352316231348],[-75.49734505550263,10.145846850743487],[-75.54508695908552,10.046689293223256],[-75.48755184451127,10.036773537471234]]]}},{"type":"Feature","properties":{"dep":"70","muni":"717","name":"SAN PEDRO","dep_name":"SUCRE"},"geometry":{"type":"Polygon","coordinates":[[[-75.03583998753473,9.474054398543924],[-74.95994260235167,9.434391375535832],[-74.95749429960382,9.367460024209675],[-75.00768450593456,9.324078592794574],[-75.08970264798721,9.341431165360614],[-75.1129615240917,9.400925699872753],[-75.11051322134385,9.440588722880845],[-75.03583998753473,9.474054398543924]]]}},{"type":"Feature","properties":{"dep":"70","muni":"742","name":"SAN LUIS DE SINCÉ","dep_name":"SUCRE"},"geometry":{"type":"Polygon","coordinates":[[[-75.1129615240917,9.400925699872753],[-75.08970264798721,9.341431165360614],[-75.00768450593456,9.324078592794574],[-74.93668372624718,9.210047401646309],[-75.07501283150017,9.201371115363289],[-75.08235773974368,9.109650374657075],[-75.14234115706579,9.15922915341719],[-75.20477287713571,9.211286871115313],[-75.14723776256146,9.400925699872753],[-75.1129615240917,9.400925699872753]]]}},{"type":"Feature","properties":{"dep":"70","muni":"771","name":"SUCRE","dep_name":"SUCRE"},"geometry":{"type":"Polygon","coordinates":[[[-74.56454170857545,8.83696709147644],[-74.60861115803657,8.730372717142192],[-74.7187847816894,8.719217491921166],[-74.74816441466348,8.621299403869939],[-74.78733725862892,8.613862587055921],[-74.84609652457709,8.530818132632728],[-74.91709730426446,8.629975690152959],[-74.84976897869885,8.675836060506066],[-74.87547615755118,8.787388312716326],[-74.86935540068157,8.900180034395587],[-74.83752746495965,8.974548202535761],[-74.77509574488973,9.037761145454908],[-74.63921494238457,8.977027141473766],[-74.56454170857545,8.83696709147644]]]}},{"type":"Feature","properties":{"dep":"70","muni":"820","name":"SANTIAGO DE TOLÚ","dep_name":"SUCRE"},"geometry":{"type":"Polygon","coordinates":[[[-75.45694806016327,9.635185429514298],[-75.47408617939816,9.536027871994067],[-75.52672468847672,9.426954558721814],[-75.54141450496377,9.393488883058737],[-75.61731189014682,9.405883577748765],[-75.60751867915546,9.469096520667913],[-75.57324244068569,9.568254078188144],[-75.57813904618138,9.637664368452304],[-75.47286202802424,9.668651105177377],[-75.45694806016327,9.635185429514298]]]}},{"type":"Feature","properties":{"dep":"70","muni":"823","name":"SAN JOSÉ DE TOLUVIEJO","dep_name":"SUCRE"},"geometry":{"type":"Polygon","coordinates":[[[-75.40063709696294,9.628988082169284],[-75.39084388597158,9.469096520667913],[-75.36391255574533,9.444307131287854],[-75.3981887942151,9.395967821996742],[-75.48877599588519,9.388531005182724],[-75.52672468847672,9.426954558721814],[-75.47408617939816,9.536027871994067],[-75.45694806016327,9.635185429514298],[-75.40063709696294,9.628988082169284]]]}},{"type":"Feature","properties":{"dep":"70","muni":"473","name":"MORROA","dep_name":"SUCRE"},"geometry":{"type":"Polygon","coordinates":[[[-75.30025668430149,9.472814929074922],[-75.25985968896212,9.410841455624777],[-75.28556686781444,9.35258639058164],[-75.33820537689301,9.314162837042552],[-75.3981887942151,9.395967821996742],[-75.36391255574533,9.444307131287854],[-75.30025668430149,9.472814929074922]]]}},{"type":"Feature","properties":{"dep":"88","muni":"001","name":"SAN ANDRÉS","dep_name":"ARCHIPIÉLAGO DE SAN ANDRÉS, PROVIDENCIA Y SANTA CATALINA"},"geometry":{"type":"Polygon","coordinates":[[[-81.70379252127806,12.59503852149319],[-81.70379252127806,12.542980803795068],[-81.73562045699998,12.530586109105037],[-81.72215479188687,12.577685948927147],[-81.70379252127806,12.59503852149319]]]}},{"type":"Feature","properties":{"dep":"88","muni":"564","name":"PROVIDENCIA","dep_name":"ARCHIPIÉLAGO DE SAN ANDRÉS, PROVIDENCIA Y SANTA CATALINA"},"geometry":{"type":"Polygon","coordinates":[[[-81.36470259070217,13.385820042717029],[-81.35980598520648,13.335001794487912],[-81.39285807230233,13.356072775460959],[-81.36470259070217,13.385820042717029]]]}},{"type":"Feature","properties":{"dep":"81","muni":"001","name":"ARAUCA","dep_name":"ARAUCA"},"geometry":{"type":"Polygon","coordinates":[[[-69.76219586868649,6.53031440966207],[-69.84298985936523,6.496848733998993],[-69.96050839126157,6.563780085325149],[-70.25430472100241,6.599724699926233],[-70.28123605122866,6.6319509061203075],[-70.40977194549028,6.6468245397483425],[-70.65460222027433,6.4844540393089645],[-70.72805130270953,6.587330005236204],[-70.81741435300572,6.5798931884221865],[-70.88474267857131,6.623274619837288],[-70.95819176100653,6.65426135656236],[-71.03898575168526,6.83522389903678],[-71.17119410006865,6.871168513637864],[-71.089175958016,6.983960235317127],[-70.99491630222414,6.982720765848123],[-70.84801813735372,7.074441506554338],[-70.69744751836153,7.094273018058384],[-70.60808446806536,7.064525750802314],[-70.54810105074327,7.074441506554338],[-70.50280744990822,7.006270685759178],[-70.43058251884693,7.007510155228182],[-70.32285719794194,6.934381456557011],[-70.22492508802833,6.975283949034107],[-70.11719976712335,6.979002357441116],[-69.76219586868649,6.53031440966207]]]}},{"type":"Feature","properties":{"dep":"81","muni":"591","name":"PUERTO RONDÓN","dep_name":"ARAUCA"},"geometry":{"type":"Polygon","coordinates":[[[-70.65460222027433,6.4844540393089645],[-70.71948224309209,6.220447042411349],[-70.7868105686577,6.251433779136422],[-70.98389893985886,6.229123328694369],[-71.09652086625951,6.277462637985483],[-71.14181446709456,6.265067943295453],[-71.22505676052114,6.294815210551523],[-71.2776952695997,6.303491496834543],[-71.26790205860834,6.505525020282013],[-71.33890283829571,6.5699774326701625],[-71.25566054486914,6.573695841077171],[-71.18465976518178,6.5414696348830965],[-70.90677740330189,6.552624860104123],[-70.88474267857131,6.623274619837288],[-70.81741435300572,6.5798931884221865],[-70.72805130270953,6.587330005236204],[-70.65460222027433,6.4844540393089645]]]}},{"type":"Feature","properties":{"dep":"81","muni":"220","name":"CRAVO NORTE","dep_name":"ARAUCA"},"geometry":{"type":"Polygon","coordinates":[[[-69.76219586868649,6.53031440966207],[-69.42800254360628,6.107655320732087],[-69.53572786451126,6.0456818472819425],[-69.61407355244215,6.03576609152992],[-69.83564495112171,6.040723969405931],[-69.89195591432204,6.054358133564962],[-69.89930082256556,6.096500095511061],[-69.98254311599213,6.158473568961206],[-70.03028501957502,6.162191977368215],[-70.12087222124512,6.257631126481437],[-70.19921790917601,6.294815210551523],[-70.31306398695058,6.279941576923488],[-70.3803923125162,6.30225202736554],[-70.53096293150838,6.230362798163373],[-70.55667011036071,6.245236431791406],[-70.71948224309209,6.220447042411349],[-70.65460222027433,6.4844540393089645],[-70.40977194549028,6.6468245397483425],[-70.28123605122866,6.6319509061203075],[-70.25430472100241,6.599724699926233],[-69.96050839126157,6.563780085325149],[-69.84298985936523,6.496848733998993],[-69.76219586868649,6.53031440966207]]]}},{"type":"Feature","properties":{"dep":"81","muni":"065","name":"ARAUQUITA","dep_name":"ARAUCA"},"geometry":{"type":"Polygon","coordinates":[[[-71.089175958016,6.983960235317127],[-71.17119410006865,6.871168513637864],[-71.03898575168526,6.83522389903678],[-70.95819176100653,6.65426135656236],[-70.88474267857131,6.623274619837288],[-70.90677740330189,6.552624860104123],[-71.18465976518178,6.5414696348830965],[-71.25566054486914,6.573695841077171],[-71.33890283829571,6.5699774326701625],[-71.45397306744421,6.6753323375354086],[-71.6706478606281,6.8748869220448725],[-71.69268258535865,7.037257422484251],[-71.5739399020884,7.026102197263224],[-71.42459343447013,7.038496891953255],[-71.37929983363509,7.017425910980204],[-71.12834880198145,7.0322995446082395],[-71.089175958016,6.983960235317127]]]}},{"type":"Feature","properties":{"dep":"81","muni":"300","name":"FORTUL","dep_name":"ARAUCA"},"geometry":{"type":"Polygon","coordinates":[[[-71.45397306744421,6.6753323375354086],[-71.50416327377494,6.682769154349426],[-71.58495726445368,6.636908783996319],[-71.66819955788026,6.649303478686347],[-71.72818297520234,6.70136119638447],[-71.88609850243805,6.684008623818428],[-71.9803581582299,6.555103799042129],[-72.05992799753471,6.519159184441046],[-72.12848047447424,6.524117062317057],[-72.09175593325664,6.648064009217345],[-72.10032499287408,6.745982097268573],[-71.75878675955035,6.810434509656723],[-71.6706478606281,6.8748869220448725],[-71.45397306744421,6.6753323375354086]]]}},{"type":"Feature","properties":{"dep":"81","muni":"736","name":"SARAVENA","dep_name":"ARAUCA"},"geometry":{"type":"Polygon","coordinates":[[[-71.69268258535865,7.037257422484251],[-71.6706478606281,6.8748869220448725],[-71.75878675955035,6.810434509656723],[-72.10032499287408,6.745982097268573],[-72.05135893791727,6.768292547710624],[-71.97790985548207,6.9653681932820835],[-71.94853022250797,7.011228563635191],[-71.8346841447334,7.026102197263224],[-71.74654524581115,7.065765220271317],[-71.69268258535865,7.037257422484251]]]}},{"type":"Feature","properties":{"dep":"81","muni":"794","name":"TAME","dep_name":"ARAUCA"},"geometry":{"type":"Polygon","coordinates":[[[-71.45397306744421,6.6753323375354086],[-71.33890283829571,6.5699774326701625],[-71.26790205860834,6.505525020282013],[-71.2776952695997,6.303491496834543],[-71.22505676052114,6.294815210551523],[-71.34502359516532,6.2316022676323755],[-71.41724852622662,6.242757492853402],[-71.48824930591398,6.201855000376307],[-71.53354290674903,6.214249695066336],[-71.66697540650632,6.191939244624283],[-71.77714903015915,6.1931787140932855],[-71.87997774556844,6.159713038430208],[-71.96077173624718,6.167149855244226],[-72.06115214890863,6.11757107648411],[-72.1382736854656,6.066752828254991],[-72.27293033659683,6.131205240643142],[-72.29251675857955,6.204333939314312],[-72.3439311162842,6.226644389756364],[-72.36718999238869,6.307209905241551],[-72.33903451078852,6.345633458780641],[-72.31455148331011,6.35802815347067],[-72.26068882285763,6.442312077362866],[-72.12848047447424,6.524117062317057],[-72.05992799753471,6.519159184441046],[-71.9803581582299,6.555103799042129],[-71.88609850243805,6.684008623818428],[-71.72818297520234,6.70136119638447],[-71.66819955788026,6.649303478686347],[-71.58495726445368,6.636908783996319],[-71.50416327377494,6.682769154349426],[-71.45397306744421,6.6753323375354086]]]}},{"type":"Feature","properties":{"dep":"15","muni":"001","name":"TUNJA","dep_name":"BOYACÁ"},"geometry":{"type":"Polygon","coordinates":[[[-73.34161448602916,5.58459920481287],[-73.32692466954212,5.5796413269368585],[-73.3073382475594,5.569725571184835],[-73.30856239893332,5.543696712335775],[-73.36120090801188,5.4742864220716125],[-73.4162877198383,5.448257563222551],[-73.4468915041863,5.469328544195601],[-73.43220168769926,5.485441647292639],[-73.4224084767079,5.561049284901815],[-73.41139111434262,5.567246632246828],[-73.34161448602916,5.58459920481287]]]}},{"type":"Feature","properties":{"dep":"15","muni":"022","name":"ALMEIDA","dep_name":"BOYACÁ"},"geometry":{"type":"Polygon","coordinates":[[[-73.36487336213365,5.014443249071542],[-73.37589072449893,4.928919855710342],[-73.43709829319494,4.906609405268291],[-73.43954659594277,4.907848874737294],[-73.37711487587285,5.015682718540544],[-73.36487336213365,5.014443249071542]]]}},{"type":"Feature","properties":{"dep":"15","muni":"047","name":"AQUITANIA","dep_name":"BOYACÁ"},"geometry":{"type":"Polygon","coordinates":[[[-72.71362483120811,5.625501697289964],[-72.66710707899914,5.4358628685325225],[-72.7381078586865,5.470568013664604],[-72.81155694112172,5.377607803489388],[-72.88010941806125,5.3503394751713245],[-72.89724753729612,5.2598582039341135],[-72.9376445326355,5.204082077828984],[-73.00986946369679,5.213997833581006],[-73.04169739941871,5.3119159216322345],[-73.04292155079264,5.360255230923347],[-73.0159902205664,5.385044620303406],[-72.92540301889629,5.567246632246828],[-72.8960233859222,5.613107002599936],[-72.81155694112172,5.58459920481287],[-72.77115994578236,5.644093739325008],[-72.71362483120811,5.625501697289964]]]}},{"type":"Feature","properties":{"dep":"15","muni":"051","name":"ARCABUCO","dep_name":"BOYACÁ"},"geometry":{"type":"Polygon","coordinates":[[[-73.47137453166471,5.821337873392421],[-73.38201148136854,5.760603869411279],[-73.36364921075973,5.663925250829054],[-73.38201148136854,5.672601537112074],[-73.42363262808182,5.707306682244155],[-73.5068749215084,5.724659254810195],[-73.50075416463879,5.7791959114463225],[-73.47137453166471,5.821337873392421]]]}},{"type":"Feature","properties":{"dep":"15","muni":"087","name":"BELÉN","dep_name":"BOYACÁ"},"geometry":{"type":"Polygon","coordinates":[[[-72.81278109249564,6.023371396839892],[-72.81767769799131,5.977511026486784],[-72.91438565653101,5.945284820292709],[-72.96947246835742,6.019652988432883],[-72.92295471614845,6.097739564980063],[-72.86174714745245,6.013455641087868],[-72.81278109249564,6.023371396839892]]]}},{"type":"Feature","properties":{"dep":"15","muni":"090","name":"BERBEO","dep_name":"BOYACÁ"},"geometry":{"type":"Polygon","coordinates":[[[-73.07230118376673,5.169376932696903],[-73.0894393030016,5.160700646413883],[-73.14819856894977,5.228871467209041],[-73.06373212414928,5.300760696411208],[-73.10168081674081,5.210279425173997],[-73.07230118376673,5.169376932696903]]]}},{"type":"Feature","properties":{"dep":"15","muni":"092","name":"BETÉITIVA","dep_name":"BOYACÁ"},"geometry":{"type":"Polygon","coordinates":[[[-72.77972900539979,5.953961106575729],[-72.82624675760876,5.878353468966553],[-72.85807469333068,5.865958774276525],[-72.87276450981773,5.8746350605595445],[-72.92540301889629,5.929171717195672],[-72.91438565653101,5.945284820292709],[-72.81767769799131,5.977511026486784],[-72.77972900539979,5.953961106575729]]]}},{"type":"Feature","properties":{"dep":"15","muni":"097","name":"BOAVITA","dep_name":"BOYACÁ"},"geometry":{"type":"Polygon","coordinates":[[[-72.64874480839033,6.436114730017852],[-72.623037629538,6.441072607893863],[-72.57529572595512,6.350591336656652],[-72.6352791432772,6.220447042411349],[-72.64139990014681,6.278702107454485],[-72.65486556525993,6.377859664974716],[-72.66098632212953,6.443551546831868],[-72.64874480839033,6.436114730017852]]]}},{"type":"Feature","properties":{"dep":"15","muni":"104","name":"BOYACÁ","dep_name":"BOYACÁ"},"geometry":{"type":"Polygon","coordinates":[[[-73.33426957778565,5.440820746408535],[-73.35263184839445,5.432144460125514],[-73.42608093082966,5.408594540214459],[-73.4407707473167,5.414791887559474],[-73.4162877198383,5.448257563222551],[-73.36120090801188,5.4742864220716125],[-73.33426957778565,5.440820746408535]]]}},{"type":"Feature","properties":{"dep":"15","muni":"106","name":"BRICEÑO","dep_name":"BOYACÁ"},"geometry":{"type":"Polygon","coordinates":[[[-73.88024109055405,5.707306682244155],[-73.88636184742366,5.689954109678114],[-73.86432712269308,5.637896391979993],[-73.89737920978894,5.619304349944951],[-73.94512111337183,5.693672518085123],[-73.89982751253677,5.737053949500224],[-73.88024109055405,5.707306682244155]]]}},{"type":"Feature","properties":{"dep":"15","muni":"109","name":"BUENAVISTA","dep_name":"BOYACÁ"},"geometry":{"type":"Polygon","coordinates":[[[-73.91084487490205,5.523865200831729],[-73.90227581528461,5.466849605257595],[-73.94756941611966,5.423468173842494],[-74.01489774168527,5.478004830478621],[-73.99041471420688,5.525104670300731],[-73.91084487490205,5.549894059680788],[-73.91084487490205,5.523865200831729]]]}},{"type":"Feature","properties":{"dep":"15","muni":"114","name":"BUSBANZÁ","dep_name":"BOYACÁ"},"geometry":{"type":"Polygon","coordinates":[[[-72.85807469333068,5.865958774276525],[-72.8960233859222,5.8126615871094],[-72.87276450981773,5.8746350605595445],[-72.85807469333068,5.865958774276525]]]}},{"type":"Feature","properties":{"dep":"15","muni":"131","name":"CALDAS","dep_name":"BOYACÁ"},"geometry":{"type":"Polygon","coordinates":[[[-73.86432712269308,5.637896391979993],[-73.84841315483213,5.54617565127378],[-73.91084487490205,5.523865200831729],[-73.91084487490205,5.549894059680788],[-73.9255346913891,5.573443979591843],[-73.89737920978894,5.619304349944951],[-73.86432712269308,5.637896391979993]]]}},{"type":"Feature","properties":{"dep":"15","muni":"135","name":"CAMPOHERMOSO","dep_name":"BOYACÁ"},"geometry":{"type":"Polygon","coordinates":[[[-73.02945588567951,4.992132798629489],[-73.06128382140145,4.988414390222481],[-73.17512989917601,4.896693649516267],[-73.2228718027589,4.973540756594447],[-73.24857898161123,5.068979905707669],[-73.15309517444545,5.075177253052683],[-73.11269817910609,5.1123613371227705],[-73.02945588567951,4.992132798629489]]]}},{"type":"Feature","properties":{"dep":"15","muni":"162","name":"CERINZA","dep_name":"BOYACÁ"},"geometry":{"type":"Polygon","coordinates":[[[-72.91438565653101,5.945284820292709],[-72.92540301889629,5.929171717195672],[-72.92785132164414,5.924213839319659],[-73.0110936150707,5.962637392858749],[-72.96947246835742,6.019652988432883],[-72.91438565653101,5.945284820292709]]]}},{"type":"Feature","properties":{"dep":"15","muni":"172","name":"CHINAVITA","dep_name":"BOYACÁ"},"geometry":{"type":"Polygon","coordinates":[[[-73.32937297228996,5.261097673403116],[-73.28285522008099,5.2065610167669885],[-73.2950967338202,5.197884730483969],[-73.26816540359395,5.155742768537872],[-73.36364921075973,5.137150726502828],[-73.3918046923599,5.216476772519012],[-73.40159790335126,5.242505631368074],[-73.32937297228996,5.261097673403116]]]}},{"type":"Feature","properties":{"dep":"15","muni":"176","name":"CHIQUINQUIRÁ","dep_name":"BOYACÁ"},"geometry":{"type":"Polygon","coordinates":[[[-73.68560102210074,5.629220105696973],[-73.71620480644874,5.590796552157883],[-73.78965388888396,5.552372998618795],[-73.84841315483213,5.54617565127378],[-73.86432712269308,5.637896391979993],[-73.88636184742366,5.689954109678114],[-73.7798606778926,5.634177983572984],[-73.68560102210074,5.629220105696973]]]}},{"type":"Feature","properties":{"dep":"15","muni":"183","name":"CHITA","dep_name":"BOYACÁ"},"geometry":{"type":"Polygon","coordinates":[[[-72.39656962536277,6.27250476010947],[-72.41248359322373,6.188220836217274],[-72.362293386893,6.075429114538013],[-72.32067224017972,6.087823809228041],[-72.34270696491028,6.001060946397839],[-72.34025866216244,5.891987633125584],[-72.4161560473455,5.904382327815613],[-72.45043228581525,5.957679514982738],[-72.52755382237223,6.009737232680859],[-72.54224363885928,6.069231767192997],[-72.51653646000695,6.148557813209182],[-72.55203684985064,6.177065610996248],[-72.4957258866503,6.287378393737505],[-72.39656962536277,6.27250476010947]]]}},{"type":"Feature","properties":{"dep":"15","muni":"185","name":"CHITARAQUE","dep_name":"BOYACÁ"},"geometry":{"type":"Polygon","coordinates":[[[-73.4040462060991,6.055597603033966],[-73.37099411900326,6.00601882427385],[-73.40159790335126,5.901903388877608],[-73.43342583907318,5.8981849804705995],[-73.4958575591431,5.987426782238806],[-73.48606434815174,6.001060946397839],[-73.45423641242982,6.079147522945021],[-73.4040462060991,6.055597603033966]]]}},{"type":"Feature","properties":{"dep":"15","muni":"187","name":"CHIVATÁ","dep_name":"BOYACÁ"},"geometry":{"type":"Polygon","coordinates":[[[-73.21307859176754,5.626741166758967],[-73.22776840825459,5.553612468087797],[-73.28530352282884,5.523865200831729],[-73.30856239893332,5.543696712335775],[-73.3073382475594,5.569725571184835],[-73.23144086237635,5.626741166758967],[-73.21307859176754,5.626741166758967]]]}},{"type":"Feature","properties":{"dep":"15","muni":"189","name":"CIÉNEGA","dep_name":"BOYACÁ"},"geometry":{"type":"Polygon","coordinates":[[[-73.22164765138498,5.4073550707454565],[-73.28530352282884,5.34910000570232],[-73.31468315580292,5.44329968534654],[-73.31468315580292,5.449497032691555],[-73.22164765138498,5.4073550707454565]]]}},{"type":"Feature","properties":{"dep":"15","muni":"204","name":"CÓMBITA","dep_name":"BOYACÁ"},"geometry":{"type":"Polygon","coordinates":[[[-73.26449294947219,5.703588273837147],[-73.26694125222004,5.663925250829054],[-73.32692466954212,5.5796413269368585],[-73.34161448602916,5.58459920481287],[-73.36364921075973,5.663925250829054],[-73.38201148136854,5.760603869411279],[-73.35752845389013,5.806464239764386],[-73.3012174906898,5.70978562118216],[-73.26449294947219,5.703588273837147]]]}},{"type":"Feature","properties":{"dep":"15","muni":"212","name":"COPER","dep_name":"BOYACÁ"},"geometry":{"type":"Polygon","coordinates":[[[-73.99041471420688,5.525104670300731],[-74.01489774168527,5.478004830478621],[-73.94756941611966,5.423468173842494],[-73.9989837738243,5.367692047737364],[-74.09446758099008,5.4358628685325225],[-74.09691588373792,5.470568013664604],[-74.0467256774072,5.500315280920674],[-73.99041471420688,5.525104670300731]]]}},{"type":"Feature","properties":{"dep":"15","muni":"215","name":"CORRALES","dep_name":"BOYACÁ"},"geometry":{"type":"Polygon","coordinates":[[[-72.79809127600859,5.853564079586496],[-72.83236751447836,5.797787953481366],[-72.87521281256556,5.770519625163303],[-72.8960233859222,5.79530901454336],[-72.8960233859222,5.8126615871094],[-72.85807469333068,5.865958774276525],[-72.82624675760876,5.878353468966553],[-72.79809127600859,5.853564079586496]]]}},{"type":"Feature","properties":{"dep":"15","muni":"377","name":"LABRANZAGRANDE","dep_name":"BOYACÁ"},"geometry":{"type":"Polygon","coordinates":[[[-72.51408815725911,5.608149124723925],[-72.44431152894566,5.52014679242472],[-72.50184664351991,5.444539154815544],[-72.58386478557256,5.382565681365399],[-72.66710707899914,5.4358628685325225],[-72.71362483120811,5.625501697289964],[-72.66098632212953,5.666404189767059],[-72.62426178091192,5.629220105696973],[-72.57039912045944,5.70978562118216],[-72.51408815725911,5.608149124723925]]]}},{"type":"Feature","properties":{"dep":"15","muni":"380","name":"LA CAPILLA","dep_name":"BOYACÁ"},"geometry":{"type":"Polygon","coordinates":[[[-73.41996017396005,5.122277092874793],[-73.47994359128215,5.061543088893652],[-73.47994359128215,5.062782558362654],[-73.49218510502135,5.128474440219808],[-73.4774952885343,5.148305951723854],[-73.43709829319494,5.15946117694488],[-73.41996017396005,5.122277092874793]]]}},{"type":"Feature","properties":{"dep":"15","muni":"401","name":"LA VICTORIA","dep_name":"BOYACÁ"},"geometry":{"type":"Polygon","coordinates":[[[-74.21565856700819,5.4978363419826675],[-74.25483141097364,5.4978363419826675],[-74.24014159448659,5.538738834459762],[-74.21565856700819,5.4978363419826675]]]}},{"type":"Feature","properties":{"dep":"15","muni":"403","name":"LA UVITA","dep_name":"BOYACÁ"},"geometry":{"type":"Polygon","coordinates":[[[-72.51776061138087,6.34935186718765],[-72.4957258866503,6.287378393737505],[-72.55203684985064,6.177065610996248],[-72.63283084052937,6.204333939314312],[-72.6352791432772,6.220447042411349],[-72.57529572595512,6.350591336656652],[-72.51776061138087,6.34935186718765]]]}},{"type":"Feature","properties":{"dep":"15","muni":"542","name":"PESCA","dep_name":"BOYACÁ"},"geometry":{"type":"Polygon","coordinates":[[[-72.99885210133151,5.629220105696973],[-73.0037487068272,5.5932754910958895],[-73.06740457827104,5.444539154815544],[-73.05026645903615,5.373889395082379],[-73.1261638442192,5.357776291985342],[-73.14697441757585,5.48172323888563],[-73.13473290383665,5.505273158796685],[-73.07964609201024,5.618064880475947],[-73.07597363788848,5.627980636227971],[-72.99885210133151,5.629220105696973]]]}},{"type":"Feature","properties":{"dep":"15","muni":"550","name":"PISBA","dep_name":"BOYACÁ"},"geometry":{"type":"Polygon","coordinates":[[[-72.29741336407523,5.754406522066265],[-72.32924129979716,5.6887146402091116],[-72.44431152894566,5.686235701271105],[-72.51408815725911,5.608149124723925],[-72.57039912045944,5.70978562118216],[-72.58386478557256,5.770519625163303],[-72.52632967099831,5.789111667198345],[-72.46144964818055,5.847366732241481],[-72.30965487781444,5.794069545074358],[-72.29741336407523,5.754406522066265]]]}},{"type":"Feature","properties":{"dep":"15","muni":"572","name":"PUERTO BOYACÁ","dep_name":"BOYACÁ"},"geometry":{"type":"Polygon","coordinates":[[[-74.26584877333892,5.834972037551452],[-74.29645255768692,5.764322277818287],[-74.33440125027845,5.827535220737435],[-74.43233336019206,5.758124930473274],[-74.48619602064456,5.770519625163303],[-74.53026547010568,5.790351136667349],[-74.59269719017561,5.746969705252248],[-74.66124966711514,5.751927583128259],[-74.6649221212369,5.768040686225296],[-74.6404390937585,5.8597614269315095],[-74.58535228193209,5.925453308788663],[-74.56699001132328,6.058076541971971],[-74.61228361215834,6.1262473627671294],[-74.53393792422744,6.268786351702461],[-74.52659301598392,6.273744229578474],[-74.45191978217478,6.0989790344490675],[-74.37847069973958,6.039484499936929],[-74.28665934669556,6.08286593135203],[-74.22177932387778,5.96759527073476],[-74.26584877333892,5.834972037551452]]]}},{"type":"Feature","properties":{"dep":"15","muni":"580","name":"QUÍPAMA","dep_name":"BOYACÁ"},"geometry":{"type":"Polygon","coordinates":[[[-74.1617959065557,5.598233368971901],[-74.13364042495553,5.50775209773469],[-74.17526157166883,5.461891727381584],[-74.17770987441666,5.4594127884435775],[-74.21565856700819,5.4978363419826675],[-74.24014159448659,5.538738834459762],[-74.29155595219125,5.569725571184835],[-74.30624576867828,5.637896391979993],[-74.1617959065557,5.598233368971901]]]}},{"type":"Feature","properties":{"dep":"15","muni":"755","name":"SOCOTÁ","dep_name":"BOYACÁ"},"geometry":{"type":"Polygon","coordinates":[[[-72.54224363885928,6.069231767192997],[-72.52755382237223,6.009737232680859],[-72.45043228581525,5.957679514982738],[-72.4161560473455,5.904382327815613],[-72.46144964818055,5.847366732241481],[-72.52632967099831,5.789111667198345],[-72.58386478557256,5.770519625163303],[-72.62548593228584,5.776716972508316],[-72.63160668915545,5.828774690206437],[-72.65119311113817,5.906861266753619],[-72.63283084052937,5.981229434893793],[-72.65731386800778,6.063034419847984],[-72.65486556525993,6.08286593135203],[-72.65608971663386,6.116331607015107],[-72.56550251496375,6.118810545953114],[-72.54224363885928,6.069231767192997]]]}},{"type":"Feature","properties":{"dep":"15","muni":"757","name":"SOCHA","dep_name":"BOYACÁ"},"geometry":{"type":"Polygon","coordinates":[[[-72.65119311113817,5.906861266753619],[-72.6952625605993,5.870916652152536],[-72.74300446418218,5.987426782238806],[-72.7013833174689,6.018413518963879],[-72.65731386800778,6.063034419847984],[-72.63283084052937,5.981229434893793],[-72.65119311113817,5.906861266753619]]]}},{"type":"Feature","properties":{"dep":"15","muni":"759","name":"SOGAMOSO","dep_name":"BOYACÁ"},"geometry":{"type":"Polygon","coordinates":[[[-72.87154035844381,5.742011827376237],[-72.87031620706989,5.6887146402091116],[-72.79074636776508,5.658967372953043],[-72.77115994578236,5.644093739325008],[-72.81155694112172,5.58459920481287],[-72.8960233859222,5.613107002599936],[-72.92295471614845,5.620543819413953],[-72.96335171148782,5.649051617201019],[-72.94743774362686,5.714743499058173],[-72.94498944087901,5.745730235783244],[-72.88255772080909,5.768040686225296],[-72.87154035844381,5.742011827376237]]]}},{"type":"Feature","properties":{"dep":"15","muni":"761","name":"SOMONDOCO","dep_name":"BOYACÁ"},"geometry":{"type":"Polygon","coordinates":[[[-73.37711487587285,5.015682718540544],[-73.43954659594277,4.907848874737294],[-73.46647792616902,4.98345651234647],[-73.4468915041863,4.994611737567496],[-73.38813223823813,5.015682718540544],[-73.37711487587285,5.015682718540544]]]}},{"type":"Feature","properties":{"dep":"15","muni":"842","name":"ÚMBITA","dep_name":"BOYACÁ"},"geometry":{"type":"Polygon","coordinates":[[[-73.40159790335126,5.242505631368074],[-73.3918046923599,5.216476772519012],[-73.43709829319494,5.15946117694488],[-73.4774952885343,5.148305951723854],[-73.51421982975191,5.23258987561605],[-73.4774952885343,5.289605471190182],[-73.45178810968198,5.303239635349215],[-73.40159790335126,5.242505631368074]]]}},{"type":"Feature","properties":{"dep":"15","muni":"861","name":"VENTAQUEMADA","dep_name":"BOYACÁ"},"geometry":{"type":"Polygon","coordinates":[[[-73.4162877198383,5.448257563222551],[-73.4407707473167,5.414791887559474],[-73.4774952885343,5.370170986675371],[-73.54849606822168,5.299521226942206],[-73.59623797180457,5.3652131087993595],[-73.5986862745524,5.3788472729583905],[-73.5925655176828,5.398678784462437],[-73.4468915041863,5.469328544195601],[-73.4162877198383,5.448257563222551]]]}},{"type":"Feature","properties":{"dep":"15","muni":"879","name":"VIRACACHÁ","dep_name":"BOYACÁ"},"geometry":{"type":"Polygon","coordinates":[[[-73.21552689451538,5.440820746408535],[-73.22164765138498,5.4073550707454565],[-73.31468315580292,5.449497032691555],[-73.28652767420276,5.485441647292639],[-73.21552689451538,5.440820746408535]]]}},{"type":"Feature","properties":{"dep":"15","muni":"897","name":"ZETAQUIRA","dep_name":"BOYACÁ"},"geometry":{"type":"Polygon","coordinates":[[[-73.05026645903615,5.373889395082379],[-73.04292155079264,5.360255230923347],[-73.04169739941871,5.3119159216322345],[-73.06373212414928,5.300760696411208],[-73.14819856894977,5.228871467209041],[-73.19104386703698,5.240026692430067],[-73.2583721926026,5.18549003579394],[-73.2950967338202,5.197884730483969],[-73.28285522008099,5.2065610167669885],[-73.27306200908963,5.299521226942206],[-73.23388916512418,5.284647593314171],[-73.1261638442192,5.357776291985342],[-73.05026645903615,5.373889395082379]]]}},{"type":"Feature","properties":{"dep":"15","muni":"218","name":"COVARACHÍA","dep_name":"BOYACÁ"},"geometry":{"type":"Polygon","coordinates":[[[-72.74300446418218,6.566259024263154],[-72.67934859273834,6.48321456983996],[-72.7381078586865,6.439833138424861],[-72.73565955593867,6.490651386653978],[-72.81155694112172,6.542709104352099],[-72.76993579440843,6.5798931884221865],[-72.74300446418218,6.566259024263154]]]}},{"type":"Feature","properties":{"dep":"15","muni":"224","name":"CUCAITA","dep_name":"BOYACÁ"},"geometry":{"type":"Polygon","coordinates":[[[-73.4224084767079,5.561049284901815],[-73.43220168769926,5.485441647292639],[-73.49096095364743,5.548654590211786],[-73.4224084767079,5.561049284901815]]]}},{"type":"Feature","properties":{"dep":"15","muni":"226","name":"CUÍTIVA","dep_name":"BOYACÁ"},"geometry":{"type":"Polygon","coordinates":[[[-72.8960233859222,5.613107002599936],[-72.92540301889629,5.567246632246828],[-73.0037487068272,5.5932754910958895],[-72.92295471614845,5.620543819413953],[-72.8960233859222,5.613107002599936]]]}},{"type":"Feature","properties":{"dep":"15","muni":"232","name":"CHÍQUIZA","dep_name":"BOYACÁ"},"geometry":{"type":"Polygon","coordinates":[[[-73.38201148136854,5.672601537112074],[-73.41139111434262,5.616825411006944],[-73.49830586189096,5.559809815432812],[-73.51666813249975,5.600712307909907],[-73.47871943990823,5.677559414988085],[-73.42363262808182,5.707306682244155],[-73.38201148136854,5.672601537112074]]]}},{"type":"Feature","properties":{"dep":"15","muni":"236","name":"CHIVOR","dep_name":"BOYACÁ"},"geometry":{"type":"Polygon","coordinates":[[[-73.29876918794196,4.902890996861283],[-73.34039033465524,4.791338744651023],[-73.37221827037718,4.801254500403045],[-73.40159790335126,4.879341076950228],[-73.4468915041863,4.88925683270225],[-73.43709829319494,4.906609405268291],[-73.37589072449893,4.928919855710342],[-73.29876918794196,4.902890996861283]]]}},{"type":"Feature","properties":{"dep":"15","muni":"238","name":"DUITAMA","dep_name":"BOYACÁ"},"geometry":{"type":"Polygon","coordinates":[[[-73.03068003705343,6.020892457901885],[-73.04904230766223,5.977511026486784],[-72.9927313444619,5.805224770295382],[-73.05026645903615,5.774238033570311],[-73.12861214696704,5.932890125602681],[-73.17512989917601,5.994863599052824],[-73.08209439475809,5.977511026486784],[-73.03068003705343,6.020892457901885]]]}},{"type":"Feature","properties":{"dep":"15","muni":"244","name":"EL COCUY","dep_name":"BOYACÁ"},"geometry":{"type":"Polygon","coordinates":[[[-72.31455148331011,6.35802815347067],[-72.33903451078852,6.345633458780641],[-72.39656962536277,6.27250476010947],[-72.4957258866503,6.287378393737505],[-72.51776061138087,6.34935186718765],[-72.48593267565894,6.390254359664745],[-72.43084586383253,6.439833138424861],[-72.31455148331011,6.35802815347067]]]}},{"type":"Feature","properties":{"dep":"15","muni":"248","name":"EL ESPINO","dep_name":"BOYACÁ"},"geometry":{"type":"Polygon","coordinates":[[[-72.42105265284117,6.519159184441046],[-72.43696662070214,6.494369795060987],[-72.48593267565894,6.464622527804918],[-72.53979533611144,6.488172447715973],[-72.53489873061575,6.495609264529991],[-72.50184664351991,6.538990695945092],[-72.42105265284117,6.519159184441046]]]}},{"type":"Feature","properties":{"dep":"15","muni":"272","name":"FIRAVITOBA","dep_name":"BOYACÁ"},"geometry":{"type":"Polygon","coordinates":[[[-72.94743774362686,5.714743499058173],[-72.96335171148782,5.649051617201019],[-72.99885210133151,5.629220105696973],[-73.07597363788848,5.627980636227971],[-73.10290496811473,5.658967372953043],[-73.06005967002751,5.687475170740109],[-73.02455928018384,5.724659254810195],[-72.94743774362686,5.714743499058173]]]}},{"type":"Feature","properties":{"dep":"15","muni":"276","name":"FLORESTA","dep_name":"BOYACÁ"},"geometry":{"type":"Polygon","coordinates":[[[-72.87276450981773,5.8746350605595445],[-72.8960233859222,5.8126615871094],[-72.8960233859222,5.79530901454336],[-72.9437652895051,5.806464239764386],[-72.97559322522703,5.858521957462507],[-72.92785132164414,5.924213839319659],[-72.92540301889629,5.929171717195672],[-72.87276450981773,5.8746350605595445]]]}},{"type":"Feature","properties":{"dep":"15","muni":"293","name":"GACHANTIVÁ","dep_name":"BOYACÁ"},"geometry":{"type":"Polygon","coordinates":[[[-73.50075416463879,5.7791959114463225],[-73.5068749215084,5.724659254810195],[-73.574203247074,5.69243304861612],[-73.58277230669144,5.790351136667349],[-73.50075416463879,5.7791959114463225]]]}},{"type":"Feature","properties":{"dep":"15","muni":"296","name":"GÁMEZA","dep_name":"BOYACÁ"},"geometry":{"type":"Polygon","coordinates":[[[-72.63160668915545,5.828774690206437],[-72.62548593228584,5.776716972508316],[-72.79686712463467,5.771759094632305],[-72.83236751447836,5.797787953481366],[-72.79809127600859,5.853564079586496],[-72.74912522105178,5.8176194649854125],[-72.63160668915545,5.828774690206437]]]}},{"type":"Feature","properties":{"dep":"15","muni":"299","name":"GARAGOA","dep_name":"BOYACÁ"},"geometry":{"type":"Polygon","coordinates":[[[-73.24857898161123,5.068979905707669],[-73.36487336213365,5.014443249071542],[-73.37711487587285,5.015682718540544],[-73.38813223823813,5.015682718540544],[-73.39425299510773,5.047908924734619],[-73.38445978411637,5.085093008804707],[-73.36364921075973,5.137150726502828],[-73.26816540359395,5.155742768537872],[-73.24857898161123,5.068979905707669]]]}},{"type":"Feature","properties":{"dep":"15","muni":"317","name":"GUACAMAYAS","dep_name":"BOYACÁ"},"geometry":{"type":"Polygon","coordinates":[[[-72.48593267565894,6.464622527804918],[-72.49695003802422,6.401409584885771],[-72.54836439572887,6.426198974265828],[-72.54836439572887,6.486932978246969],[-72.53979533611144,6.488172447715973],[-72.48593267565894,6.464622527804918]]]}},{"type":"Feature","properties":{"dep":"15","muni":"322","name":"GUATEQUE","dep_name":"BOYACÁ"},"geometry":{"type":"Polygon","coordinates":[[[-73.47382283441254,5.051627333141628],[-73.4468915041863,4.994611737567496],[-73.46647792616902,4.98345651234647],[-73.5068749215084,4.995851207036498],[-73.52278888936935,5.029316882699577],[-73.47994359128215,5.062782558362654],[-73.47994359128215,5.061543088893652],[-73.47382283441254,5.051627333141628]]]}},{"type":"Feature","properties":{"dep":"15","muni":"325","name":"GUAYATÁ","dep_name":"BOYACÁ"},"geometry":{"type":"Polygon","coordinates":[[[-73.46647792616902,4.98345651234647],[-73.43954659594277,4.907848874737294],[-73.43709829319494,4.906609405268291],[-73.4468915041863,4.88925683270225],[-73.52034058662151,4.879341076950228],[-73.54237531135207,4.914046222082309],[-73.5068749215084,4.995851207036498],[-73.46647792616902,4.98345651234647]]]}},{"type":"Feature","properties":{"dep":"15","muni":"362","name":"IZA","dep_name":"BOYACÁ"},"geometry":{"type":"Polygon","coordinates":[[[-72.92295471614845,5.620543819413953],[-73.0037487068272,5.5932754910958895],[-72.99885210133151,5.629220105696973],[-72.96335171148782,5.649051617201019],[-72.92295471614845,5.620543819413953]]]}},{"type":"Feature","properties":{"dep":"15","muni":"367","name":"JENESANO","dep_name":"BOYACÁ"},"geometry":{"type":"Polygon","coordinates":[[[-73.33671788053348,5.314394860570241],[-73.41873602258613,5.371410456144373],[-73.42608093082966,5.408594540214459],[-73.35263184839445,5.432144460125514],[-73.36609751350757,5.3652131087993595],[-73.33671788053348,5.314394860570241]]]}},{"type":"Feature","properties":{"dep":"15","muni":"368","name":"JERICÓ","dep_name":"BOYACÁ"},"geometry":{"type":"Polygon","coordinates":[[[-72.55203684985064,6.177065610996248],[-72.51653646000695,6.148557813209182],[-72.54224363885928,6.069231767192997],[-72.56550251496375,6.118810545953114],[-72.65608971663386,6.116331607015107],[-72.6352791432772,6.180784019403257],[-72.63283084052937,6.204333939314312],[-72.55203684985064,6.177065610996248]]]}},{"type":"Feature","properties":{"dep":"15","muni":"407","name":"VILLA DE LEYVA","dep_name":"BOYACÁ"},"geometry":{"type":"Polygon","coordinates":[[[-73.42363262808182,5.707306682244155],[-73.47871943990823,5.677559414988085],[-73.51666813249975,5.600712307909907],[-73.58154815531752,5.627980636227971],[-73.57787570119577,5.675080476050081],[-73.574203247074,5.69243304861612],[-73.5068749215084,5.724659254810195],[-73.42363262808182,5.707306682244155]]]}},{"type":"Feature","properties":{"dep":"15","muni":"425","name":"MACANAL","dep_name":"BOYACÁ"},"geometry":{"type":"Polygon","coordinates":[[[-73.2228718027589,4.973540756594447],[-73.29876918794196,4.902890996861283],[-73.37589072449893,4.928919855710342],[-73.36487336213365,5.014443249071542],[-73.24857898161123,5.068979905707669],[-73.2228718027589,4.973540756594447]]]}},{"type":"Feature","properties":{"dep":"15","muni":"442","name":"MARIPÍ","dep_name":"BOYACÁ"},"geometry":{"type":"Polygon","coordinates":[[[-73.9255346913891,5.573443979591843],[-73.91084487490205,5.549894059680788],[-73.99041471420688,5.525104670300731],[-74.0467256774072,5.500315280920674],[-74.08834682412049,5.6031912468479135],[-74.06019134252033,5.649051617201019],[-73.9255346913891,5.573443979591843]]]}},{"type":"Feature","properties":{"dep":"15","muni":"455","name":"MIRAFLORES","dep_name":"BOYACÁ"},"geometry":{"type":"Polygon","coordinates":[[[-73.14819856894977,5.228871467209041],[-73.0894393030016,5.160700646413883],[-73.11269817910609,5.1123613371227705],[-73.15309517444545,5.075177253052683],[-73.24857898161123,5.068979905707669],[-73.26816540359395,5.155742768537872],[-73.2950967338202,5.197884730483969],[-73.2583721926026,5.18549003579394],[-73.19104386703698,5.240026692430067],[-73.14819856894977,5.228871467209041]]]}},{"type":"Feature","properties":{"dep":"15","muni":"464","name":"MONGUA","dep_name":"BOYACÁ"},"geometry":{"type":"Polygon","coordinates":[[[-72.62548593228584,5.776716972508316],[-72.58386478557256,5.770519625163303],[-72.57039912045944,5.70978562118216],[-72.62426178091192,5.629220105696973],[-72.66098632212953,5.666404189767059],[-72.71362483120811,5.625501697289964],[-72.77115994578236,5.644093739325008],[-72.79074636776508,5.658967372953043],[-72.82502260623484,5.737053949500224],[-72.79686712463467,5.771759094632305],[-72.62548593228584,5.776716972508316]]]}},{"type":"Feature","properties":{"dep":"15","muni":"466","name":"MONGUÍ","dep_name":"BOYACÁ"},"geometry":{"type":"Polygon","coordinates":[[[-72.82502260623484,5.737053949500224],[-72.79074636776508,5.658967372953043],[-72.87031620706989,5.6887146402091116],[-72.87154035844381,5.742011827376237],[-72.82502260623484,5.737053949500224]]]}},{"type":"Feature","properties":{"dep":"15","muni":"469","name":"MONIQUIRÁ","dep_name":"BOYACÁ"},"geometry":{"type":"Polygon","coordinates":[[[-73.5497202195956,5.95024269816872],[-73.5374787058564,5.910579675160628],[-73.46402962342118,5.848606201710483],[-73.47137453166471,5.821337873392421],[-73.50075416463879,5.7791959114463225],[-73.58277230669144,5.790351136667349],[-73.62561760477865,5.77795644197732],[-73.59991042592632,5.8696771826835334],[-73.63541081577002,5.910579675160628],[-73.59378966905672,5.95891898445174],[-73.5497202195956,5.95024269816872]]]}},{"type":"Feature","properties":{"dep":"15","muni":"476","name":"MOTAVITA","dep_name":"BOYACÁ"},"geometry":{"type":"Polygon","coordinates":[[[-73.34161448602916,5.58459920481287],[-73.41139111434262,5.567246632246828],[-73.41139111434262,5.616825411006944],[-73.38201148136854,5.672601537112074],[-73.36364921075973,5.663925250829054],[-73.34161448602916,5.58459920481287]]]}},{"type":"Feature","properties":{"dep":"15","muni":"480","name":"MUZO","dep_name":"BOYACÁ"},"geometry":{"type":"Polygon","coordinates":[[[-74.08834682412049,5.6031912468479135],[-74.0467256774072,5.500315280920674],[-74.09691588373792,5.470568013664604],[-74.17526157166883,5.461891727381584],[-74.13364042495553,5.50775209773469],[-74.1617959065557,5.598233368971901],[-74.15934760380786,5.595754430033896],[-74.08834682412049,5.6031912468479135]]]}},{"type":"Feature","properties":{"dep":"15","muni":"491","name":"NOBSA","dep_name":"BOYACÁ"},"geometry":{"type":"Polygon","coordinates":[[[-72.9437652895051,5.806464239764386],[-72.8960233859222,5.79530901454336],[-72.87521281256556,5.770519625163303],[-72.88255772080909,5.768040686225296],[-72.94498944087901,5.745730235783244],[-72.98661058759231,5.78663272826034],[-72.9437652895051,5.806464239764386]]]}},{"type":"Feature","properties":{"dep":"15","muni":"494","name":"NUEVO COLÓN","dep_name":"BOYACÁ"},"geometry":{"type":"Polygon","coordinates":[[[-73.42608093082966,5.408594540214459],[-73.41873602258613,5.371410456144373],[-73.45178810968198,5.303239635349215],[-73.4774952885343,5.289605471190182],[-73.4774952885343,5.370170986675371],[-73.4407707473167,5.414791887559474],[-73.42608093082966,5.408594540214459]]]}},{"type":"Feature","properties":{"dep":"15","muni":"500","name":"OICATÁ","dep_name":"BOYACÁ"},"geometry":{"type":"Polygon","coordinates":[[[-73.23144086237635,5.626741166758967],[-73.3073382475594,5.569725571184835],[-73.32692466954212,5.5796413269368585],[-73.26694125222004,5.663925250829054],[-73.23144086237635,5.626741166758967]]]}},{"type":"Feature","properties":{"dep":"15","muni":"507","name":"OTANCHE","dep_name":"BOYACÁ"},"geometry":{"type":"Polygon","coordinates":[[[-74.07855361312913,5.832493098613446],[-74.07977776450305,5.818858934454415],[-74.09324342961617,5.759364399942276],[-74.14833024144258,5.74820917472125],[-74.17526157166883,5.663925250829054],[-74.15934760380786,5.595754430033896],[-74.1617959065557,5.598233368971901],[-74.30624576867828,5.637896391979993],[-74.28053858982595,5.6986303959611355],[-74.29645255768692,5.764322277818287],[-74.26584877333892,5.834972037551452],[-74.19484799365155,5.856043018524501],[-74.1801581771645,5.910579675160628],[-74.1067090947293,5.878353468966553],[-74.07855361312913,5.832493098613446]]]}},{"type":"Feature","properties":{"dep":"15","muni":"511","name":"PACHAVITA","dep_name":"BOYACÁ"},"geometry":{"type":"Polygon","coordinates":[[[-73.36364921075973,5.137150726502828],[-73.38445978411637,5.085093008804707],[-73.41996017396005,5.122277092874793],[-73.43709829319494,5.15946117694488],[-73.3918046923599,5.216476772519012],[-73.36364921075973,5.137150726502828]]]}},{"type":"Feature","properties":{"dep":"15","muni":"514","name":"PÁEZ","dep_name":"BOYACÁ"},"geometry":{"type":"Polygon","coordinates":[[[-72.9376445326355,5.204082077828984],[-72.97314492247918,5.145827012785848],[-72.90948905103534,5.103685050839751],[-72.90336829416573,5.067740436238665],[-72.97559322522703,4.97478022606345],[-73.03068003705343,4.982217042877467],[-73.02945588567951,4.992132798629489],[-73.11269817910609,5.1123613371227705],[-73.0894393030016,5.160700646413883],[-73.07230118376673,5.169376932696903],[-73.00986946369679,5.213997833581006],[-72.9376445326355,5.204082077828984]]]}},{"type":"Feature","properties":{"dep":"15","muni":"516","name":"PAIPA","dep_name":"BOYACÁ"},"geometry":{"type":"Polygon","coordinates":[[[-73.05026645903615,5.774238033570311],[-73.06005967002751,5.687475170740109],[-73.10290496811473,5.658967372953043],[-73.15554347719329,5.7271381937482015],[-73.13718120658449,5.821337873392421],[-73.18369895879346,5.849845671179487],[-73.21919934863715,5.9130586140986345],[-73.17512989917601,5.994863599052824],[-73.12861214696704,5.932890125602681],[-73.05026645903615,5.774238033570311]]]}},{"type":"Feature","properties":{"dep":"15","muni":"518","name":"PAJARITO","dep_name":"BOYACÁ"},"geometry":{"type":"Polygon","coordinates":[[[-72.66710707899914,5.4358628685325225],[-72.58386478557256,5.382565681365399],[-72.56672666633767,5.373889395082379],[-72.61936517541625,5.351578944640327],[-72.70015916609498,5.2734923680931445],[-72.81155694112172,5.377607803489388],[-72.7381078586865,5.470568013664604],[-72.66710707899914,5.4358628685325225]]]}},{"type":"Feature","properties":{"dep":"15","muni":"522","name":"PANQUEBA","dep_name":"BOYACÁ"},"geometry":{"type":"Polygon","coordinates":[[[-72.43084586383253,6.439833138424861],[-72.48593267565894,6.390254359664745],[-72.49695003802422,6.401409584885771],[-72.48593267565894,6.464622527804918],[-72.43696662070214,6.494369795060987],[-72.43084586383253,6.439833138424861]]]}},{"type":"Feature","properties":{"dep":"15","muni":"531","name":"PAUNA","dep_name":"BOYACÁ"},"geometry":{"type":"Polygon","coordinates":[[[-73.98184565458943,5.720940846403186],[-73.94512111337183,5.693672518085123],[-73.89737920978894,5.619304349944951],[-73.9255346913891,5.573443979591843],[-74.06019134252033,5.649051617201019],[-74.04182907191152,5.714743499058173],[-74.09324342961617,5.759364399942276],[-74.07977776450305,5.818858934454415],[-74.02591510405055,5.806464239764386],[-73.98184565458943,5.720940846403186]]]}},{"type":"Feature","properties":{"dep":"15","muni":"533","name":"PAYA","dep_name":"BOYACÁ"},"geometry":{"type":"Polygon","coordinates":[[[-72.24844730911842,5.696151457023129],[-72.28762015308388,5.605670185785918],[-72.301085818197,5.506512628265687],[-72.39656962536277,5.569725571184835],[-72.44431152894566,5.52014679242472],[-72.51408815725911,5.608149124723925],[-72.44431152894566,5.686235701271105],[-72.32924129979716,5.6887146402091116],[-72.29741336407523,5.754406522066265],[-72.24844730911842,5.696151457023129]]]}},{"type":"Feature","properties":{"dep":"15","muni":"537","name":"PAZ DE RÍO","dep_name":"BOYACÁ"},"geometry":{"type":"Polygon","coordinates":[[[-72.7013833174689,6.018413518963879],[-72.74300446418218,5.987426782238806],[-72.77972900539979,5.953961106575729],[-72.81767769799131,5.977511026486784],[-72.81278109249564,6.023371396839892],[-72.8103327897478,6.095260626042059],[-72.79441882188684,6.10021850391807],[-72.71607313395594,6.06179495037898],[-72.7013833174689,6.018413518963879]]]}},{"type":"Feature","properties":{"dep":"15","muni":"599","name":"RAMIRIQUÍ","dep_name":"BOYACÁ"},"geometry":{"type":"Polygon","coordinates":[[[-73.31468315580292,5.44329968534654],[-73.28530352282884,5.34910000570232],[-73.27306200908963,5.299521226942206],[-73.28285522008099,5.2065610167669885],[-73.32937297228996,5.261097673403116],[-73.33671788053348,5.314394860570241],[-73.36609751350757,5.3652131087993595],[-73.35263184839445,5.432144460125514],[-73.33426957778565,5.440820746408535],[-73.31468315580292,5.44329968534654]]]}},{"type":"Feature","properties":{"dep":"15","muni":"600","name":"RÁQUIRA","dep_name":"BOYACÁ"},"geometry":{"type":"Polygon","coordinates":[[[-73.5803240039436,5.589557082688881],[-73.5497202195956,5.521386261893722],[-73.61827269653513,5.404876131807452],[-73.71987726057051,5.4594127884435775],[-73.74313613667499,5.470568013664604],[-73.69294593034427,5.525104670300731],[-73.62439345340474,5.569725571184835],[-73.5803240039436,5.589557082688881]]]}},{"type":"Feature","properties":{"dep":"15","muni":"621","name":"RONDÓN","dep_name":"BOYACÁ"},"geometry":{"type":"Polygon","coordinates":[[[-73.1261638442192,5.357776291985342],[-73.23388916512418,5.284647593314171],[-73.27306200908963,5.299521226942206],[-73.28530352282884,5.34910000570232],[-73.22164765138498,5.4073550707454565],[-73.21552689451538,5.440820746408535],[-73.14697441757585,5.48172323888563],[-73.1261638442192,5.357776291985342]]]}},{"type":"Feature","properties":{"dep":"15","muni":"632","name":"SABOYÁ","dep_name":"BOYACÁ"},"geometry":{"type":"Polygon","coordinates":[[[-73.65132478363097,5.7122645601201665],[-73.65377308637882,5.702348804368144],[-73.68070441660507,5.636656922510991],[-73.68560102210074,5.629220105696973],[-73.7798606778926,5.634177983572984],[-73.88636184742366,5.689954109678114],[-73.88024109055405,5.707306682244155],[-73.79455049437964,5.729617132686206],[-73.76272255865771,5.772998564101307],[-73.71130820095307,5.776716972508316],[-73.65132478363097,5.7122645601201665]]]}},{"type":"Feature","properties":{"dep":"15","muni":"638","name":"SÁCHICA","dep_name":"BOYACÁ"},"geometry":{"type":"Polygon","coordinates":[[[-73.51666813249975,5.600712307909907],[-73.49830586189096,5.559809815432812],[-73.5497202195956,5.521386261893722],[-73.5803240039436,5.589557082688881],[-73.58154815531752,5.627980636227971],[-73.51666813249975,5.600712307909907]]]}},{"type":"Feature","properties":{"dep":"15","muni":"646","name":"SAMACÁ","dep_name":"BOYACÁ"},"geometry":{"type":"Polygon","coordinates":[[[-73.49096095364743,5.548654590211786],[-73.43220168769926,5.485441647292639],[-73.4468915041863,5.469328544195601],[-73.5925655176828,5.398678784462437],[-73.61827269653513,5.404876131807452],[-73.5497202195956,5.521386261893722],[-73.49830586189096,5.559809815432812],[-73.49096095364743,5.548654590211786]]]}},{"type":"Feature","properties":{"dep":"15","muni":"660","name":"SAN EDUARDO","dep_name":"BOYACÁ"},"geometry":{"type":"Polygon","coordinates":[[[-73.00986946369679,5.213997833581006],[-73.07230118376673,5.169376932696903],[-73.10168081674081,5.210279425173997],[-73.06373212414928,5.300760696411208],[-73.04169739941871,5.3119159216322345],[-73.00986946369679,5.213997833581006]]]}},{"type":"Feature","properties":{"dep":"15","muni":"664","name":"SAN JOSÉ DE PARE","dep_name":"BOYACÁ"},"geometry":{"type":"Polygon","coordinates":[[[-73.5313579489868,6.049400255688951],[-73.48606434815174,6.001060946397839],[-73.4958575591431,5.987426782238806],[-73.5497202195956,5.95024269816872],[-73.59378966905672,5.95891898445174],[-73.58766891218713,5.99734253799083],[-73.5374787058564,6.041963438874934],[-73.5313579489868,6.049400255688951]]]}},{"type":"Feature","properties":{"dep":"15","muni":"667","name":"SAN LUIS DE GACENO","dep_name":"BOYACÁ"},"geometry":{"type":"Polygon","coordinates":[[[-73.02945588567951,4.992132798629489],[-73.03068003705343,4.982217042877467],[-73.04169739941871,4.879341076950228],[-73.0771977892624,4.812409725624072],[-73.05271476178399,4.736802088014896],[-73.10290496811473,4.66119445040572],[-73.20818198627187,4.681025961909766],[-73.17023329368034,4.731844210138885],[-73.22164765138498,4.855791157039173],[-73.17512989917601,4.896693649516267],[-73.06128382140145,4.988414390222481],[-73.02945588567951,4.992132798629489]]]}},{"type":"Feature","properties":{"dep":"15","muni":"673","name":"SAN MATEO","dep_name":"BOYACÁ"},"geometry":{"type":"Polygon","coordinates":[[[-72.49695003802422,6.401409584885771],[-72.48593267565894,6.390254359664745],[-72.51776061138087,6.34935186718765],[-72.57529572595512,6.350591336656652],[-72.623037629538,6.441072607893863],[-72.54836439572887,6.486932978246969],[-72.54836439572887,6.426198974265828],[-72.49695003802422,6.401409584885771]]]}},{"type":"Feature","properties":{"dep":"15","muni":"676","name":"SAN MIGUEL DE SEMA","dep_name":"BOYACÁ"},"geometry":{"type":"Polygon","coordinates":[[[-73.71620480644874,5.590796552157883],[-73.69294593034427,5.525104670300731],[-73.74313613667499,5.470568013664604],[-73.78720558613611,5.510231036672696],[-73.78965388888396,5.552372998618795],[-73.71620480644874,5.590796552157883]]]}},{"type":"Feature","properties":{"dep":"15","muni":"681","name":"SAN PABLO DE BORBUR","dep_name":"BOYACÁ"},"geometry":{"type":"Polygon","coordinates":[[[-74.06019134252033,5.649051617201019],[-74.08834682412049,5.6031912468479135],[-74.15934760380786,5.595754430033896],[-74.17526157166883,5.663925250829054],[-74.14833024144258,5.74820917472125],[-74.09324342961617,5.759364399942276],[-74.04182907191152,5.714743499058173],[-74.06019134252033,5.649051617201019]]]}},{"type":"Feature","properties":{"dep":"15","muni":"686","name":"SANTANA","dep_name":"BOYACÁ"},"geometry":{"type":"Polygon","coordinates":[[[-73.45423641242982,6.079147522945021],[-73.48606434815174,6.001060946397839],[-73.5313579489868,6.049400255688951],[-73.49708171051702,6.107655320732087],[-73.45423641242982,6.079147522945021]]]}},{"type":"Feature","properties":{"dep":"15","muni":"690","name":"SANTA MARÍA","dep_name":"BOYACÁ"},"geometry":{"type":"Polygon","coordinates":[[[-73.17512989917601,4.896693649516267],[-73.22164765138498,4.855791157039173],[-73.17023329368034,4.731844210138885],[-73.20818198627187,4.681025961909766],[-73.22042350001107,4.676068084033755],[-73.2228718027589,4.733083679607887],[-73.30611409618548,4.731844210138885],[-73.32447636679429,4.780183519429997],[-73.34039033465524,4.791338744651023],[-73.29876918794196,4.902890996861283],[-73.2228718027589,4.973540756594447],[-73.17512989917601,4.896693649516267]]]}},{"type":"Feature","properties":{"dep":"15","muni":"693","name":"SANTA ROSA DE VITERBO","dep_name":"BOYACÁ"},"geometry":{"type":"Polygon","coordinates":[[[-73.0110936150707,5.962637392858749],[-72.92785132164414,5.924213839319659],[-72.97559322522703,5.858521957462507],[-72.9437652895051,5.806464239764386],[-72.98661058759231,5.78663272826034],[-72.9927313444619,5.805224770295382],[-73.04904230766223,5.977511026486784],[-73.03068003705343,6.020892457901885],[-73.0110936150707,5.962637392858749]]]}},{"type":"Feature","properties":{"dep":"15","muni":"696","name":"SANTA SOFÍA","dep_name":"BOYACÁ"},"geometry":{"type":"Polygon","coordinates":[[[-73.58277230669144,5.790351136667349],[-73.574203247074,5.69243304861612],[-73.57787570119577,5.675080476050081],[-73.65377308637882,5.702348804368144],[-73.65132478363097,5.7122645601201665],[-73.62561760477865,5.77795644197732],[-73.58277230669144,5.790351136667349]]]}},{"type":"Feature","properties":{"dep":"15","muni":"720","name":"SATIVANORTE","dep_name":"BOYACÁ"},"geometry":{"type":"Polygon","coordinates":[[[-72.6352791432772,6.180784019403257],[-72.65608971663386,6.116331607015107],[-72.65486556525993,6.08286593135203],[-72.79441882188684,6.10021850391807],[-72.8103327897478,6.095260626042059],[-72.8286950603566,6.152276221616191],[-72.82502260623484,6.158473568961206],[-72.71240067983418,6.158473568961206],[-72.6352791432772,6.180784019403257]]]}},{"type":"Feature","properties":{"dep":"15","muni":"723","name":"SATIVASUR","dep_name":"BOYACÁ"},"geometry":{"type":"Polygon","coordinates":[[[-72.65486556525993,6.08286593135203],[-72.65731386800778,6.063034419847984],[-72.7013833174689,6.018413518963879],[-72.71607313395594,6.06179495037898],[-72.79441882188684,6.10021850391807],[-72.65486556525993,6.08286593135203]]]}},{"type":"Feature","properties":{"dep":"15","muni":"740","name":"SIACHOQUE","dep_name":"BOYACÁ"},"geometry":{"type":"Polygon","coordinates":[[[-73.13473290383665,5.505273158796685],[-73.14697441757585,5.48172323888563],[-73.21552689451538,5.440820746408535],[-73.28652767420276,5.485441647292639],[-73.28530352282884,5.523865200831729],[-73.22776840825459,5.553612468087797],[-73.13473290383665,5.505273158796685]]]}},{"type":"Feature","properties":{"dep":"15","muni":"753","name":"SOATÁ","dep_name":"BOYACÁ"},"geometry":{"type":"Polygon","coordinates":[[[-72.65486556525993,6.377859664974716],[-72.64139990014681,6.278702107454485],[-72.74545276693003,6.2749836990474765],[-72.7258663449473,6.371662317629701],[-72.65486556525993,6.377859664974716]]]}},{"type":"Feature","properties":{"dep":"15","muni":"762","name":"SORA","dep_name":"BOYACÁ"},"geometry":{"type":"Polygon","coordinates":[[[-73.41139111434262,5.567246632246828],[-73.4224084767079,5.561049284901815],[-73.49096095364743,5.548654590211786],[-73.49830586189096,5.559809815432812],[-73.41139111434262,5.616825411006944],[-73.41139111434262,5.567246632246828]]]}},{"type":"Feature","properties":{"dep":"15","muni":"763","name":"SOTAQUIRÁ","dep_name":"BOYACÁ"},"geometry":{"type":"Polygon","coordinates":[[[-73.18369895879346,5.849845671179487],[-73.13718120658449,5.821337873392421],[-73.15554347719329,5.7271381937482015],[-73.26449294947219,5.703588273837147],[-73.3012174906898,5.70978562118216],[-73.35752845389013,5.806464239764386],[-73.34528694015093,5.84240885436547],[-73.18369895879346,5.849845671179487]]]}},{"type":"Feature","properties":{"dep":"15","muni":"764","name":"SORACÁ","dep_name":"BOYACÁ"},"geometry":{"type":"Polygon","coordinates":[[[-73.30856239893332,5.543696712335775],[-73.28530352282884,5.523865200831729],[-73.28652767420276,5.485441647292639],[-73.31468315580292,5.449497032691555],[-73.31468315580292,5.44329968534654],[-73.33426957778565,5.440820746408535],[-73.36120090801188,5.4742864220716125],[-73.30856239893332,5.543696712335775]]]}},{"type":"Feature","properties":{"dep":"15","muni":"774","name":"SUSACÓN","dep_name":"BOYACÁ"},"geometry":{"type":"Polygon","coordinates":[[[-72.64139990014681,6.278702107454485],[-72.6352791432772,6.220447042411349],[-72.63283084052937,6.204333939314312],[-72.6352791432772,6.180784019403257],[-72.71240067983418,6.158473568961206],[-72.82502260623484,6.158473568961206],[-72.74545276693003,6.2749836990474765],[-72.64139990014681,6.278702107454485]]]}},{"type":"Feature","properties":{"dep":"15","muni":"776","name":"SUTAMARCHÁN","dep_name":"BOYACÁ"},"geometry":{"type":"Polygon","coordinates":[[[-73.57787570119577,5.675080476050081],[-73.58154815531752,5.627980636227971],[-73.5803240039436,5.589557082688881],[-73.62439345340474,5.569725571184835],[-73.68070441660507,5.636656922510991],[-73.65377308637882,5.702348804368144],[-73.57787570119577,5.675080476050081]]]}},{"type":"Feature","properties":{"dep":"15","muni":"778","name":"SUTATENZA","dep_name":"BOYACÁ"},"geometry":{"type":"Polygon","coordinates":[[[-73.39425299510773,5.047908924734619],[-73.38813223823813,5.015682718540544],[-73.4468915041863,4.994611737567496],[-73.47382283441254,5.051627333141628],[-73.39425299510773,5.047908924734619]]]}},{"type":"Feature","properties":{"dep":"15","muni":"790","name":"TASCO","dep_name":"BOYACÁ"},"geometry":{"type":"Polygon","coordinates":[[[-72.65119311113817,5.906861266753619],[-72.63160668915545,5.828774690206437],[-72.74912522105178,5.8176194649854125],[-72.79809127600859,5.853564079586496],[-72.82624675760876,5.878353468966553],[-72.77972900539979,5.953961106575729],[-72.74300446418218,5.987426782238806],[-72.6952625605993,5.870916652152536],[-72.65119311113817,5.906861266753619]]]}},{"type":"Feature","properties":{"dep":"15","muni":"798","name":"TENZA","dep_name":"BOYACÁ"},"geometry":{"type":"Polygon","coordinates":[[[-73.38445978411637,5.085093008804707],[-73.39425299510773,5.047908924734619],[-73.47382283441254,5.051627333141628],[-73.47994359128215,5.061543088893652],[-73.41996017396005,5.122277092874793],[-73.38445978411637,5.085093008804707]]]}},{"type":"Feature","properties":{"dep":"15","muni":"804","name":"TIBANÁ","dep_name":"BOYACÁ"},"geometry":{"type":"Polygon","coordinates":[[[-73.33671788053348,5.314394860570241],[-73.32937297228996,5.261097673403116],[-73.40159790335126,5.242505631368074],[-73.45178810968198,5.303239635349215],[-73.41873602258613,5.371410456144373],[-73.33671788053348,5.314394860570241]]]}},{"type":"Feature","properties":{"dep":"15","muni":"806","name":"TIBASOSA","dep_name":"BOYACÁ"},"geometry":{"type":"Polygon","coordinates":[[[-72.9927313444619,5.805224770295382],[-72.98661058759231,5.78663272826034],[-72.94498944087901,5.745730235783244],[-72.94743774362686,5.714743499058173],[-73.02455928018384,5.724659254810195],[-73.06005967002751,5.687475170740109],[-73.05026645903615,5.774238033570311],[-72.9927313444619,5.805224770295382]]]}},{"type":"Feature","properties":{"dep":"15","muni":"808","name":"TINJACÁ","dep_name":"BOYACÁ"},"geometry":{"type":"Polygon","coordinates":[[[-73.62439345340474,5.569725571184835],[-73.69294593034427,5.525104670300731],[-73.71620480644874,5.590796552157883],[-73.68560102210074,5.629220105696973],[-73.68070441660507,5.636656922510991],[-73.62439345340474,5.569725571184835]]]}},{"type":"Feature","properties":{"dep":"15","muni":"810","name":"TIPACOQUE","dep_name":"BOYACÁ"},"geometry":{"type":"Polygon","coordinates":[[[-72.65486556525993,6.377859664974716],[-72.7258663449473,6.371662317629701],[-72.7381078586865,6.439833138424861],[-72.67934859273834,6.48321456983996],[-72.66098632212953,6.443551546831868],[-72.65486556525993,6.377859664974716]]]}},{"type":"Feature","properties":{"dep":"15","muni":"814","name":"TOCA","dep_name":"BOYACÁ"},"geometry":{"type":"Polygon","coordinates":[[[-73.07964609201024,5.618064880475947],[-73.13473290383665,5.505273158796685],[-73.22776840825459,5.553612468087797],[-73.21307859176754,5.626741166758967],[-73.07964609201024,5.618064880475947]]]}},{"type":"Feature","properties":{"dep":"15","muni":"816","name":"TOGÜÍ","dep_name":"BOYACÁ"},"geometry":{"type":"Polygon","coordinates":[[[-73.43342583907318,5.8981849804705995],[-73.46402962342118,5.848606201710483],[-73.5374787058564,5.910579675160628],[-73.5497202195956,5.95024269816872],[-73.4958575591431,5.987426782238806],[-73.43342583907318,5.8981849804705995]]]}},{"type":"Feature","properties":{"dep":"15","muni":"820","name":"TÓPAGA","dep_name":"BOYACÁ"},"geometry":{"type":"Polygon","coordinates":[[[-72.79686712463467,5.771759094632305],[-72.82502260623484,5.737053949500224],[-72.87154035844381,5.742011827376237],[-72.88255772080909,5.768040686225296],[-72.87521281256556,5.770519625163303],[-72.83236751447836,5.797787953481366],[-72.79686712463467,5.771759094632305]]]}},{"type":"Feature","properties":{"dep":"15","muni":"822","name":"TOTA","dep_name":"BOYACÁ"},"geometry":{"type":"Polygon","coordinates":[[[-73.0037487068272,5.5932754910958895],[-72.92540301889629,5.567246632246828],[-73.0159902205664,5.385044620303406],[-73.04292155079264,5.360255230923347],[-73.05026645903615,5.373889395082379],[-73.06740457827104,5.444539154815544],[-73.0037487068272,5.5932754910958895]]]}},{"type":"Feature","properties":{"dep":"15","muni":"832","name":"TUNUNGUÁ","dep_name":"BOYACÁ"},"geometry":{"type":"Polygon","coordinates":[[[-73.89982751253677,5.737053949500224],[-73.94512111337183,5.693672518085123],[-73.98184565458943,5.720940846403186],[-73.96225923260671,5.73953288843823],[-73.89982751253677,5.737053949500224]]]}},{"type":"Feature","properties":{"dep":"15","muni":"835","name":"TURMEQUÉ","dep_name":"BOYACÁ"},"geometry":{"type":"Polygon","coordinates":[[[-73.4774952885343,5.289605471190182],[-73.51421982975191,5.23258987561605],[-73.54849606822168,5.299521226942206],[-73.4774952885343,5.370170986675371],[-73.4774952885343,5.289605471190182]]]}},{"type":"Feature","properties":{"dep":"15","muni":"837","name":"TUTA","dep_name":"BOYACÁ"},"geometry":{"type":"Polygon","coordinates":[[[-73.15554347719329,5.7271381937482015],[-73.10290496811473,5.658967372953043],[-73.07597363788848,5.627980636227971],[-73.07964609201024,5.618064880475947],[-73.21307859176754,5.626741166758967],[-73.23144086237635,5.626741166758967],[-73.26694125222004,5.663925250829054],[-73.26449294947219,5.703588273837147],[-73.15554347719329,5.7271381937482015]]]}},{"type":"Feature","properties":{"dep":"15","muni":"839","name":"TUTAZÁ","dep_name":"BOYACÁ"},"geometry":{"type":"Polygon","coordinates":[[[-72.8103327897478,6.095260626042059],[-72.81278109249564,6.023371396839892],[-72.86174714745245,6.013455641087868],[-72.92295471614845,6.097739564980063],[-72.86786790432205,6.144839404802173],[-72.8286950603566,6.152276221616191],[-72.8103327897478,6.095260626042059]]]}},{"type":"Feature","properties":{"dep":"15","muni":"180","name":"CHISCAS","dep_name":"BOYACÁ"},"geometry":{"type":"Polygon","coordinates":[[[-72.29986166682308,6.716234830012503],[-72.35984508414516,6.5699774326701625],[-72.42105265284117,6.519159184441046],[-72.50184664351991,6.538990695945092],[-72.53489873061575,6.495609264529991],[-72.54224363885928,6.583611596829195],[-72.48593267565894,6.656740295500365],[-72.49939834077206,6.728629524702532],[-72.4773636160415,6.842660715850798],[-72.34025866216244,6.8463791242578065],[-72.29618921270131,6.785645120276666],[-72.29986166682308,6.716234830012503]]]}},{"type":"Feature","properties":{"dep":"15","muni":"223","name":"CUBARÁ","dep_name":"BOYACÁ"},"geometry":{"type":"Polygon","coordinates":[[[-72.04768648379552,7.038496891953255],[-71.94853022250797,7.011228563635191],[-71.97790985548207,6.9653681932820835],[-72.05135893791727,6.768292547710624],[-72.10032499287408,6.745982097268573],[-72.14194613958736,6.7571373224896],[-72.29986166682308,6.716234830012503],[-72.29618921270131,6.785645120276666],[-72.34025866216244,6.8463791242578065],[-72.4773636160415,6.842660715850798],[-72.50307079489383,6.908352597707951],[-72.392897171241,6.872407983106868],[-72.3133273319362,6.931902517619006],[-72.29006845583172,6.996354930007156],[-72.22029182751825,6.986439174255132],[-72.19948125416161,7.040975830891259],[-72.04768648379552,7.038496891953255]]]}},{"type":"Feature","properties":{"dep":"15","muni":"332","name":"GÜICÁN DE LA SIERRA","dep_name":"BOYACÁ"},"geometry":{"type":"Polygon","coordinates":[[[-72.10032499287408,6.745982097268573],[-72.09175593325664,6.648064009217345],[-72.12848047447424,6.524117062317057],[-72.26068882285763,6.442312077362866],[-72.31455148331011,6.35802815347067],[-72.43084586383253,6.439833138424861],[-72.43696662070214,6.494369795060987],[-72.42105265284117,6.519159184441046],[-72.35984508414516,6.5699774326701625],[-72.29986166682308,6.716234830012503],[-72.14194613958736,6.7571373224896],[-72.10032499287408,6.745982097268573]]]}},{"type":"Feature","properties":{"dep":"25","muni":"019","name":"ALBÁN","dep_name":"CUNDINAMARCA"},"geometry":{"type":"Polygon","coordinates":[[[-74.40295372721798,4.88058054641923],[-74.42009184645286,4.838438584473133],[-74.45804053904439,4.832241237128118],[-74.48252356652279,4.938835611462366],[-74.48007526377495,4.952469775621397],[-74.40295372721798,4.88058054641923]]]}},{"type":"Feature","properties":{"dep":"25","muni":"035","name":"ANAPOIMA","dep_name":"CUNDINAMARCA"},"geometry":{"type":"Polygon","coordinates":[[[-74.47762696102711,4.57567105704452],[-74.46905790140967,4.496345011028335],[-74.50210998850551,4.483950316338307],[-74.56454170857545,4.532289625629419],[-74.59759379567129,4.626489305273639],[-74.59024888742776,4.633926122087656],[-74.55719680033192,4.647560286246687],[-74.47762696102711,4.57567105704452]]]}},{"type":"Feature","properties":{"dep":"25","muni":"040","name":"ANOLAIMA","dep_name":"CUNDINAMARCA"},"geometry":{"type":"Polygon","coordinates":[[[-74.42009184645286,4.838438584473133],[-74.39438466760053,4.803733439341052],[-74.40662618133973,4.782662458368003],[-74.51067904812295,4.728125801731876],[-74.52414471323608,4.793817683589028],[-74.50578244262728,4.832241237128118],[-74.45804053904439,4.832241237128118],[-74.42009184645286,4.838438584473133]]]}},{"type":"Feature","properties":{"dep":"25","muni":"053","name":"ARBELÁEZ","dep_name":"CUNDINAMARCA"},"geometry":{"type":"Polygon","coordinates":[[[-74.33562540165236,4.227380136254711],[-74.23769329173875,4.195153930060634],[-74.24014159448659,4.186477643777614],[-74.29767670906084,4.176561888025592],[-74.46660959866183,4.217464380502687],[-74.5192481077404,4.241014300413742],[-74.54128283247096,4.252169525634768],[-74.42988505744422,4.293072018111863],[-74.33562540165236,4.227380136254711]]]}},{"type":"Feature","properties":{"dep":"25","muni":"086","name":"BELTRÁN","dep_name":"CUNDINAMARCA"},"geometry":{"type":"Polygon","coordinates":[[[-74.68450854321962,4.757873068987944],[-74.73469874955035,4.7541546605809355],[-74.76285423115051,4.6835049008477725],[-74.73347459817643,4.621531427397628],[-74.75183686878523,4.588065751734549],[-74.79345801549852,4.591784160141557],[-74.81671689160301,4.611615671645604],[-74.78856141000284,4.6587155114677135],[-74.81549274022909,4.713252168103841],[-74.74326780916779,4.790099275182019],[-74.76897498802012,4.842156992880142],[-74.70164666245451,4.835959645535127],[-74.68450854321962,4.757873068987944]]]}},{"type":"Feature","properties":{"dep":"25","muni":"095","name":"BITUIMA","dep_name":"CUNDINAMARCA"},"geometry":{"type":"Polygon","coordinates":[[[-74.50455829125336,4.943793489338377],[-74.50578244262728,4.832241237128118],[-74.52414471323608,4.793817683589028],[-74.55964510307976,4.796296622527034],[-74.51679980499256,4.943793489338377],[-74.50455829125336,4.943793489338377]]]}},{"type":"Feature","properties":{"dep":"25","muni":"099","name":"BOJACÁ","dep_name":"CUNDINAMARCA"},"geometry":{"type":"Polygon","coordinates":[[[-74.29890086043476,4.71697057651085],[-74.27196953020852,4.619052488459621],[-74.30624576867828,4.620291957928625],[-74.34419446126981,4.653757633591702],[-74.39316051622662,4.69961800394481],[-74.3980571217223,4.71697057651085],[-74.34664276401764,4.762830946863957],[-74.32828049340884,4.765309885801962],[-74.29890086043476,4.71697057651085]]]}},{"type":"Feature","properties":{"dep":"25","muni":"120","name":"CABRERA","dep_name":"CUNDINAMARCA"},"geometry":{"type":"Polygon","coordinates":[[[-74.3796948511135,4.036501838028265],[-74.36500503462645,4.035262368559263],[-74.36010842913078,3.913794360596979],[-74.43967826843559,3.7303528791845526],[-74.44579902530519,3.8010026389177174],[-74.53516207560136,3.843144600863816],[-74.54005868109704,3.8443840703328185],[-74.5131273508708,3.9534573836050715],[-74.5314896214796,3.975767834047124],[-74.52414471323608,4.022867673869234],[-74.3796948511135,4.036501838028265]]]}},{"type":"Feature","properties":{"dep":"25","muni":"123","name":"CACHIPAY","dep_name":"CUNDINAMARCA"},"geometry":{"type":"Polygon","coordinates":[[[-74.43722996568775,4.713252168103841],[-74.50945489674903,4.679786492440764],[-74.51067904812295,4.728125801731876],[-74.40662618133973,4.782662458368003],[-74.43722996568775,4.713252168103841]]]}},{"type":"Feature","properties":{"dep":"25","muni":"126","name":"CAJICÁ","dep_name":"CUNDINAMARCA"},"geometry":{"type":"Polygon","coordinates":[[[-73.99775962245039,4.973540756594447],[-74.00632868206783,4.917764630489318],[-74.0773294617552,4.9115672831443025],[-74.03326001229408,4.963625000842423],[-73.99775962245039,4.973540756594447]]]}},{"type":"Feature","properties":{"dep":"25","muni":"148","name":"CAPARRAPÍ","dep_name":"CUNDINAMARCA"},"geometry":{"type":"Polygon","coordinates":[[[-74.4225401492007,5.44329968534654],[-74.43845411706167,5.360255230923347],[-74.49231677751415,5.256139795527105],[-74.51435150224472,5.19416632207696],[-74.61473191490617,5.21523730305001],[-74.58902473605384,5.354057883578333],[-74.61473191490617,5.38752355924141],[-74.59024888742776,5.48172323888563],[-74.54005868109704,5.5548519375567995],[-74.4531439335487,5.5548519375567995],[-74.4225401492007,5.44329968534654]]]}},{"type":"Feature","properties":{"dep":"25","muni":"151","name":"CÁQUEZA","dep_name":"CUNDINAMARCA"},"geometry":{"type":"Polygon","coordinates":[[[-73.90349996665853,4.440568884923206],[-73.87534448505838,4.38603222828708],[-73.89615505841502,4.348848144216992],[-73.9916388655808,4.355045491562008],[-73.99041471420688,4.418258434481155],[-73.97327659497199,4.457921457489247],[-73.90349996665853,4.440568884923206]]]}},{"type":"Feature","properties":{"dep":"25","muni":"154","name":"CARMEN DE CARUPA","dep_name":"CUNDINAMARCA"},"geometry":{"type":"Polygon","coordinates":[[[-73.86677542544093,5.461891727381584],[-73.83984409521469,5.367692047737364],[-73.86677542544093,5.282168654376166],[-73.89737920978894,5.252421387120096],[-73.95246602161535,5.205321547297986],[-73.99531131970255,5.258618734465111],[-73.97450074634591,5.319352738446252],[-73.9989837738243,5.367692047737364],[-73.94756941611966,5.423468173842494],[-73.90227581528461,5.466849605257595],[-73.86677542544093,5.461891727381584]]]}},{"type":"Feature","properties":{"dep":"25","muni":"168","name":"CHAGUANÍ","dep_name":"CUNDINAMARCA"},"geometry":{"type":"Polygon","coordinates":[[[-74.55230019483625,4.9648644703114275],[-74.57678322231465,4.88925683270225],[-74.64411154788026,4.896693649516267],[-74.72735384130684,4.977259165001456],[-74.73102629542859,4.997090676505502],[-74.70531911657626,5.011964310133536],[-74.56943831407112,4.994611737567496],[-74.55230019483625,4.9648644703114275]]]}},{"type":"Feature","properties":{"dep":"25","muni":"178","name":"CHIPAQUE","dep_name":"CUNDINAMARCA"},"geometry":{"type":"Polygon","coordinates":[[[-74.04794982878111,4.512458114125373],[-73.97327659497199,4.457921457489247],[-73.99041471420688,4.418258434481155],[-74.1189506084685,4.310424590677902],[-74.11650230572064,4.404624270322122],[-74.04794982878111,4.512458114125373]]]}},{"type":"Feature","properties":{"dep":"25","muni":"181","name":"CHOACHÍ","dep_name":"CUNDINAMARCA"},"geometry":{"type":"Polygon","coordinates":[[[-73.79332634300572,4.637644530494665],[-73.90472411803246,4.500063419435344],[-73.95858677848494,4.508739705718364],[-74.00510453069391,4.560797423416487],[-73.98796641145903,4.63144718314965],[-73.79332634300572,4.637644530494665]]]}},{"type":"Feature","properties":{"dep":"25","muni":"183","name":"CHOCONTÁ","dep_name":"CUNDINAMARCA"},"geometry":{"type":"Polygon","coordinates":[[[-73.53625455448247,5.132192848626817],[-73.5374787058564,5.122277092874793],[-73.61704854516121,5.132192848626817],[-73.68804932484858,4.98345651234647],[-73.76027425590988,5.051627333141628],[-73.73334292568363,5.156982238006874],[-73.68437687072682,5.228871467209041],[-73.66234214599626,5.242505631368074],[-73.62684175615257,5.187968974731946],[-73.53625455448247,5.132192848626817]]]}},{"type":"Feature","properties":{"dep":"25","muni":"200","name":"COGUA","dep_name":"CUNDINAMARCA"},"geometry":{"type":"Polygon","coordinates":[[[-73.90594826940638,5.133432318095819],[-73.93532790238046,5.042951046858608],[-74.01367359031136,5.049148394203623],[-74.00755283344175,5.127234970750804],[-74.04550152603328,5.158221707475876],[-74.04550152603328,5.169376932696903],[-73.90594826940638,5.133432318095819]]]}},{"type":"Feature","properties":{"dep":"25","muni":"214","name":"COTA","dep_name":"CUNDINAMARCA"},"geometry":{"type":"Polygon","coordinates":[[[-74.08222606725089,4.834720176066124],[-74.15689930106002,4.7256468627938695],[-74.16302005792961,4.750436252173927],[-74.09446758099008,4.848354340225155],[-74.08222606725089,4.834720176066124]]]}},{"type":"Feature","properties":{"dep":"25","muni":"224","name":"CUCUNUBÁ","dep_name":"CUNDINAMARCA"},"geometry":{"type":"Polygon","coordinates":[[[-73.68437687072682,5.228871467209041],[-73.7492568935446,5.218955711457019],[-73.83861994384077,5.1644190548208915],[-73.84718900345821,5.19416632207696],[-73.804343705371,5.258618734465111],[-73.76517086140555,5.2982817574732035],[-73.68437687072682,5.228871467209041]]]}},{"type":"Feature","properties":{"dep":"25","muni":"245","name":"EL COLEGIO","dep_name":"CUNDINAMARCA"},"geometry":{"type":"Polygon","coordinates":[[[-74.39438466760053,4.62277089686663],[-74.36378088325253,4.557079015009478],[-74.39438466760053,4.500063419435344],[-74.46905790140967,4.496345011028335],[-74.47762696102711,4.57567105704452],[-74.44579902530519,4.597981507486573],[-74.39438466760053,4.62277089686663]]]}},{"type":"Feature","properties":{"dep":"25","muni":"258","name":"EL PEÑÓN","dep_name":"CUNDINAMARCA"},"geometry":{"type":"Polygon","coordinates":[[[-74.24871065410403,5.277210776500153],[-74.30012501180869,5.1929268526079575],[-74.34052200714805,5.200363669421975],[-74.36990164012214,5.200363669421975],[-74.35521182363509,5.256139795527105],[-74.35766012638292,5.331747433136281],[-74.24871065410403,5.277210776500153]]]}},{"type":"Feature","properties":{"dep":"25","muni":"269","name":"FACATATIVÁ","dep_name":"CUNDINAMARCA"},"geometry":{"type":"Polygon","coordinates":[[[-74.32215973653925,4.885538424295243],[-74.28421104394772,4.875622668543219],[-74.26095216784323,4.823564950845098],[-74.32828049340884,4.765309885801962],[-74.34664276401764,4.762830946863957],[-74.39438466760053,4.803733439341052],[-74.42009184645286,4.838438584473133],[-74.40295372721798,4.88058054641923],[-74.35766012638292,4.894214710578263],[-74.32215973653925,4.885538424295243]]]}},{"type":"Feature","properties":{"dep":"25","muni":"279","name":"FÓMEQUE","dep_name":"CUNDINAMARCA"},"geometry":{"type":"Polygon","coordinates":[[[-73.66846290286585,4.5397264424434365],[-73.74558443942283,4.455442518551241],[-73.80924031086668,4.395947984039102],[-73.87534448505838,4.38603222828708],[-73.90349996665853,4.440568884923206],[-73.90472411803246,4.500063419435344],[-73.79332634300572,4.637644530494665],[-73.79332634300572,4.681025961909766],[-73.70029083858779,4.624010366335634],[-73.66846290286585,4.5397264424434365]]]}},{"type":"Feature","properties":{"dep":"25","muni":"281","name":"FOSCA","dep_name":"CUNDINAMARCA"},"geometry":{"type":"Polygon","coordinates":[[[-73.89615505841502,4.348848144216992],[-73.90105166391069,4.27076156766981],[-73.9194139345195,4.264564220324797],[-74.04305322328544,4.296790426518871],[-73.9916388655808,4.355045491562008],[-73.89615505841502,4.348848144216992]]]}},{"type":"Feature","properties":{"dep":"25","muni":"286","name":"FUNZA","dep_name":"CUNDINAMARCA"},"geometry":{"type":"Polygon","coordinates":[[[-74.16302005792961,4.750436252173927],[-74.15689930106002,4.7256468627938695],[-74.17281326892098,4.695899595537801],[-74.23279668624306,4.736802088014896],[-74.21810686975603,4.793817683589028],[-74.16302005792961,4.750436252173927]]]}},{"type":"Feature","properties":{"dep":"25","muni":"288","name":"FÚQUENE","dep_name":"CUNDINAMARCA"},"geometry":{"type":"Polygon","coordinates":[[[-73.71987726057051,5.4594127884435775],[-73.773739921023,5.351578944640327],[-73.82515427872764,5.373889395082379],[-73.74313613667499,5.470568013664604],[-73.71987726057051,5.4594127884435775]]]}},{"type":"Feature","properties":{"dep":"25","muni":"293","name":"GACHALÁ","dep_name":"CUNDINAMARCA"},"geometry":{"type":"Polygon","coordinates":[[[-73.37221827037718,4.801254500403045],[-73.34039033465524,4.791338744651023],[-73.32447636679429,4.780183519429997],[-73.38445978411637,4.757873068987944],[-73.4040462060991,4.67854702297176],[-73.46892622891687,4.63144718314965],[-73.5680824902044,4.524852808815403],[-73.64153157263961,4.547163259257454],[-73.61582439378729,4.668631267219737],[-73.5680824902044,4.66119445040572],[-73.53503040310855,4.715731107041847],[-73.41506356846438,4.751675721642931],[-73.37221827037718,4.801254500403045]]]}},{"type":"Feature","properties":{"dep":"25","muni":"295","name":"GACHANCIPÁ","dep_name":"CUNDINAMARCA"},"geometry":{"type":"Polygon","coordinates":[[[-73.87044787956269,5.047908924734619],[-73.85575806307565,5.0355142300445905],[-73.85575806307565,4.989653859691485],[-73.87412033368444,4.963625000842423],[-73.91206902627597,5.028077413230573],[-73.87044787956269,5.047908924734619]]]}},{"type":"Feature","properties":{"dep":"25","muni":"297","name":"GACHETÁ","dep_name":"CUNDINAMARCA"},"geometry":{"type":"Polygon","coordinates":[[[-73.54237531135207,4.914046222082309],[-73.52034058662151,4.879341076950228],[-73.55461682509127,4.791338744651023],[-73.59134136630888,4.7789440499609945],[-73.62316930203082,4.795057153058032],[-73.72232556331835,4.842156992880142],[-73.68560102210074,4.933877733586355],[-73.61704854516121,4.961146061904419],[-73.54237531135207,4.914046222082309]]]}},{"type":"Feature","properties":{"dep":"25","muni":"299","name":"GAMA","dep_name":"CUNDINAMARCA"},"geometry":{"type":"Polygon","coordinates":[[[-73.59134136630888,4.7789440499609945],[-73.53503040310855,4.715731107041847],[-73.5680824902044,4.66119445040572],[-73.61582439378729,4.668631267219737],[-73.65377308637882,4.720688984917858],[-73.62316930203082,4.795057153058032],[-73.59134136630888,4.7789440499609945]]]}},{"type":"Feature","properties":{"dep":"25","muni":"312","name":"GRANADA","dep_name":"CUNDINAMARCA"},"geometry":{"type":"Polygon","coordinates":[[[-74.30379746593044,4.5546000760714715],[-74.28421104394772,4.512458114125373],[-74.30257331455653,4.503781827842353],[-74.3980571217223,4.491387133152324],[-74.39438466760053,4.500063419435344],[-74.36378088325253,4.557079015009478],[-74.30379746593044,4.5546000760714715]]]}},{"type":"Feature","properties":{"dep":"25","muni":"317","name":"GUACHETÁ","dep_name":"CUNDINAMARCA"},"geometry":{"type":"Polygon","coordinates":[[[-73.61827269653513,5.404876131807452],[-73.5925655176828,5.398678784462437],[-73.5986862745524,5.3788472729583905],[-73.69417008171818,5.329268494198274],[-73.76394671003163,5.324310616322263],[-73.773739921023,5.351578944640327],[-73.71987726057051,5.4594127884435775],[-73.61827269653513,5.404876131807452]]]}},{"type":"Feature","properties":{"dep":"25","muni":"320","name":"GUADUAS","dep_name":"CUNDINAMARCA"},"geometry":{"type":"Polygon","coordinates":[[[-74.65023230474986,5.442060215877538],[-74.61473191490617,5.38752355924141],[-74.58902473605384,5.354057883578333],[-74.61473191490617,5.21523730305001],[-74.51435150224472,5.19416632207696],[-74.52536886461,5.134671787564821],[-74.54128283247096,5.065261497300661],[-74.53516207560136,4.96610393978043],[-74.55230019483625,4.9648644703114275],[-74.56943831407112,4.994611737567496],[-74.70531911657626,5.011964310133536],[-74.73102629542859,4.997090676505502],[-74.72980214405467,5.067740436238665],[-74.73469874955035,5.287126532252177],[-74.65023230474986,5.442060215877538]]]}},{"type":"Feature","properties":{"dep":"25","muni":"322","name":"GUASCA","dep_name":"CUNDINAMARCA"},"geometry":{"type":"Polygon","coordinates":[[[-73.76272255865771,4.823564950845098],[-73.7492568935446,4.728125801731876],[-73.79944709987532,4.6835049008477725],[-73.85086145757997,4.687223309254781],[-73.95981092985886,4.812409725624072],[-73.91574148039774,4.914046222082309],[-73.90839657215422,4.922722508365329],[-73.83372333834508,4.8880173632332475],[-73.76272255865771,4.823564950845098]]]}},{"type":"Feature","properties":{"dep":"25","muni":"324","name":"GUATAQUÍ","dep_name":"CUNDINAMARCA"},"geometry":{"type":"Polygon","coordinates":[[[-74.75183686878523,4.588065751734549],[-74.74326780916779,4.475274030055287],[-74.82161349709868,4.4455267627992185],[-74.79468216687245,4.500063419435344],[-74.79345801549852,4.591784160141557],[-74.75183686878523,4.588065751734549]]]}},{"type":"Feature","properties":{"dep":"25","muni":"326","name":"GUATAVITA","dep_name":"CUNDINAMARCA"},"geometry":{"type":"Polygon","coordinates":[[[-73.7137565037009,4.952469775621397],[-73.68560102210074,4.933877733586355],[-73.72232556331835,4.842156992880142],[-73.76272255865771,4.823564950845098],[-73.83372333834508,4.8880173632332475],[-73.90839657215422,4.922722508365329],[-73.87412033368444,4.963625000842423],[-73.85575806307565,4.989653859691485],[-73.7137565037009,4.952469775621397]]]}},{"type":"Feature","properties":{"dep":"25","muni":"328","name":"GUAYABAL DE SÍQUIMA","dep_name":"CUNDINAMARCA"},"geometry":{"type":"Polygon","coordinates":[[[-74.48252356652279,4.938835611462366],[-74.45804053904439,4.832241237128118],[-74.50578244262728,4.832241237128118],[-74.50455829125336,4.943793489338377],[-74.48252356652279,4.938835611462366]]]}},{"type":"Feature","properties":{"dep":"25","muni":"335","name":"GUAYABETAL","dep_name":"CUNDINAMARCA"},"geometry":{"type":"Polygon","coordinates":[[[-73.76394671003163,4.280677323421834],[-73.74313613667499,4.198872338467643],[-73.81413691636236,4.201351277405649],[-73.89615505841502,4.143096212362513],[-73.93287959963263,4.1492935597075284],[-73.89860336116286,4.217464380502687],[-73.9194139345195,4.264564220324797],[-73.90105166391069,4.27076156766981],[-73.83249918697116,4.278198384483828],[-73.7921021916318,4.352566552624001],[-73.76394671003163,4.280677323421834]]]}},{"type":"Feature","properties":{"dep":"25","muni":"339","name":"GUTIÉRREZ","dep_name":"CUNDINAMARCA"},"geometry":{"type":"Polygon","coordinates":[[[-73.9194139345195,4.264564220324797],[-73.89860336116286,4.217464380502687],[-73.93287959963263,4.1492935597075284],[-73.9561384757371,4.099714780947412],[-74.03326001229408,4.067488574753337],[-74.10058833785969,4.01295191811721],[-74.15077854419042,4.00427563183419],[-74.12507136533809,4.055093880063309],[-74.11038154885105,4.181519765901603],[-74.04305322328544,4.296790426518871],[-73.9194139345195,4.264564220324797]]]}},{"type":"Feature","properties":{"dep":"25","muni":"368","name":"JERUSALÉN","dep_name":"CUNDINAMARCA"},"geometry":{"type":"Polygon","coordinates":[[[-74.60861115803657,4.651278694653696],[-74.59024888742776,4.633926122087656],[-74.59759379567129,4.626489305273639],[-74.60004209841912,4.619052488459621],[-74.63187003414106,4.560797423416487],[-74.72612968993292,4.460400396427252],[-74.74326780916779,4.475274030055287],[-74.75183686878523,4.588065751734549],[-74.73347459817643,4.621531427397628],[-74.60861115803657,4.651278694653696]]]}},{"type":"Feature","properties":{"dep":"25","muni":"372","name":"JUNÍN","dep_name":"CUNDINAMARCA"},"geometry":{"type":"Polygon","coordinates":[[[-73.62316930203082,4.795057153058032],[-73.65377308637882,4.720688984917858],[-73.61582439378729,4.668631267219737],[-73.64153157263961,4.547163259257454],[-73.66846290286585,4.5397264424434365],[-73.70029083858779,4.624010366335634],[-73.79332634300572,4.681025961909766],[-73.79944709987532,4.6835049008477725],[-73.7492568935446,4.728125801731876],[-73.76272255865771,4.823564950845098],[-73.72232556331835,4.842156992880142],[-73.62316930203082,4.795057153058032]]]}},{"type":"Feature","properties":{"dep":"25","muni":"377","name":"LA CALERA","dep_name":"CUNDINAMARCA"},"geometry":{"type":"Polygon","coordinates":[[[-73.95981092985886,4.812409725624072],[-73.85086145757997,4.687223309254781],[-73.79944709987532,4.6835049008477725],[-73.79332634300572,4.681025961909766],[-73.79332634300572,4.637644530494665],[-73.98796641145903,4.63144718314965],[-74.00755283344175,4.664912858812729],[-74.00632868206783,4.823564950845098],[-73.95981092985886,4.812409725624072]]]}},{"type":"Feature","properties":{"dep":"25","muni":"386","name":"LA MESA","dep_name":"CUNDINAMARCA"},"geometry":{"type":"Polygon","coordinates":[[[-74.3980571217223,4.71697057651085],[-74.39316051622662,4.69961800394481],[-74.44579902530519,4.597981507486573],[-74.47762696102711,4.57567105704452],[-74.55719680033192,4.647560286246687],[-74.50945489674903,4.679786492440764],[-74.43722996568775,4.713252168103841],[-74.3980571217223,4.71697057651085]]]}},{"type":"Feature","properties":{"dep":"25","muni":"394","name":"LA PALMA","dep_name":"CUNDINAMARCA"},"geometry":{"type":"Polygon","coordinates":[[[-74.36500503462645,5.418510295966483],[-74.35766012638292,5.331747433136281],[-74.35521182363509,5.256139795527105],[-74.3980571217223,5.285887062783173],[-74.45681638767047,5.252421387120096],[-74.49231677751415,5.256139795527105],[-74.43845411706167,5.360255230923347],[-74.4225401492007,5.44329968534654],[-74.36500503462645,5.418510295966483]]]}},{"type":"Feature","properties":{"dep":"25","muni":"398","name":"LA PEÑA","dep_name":"CUNDINAMARCA"},"geometry":{"type":"Polygon","coordinates":[[[-74.35521182363509,5.256139795527105],[-74.36990164012214,5.200363669421975],[-74.40785033271366,5.119798153936788],[-74.44702317667911,5.124756031812799],[-74.45681638767047,5.252421387120096],[-74.3980571217223,5.285887062783173],[-74.35521182363509,5.256139795527105]]]}},{"type":"Feature","properties":{"dep":"25","muni":"402","name":"LA VEGA","dep_name":"CUNDINAMARCA"},"geometry":{"type":"Polygon","coordinates":[[[-74.27809028707811,5.029316882699577],[-74.32093558516533,5.005766962788522],[-74.29278010356516,4.9115672831443025],[-74.32215973653925,4.885538424295243],[-74.35766012638292,4.894214710578263],[-74.39560881897445,5.02188006588556],[-74.34174615852197,5.051627333141628],[-74.30379746593044,5.0739377835836805],[-74.27809028707811,5.029316882699577]]]}},{"type":"Feature","properties":{"dep":"25","muni":"407","name":"LENGUAZAQUE","dep_name":"CUNDINAMARCA"},"geometry":{"type":"Polygon","coordinates":[[[-73.66234214599626,5.242505631368074],[-73.68437687072682,5.228871467209041],[-73.76517086140555,5.2982817574732035],[-73.76394671003163,5.324310616322263],[-73.69417008171818,5.329268494198274],[-73.5986862745524,5.3788472729583905],[-73.59623797180457,5.3652131087993595],[-73.66234214599626,5.242505631368074]]]}},{"type":"Feature","properties":{"dep":"25","muni":"426","name":"MACHETÁ","dep_name":"CUNDINAMARCA"},"geometry":{"type":"Polygon","coordinates":[[[-73.5374787058564,5.122277092874793],[-73.54115115997816,5.072698314114678],[-73.61704854516121,4.961146061904419],[-73.68560102210074,4.933877733586355],[-73.7137565037009,4.952469775621397],[-73.68804932484858,4.98345651234647],[-73.61704854516121,5.132192848626817],[-73.5374787058564,5.122277092874793]]]}},{"type":"Feature","properties":{"dep":"25","muni":"430","name":"MADRID","dep_name":"CUNDINAMARCA"},"geometry":{"type":"Polygon","coordinates":[[[-74.17770987441666,4.858270095977179],[-74.21810686975603,4.793817683589028],[-74.23279668624306,4.736802088014896],[-74.29890086043476,4.71697057651085],[-74.32828049340884,4.765309885801962],[-74.26095216784323,4.823564950845098],[-74.20096875052114,4.857030626508175],[-74.17770987441666,4.858270095977179]]]}},{"type":"Feature","properties":{"dep":"25","muni":"436","name":"MANTA","dep_name":"CUNDINAMARCA"},"geometry":{"type":"Polygon","coordinates":[[[-73.52278888936935,5.029316882699577],[-73.5068749215084,4.995851207036498],[-73.54237531135207,4.914046222082309],[-73.61704854516121,4.961146061904419],[-73.54115115997816,5.072698314114678],[-73.52278888936935,5.029316882699577]]]}},{"type":"Feature","properties":{"dep":"25","muni":"438","name":"MEDINA","dep_name":"CUNDINAMARCA"},"geometry":{"type":"Polygon","coordinates":[[[-73.24735483023731,4.624010366335634],[-73.19594047253266,4.560797423416487],[-73.20328538077618,4.490147663683322],[-73.25469973848082,4.423216312357166],[-73.36609751350757,4.374877003066054],[-73.42730508220357,4.306706182270895],[-73.47259868303863,4.275719445545823],[-73.55094437096952,4.307945651739898],[-73.57175494432616,4.37363753359705],[-73.60235872867416,4.461639865896256],[-73.5680824902044,4.524852808815403],[-73.46892622891687,4.63144718314965],[-73.4040462060991,4.67854702297176],[-73.24735483023731,4.624010366335634]]]}},{"type":"Feature","properties":{"dep":"25","muni":"483","name":"NARIÑO","dep_name":"CUNDINAMARCA"},"geometry":{"type":"Polygon","coordinates":[[[-74.72612968993292,4.460400396427252],[-74.75306102015915,4.434371537578192],[-74.85588973556845,4.335213980057961],[-74.82161349709868,4.4455267627992185],[-74.74326780916779,4.475274030055287],[-74.72612968993292,4.460400396427252]]]}},{"type":"Feature","properties":{"dep":"25","muni":"486","name":"NEMOCÓN","dep_name":"CUNDINAMARCA"},"geometry":{"type":"Polygon","coordinates":[[[-73.8459648520843,5.1545032990688675],[-73.83005088422333,5.096248234025733],[-73.87044787956269,5.047908924734619],[-73.91206902627597,5.028077413230573],[-73.93532790238046,5.042951046858608],[-73.90594826940638,5.133432318095819],[-73.8459648520843,5.1545032990688675]]]}},{"type":"Feature","properties":{"dep":"25","muni":"488","name":"NILO","dep_name":"CUNDINAMARCA"},"geometry":{"type":"Polygon","coordinates":[[[-74.54862774071448,4.3637217778450275],[-74.49843753438375,4.355045491562008],[-74.55230019483625,4.264564220324797],[-74.555972648958,4.267043159262803],[-74.63921494238457,4.211267033157672],[-74.73102629542859,4.2447327088207505],[-74.66124966711514,4.305466712801891],[-74.6649221212369,4.3401718579339725],[-74.59759379567129,4.358763899969016],[-74.54862774071448,4.3637217778450275]]]}},{"type":"Feature","properties":{"dep":"25","muni":"489","name":"NIMAIMA","dep_name":"CUNDINAMARCA"},"geometry":{"type":"Polygon","coordinates":[[[-74.34052200714805,5.200363669421975],[-74.37479824561781,5.104924520308753],[-74.42743675469639,5.065261497300661],[-74.44824732805303,5.072698314114678],[-74.45069563080087,5.123516562343797],[-74.44702317667911,5.124756031812799],[-74.40785033271366,5.119798153936788],[-74.36990164012214,5.200363669421975],[-74.34052200714805,5.200363669421975]]]}},{"type":"Feature","properties":{"dep":"25","muni":"491","name":"NOCAIMA","dep_name":"CUNDINAMARCA"},"geometry":{"type":"Polygon","coordinates":[[[-74.37479824561781,5.104924520308753],[-74.34174615852197,5.051627333141628],[-74.39560881897445,5.02188006588556],[-74.41274693820934,5.020640596416557],[-74.42743675469639,5.065261497300661],[-74.37479824561781,5.104924520308753]]]}},{"type":"Feature","properties":{"dep":"25","muni":"506","name":"VENECIA","dep_name":"CUNDINAMARCA"},"geometry":{"type":"Polygon","coordinates":[[[-74.44457487393126,4.1108700061684385],[-74.3796948511135,4.036501838028265],[-74.52414471323608,4.022867673869234],[-74.4764028096532,4.119546292451458],[-74.44457487393126,4.1108700061684385]]]}},{"type":"Feature","properties":{"dep":"25","muni":"513","name":"PACHO","dep_name":"CUNDINAMARCA"},"geometry":{"type":"Polygon","coordinates":[[[-74.1373128790773,5.235068814554056],[-74.0773294617552,5.230110936678043],[-74.04550152603328,5.169376932696903],[-74.04550152603328,5.158221707475876],[-74.09324342961617,5.066500966769663],[-74.15812345243394,5.044190516327612],[-74.22667592937347,5.118558684467784],[-74.30012501180869,5.1929268526079575],[-74.24871065410403,5.277210776500153],[-74.21321026426034,5.295802818535197],[-74.20586535601683,5.22391358933303],[-74.1373128790773,5.235068814554056]]]}},{"type":"Feature","properties":{"dep":"25","muni":"518","name":"PAIME","dep_name":"CUNDINAMARCA"},"geometry":{"type":"Polygon","coordinates":[[[-74.09691588373792,5.470568013664604],[-74.09446758099008,5.4358628685325225],[-74.1740374202949,5.297042288004199],[-74.22055517250386,5.341663188888305],[-74.234020837617,5.397439314993434],[-74.17770987441666,5.4594127884435775],[-74.17526157166883,5.461891727381584],[-74.09691588373792,5.470568013664604]]]}},{"type":"Feature","properties":{"dep":"25","muni":"524","name":"PANDI","dep_name":"CUNDINAMARCA"},"geometry":{"type":"Polygon","coordinates":[[[-74.46660959866183,4.217464380502687],[-74.42743675469639,4.151772498645533],[-74.44457487393126,4.1108700061684385],[-74.4764028096532,4.119546292451458],[-74.5192481077404,4.241014300413742],[-74.46660959866183,4.217464380502687]]]}},{"type":"Feature","properties":{"dep":"25","muni":"530","name":"PARATEBUENO","dep_name":"CUNDINAMARCA"},"geometry":{"type":"Polygon","coordinates":[[[-73.05271476178399,4.736802088014896],[-73.09188760574945,4.475274030055287],[-73.12493969284529,4.257127403510779],[-73.35385599976837,4.321579815898929],[-73.42730508220357,4.306706182270895],[-73.36609751350757,4.374877003066054],[-73.25469973848082,4.423216312357166],[-73.20328538077618,4.490147663683322],[-73.19594047253266,4.560797423416487],[-73.24735483023731,4.624010366335634],[-73.22042350001107,4.676068084033755],[-73.20818198627187,4.681025961909766],[-73.10290496811473,4.66119445040572],[-73.05271476178399,4.736802088014896]]]}},{"type":"Feature","properties":{"dep":"25","muni":"535","name":"PASCA","dep_name":"CUNDINAMARCA"},"geometry":{"type":"Polygon","coordinates":[[[-74.23646914036483,4.400905861915113],[-74.21443441563427,4.381074350411067],[-74.23769329173875,4.195153930060634],[-74.33562540165236,4.227380136254711],[-74.35153936951333,4.295550957049869],[-74.31971143379141,4.38603222828708],[-74.2829868925738,4.379834880942065],[-74.23646914036483,4.400905861915113]]]}},{"type":"Feature","properties":{"dep":"25","muni":"572","name":"PUERTO SALGAR","dep_name":"CUNDINAMARCA"},"geometry":{"type":"Polygon","coordinates":[[[-74.48619602064456,5.770519625163303],[-74.48742017201847,5.646572678263013],[-74.54005868109704,5.5548519375567995],[-74.59024888742776,5.48172323888563],[-74.61473191490617,5.38752355924141],[-74.65023230474986,5.442060215877538],[-74.67471533222826,5.516428384017711],[-74.62697342864537,5.697390926492131],[-74.66124966711514,5.751927583128259],[-74.59269719017561,5.746969705252248],[-74.53026547010568,5.790351136667349],[-74.48619602064456,5.770519625163303]]]}},{"type":"Feature","properties":{"dep":"25","muni":"580","name":"PULÍ","dep_name":"CUNDINAMARCA"},"geometry":{"type":"Polygon","coordinates":[[[-74.68450854321962,4.757873068987944],[-74.59024888742776,4.742999435359911],[-74.60861115803657,4.651278694653696],[-74.73347459817643,4.621531427397628],[-74.76285423115051,4.6835049008477725],[-74.73469874955035,4.7541546605809355],[-74.68450854321962,4.757873068987944]]]}},{"type":"Feature","properties":{"dep":"25","muni":"592","name":"QUEBRADANEGRA","dep_name":"CUNDINAMARCA"},"geometry":{"type":"Polygon","coordinates":[[[-74.45069563080087,5.123516562343797],[-74.44824732805303,5.072698314114678],[-74.54128283247096,5.065261497300661],[-74.52536886461,5.134671787564821],[-74.45069563080087,5.123516562343797]]]}},{"type":"Feature","properties":{"dep":"25","muni":"594","name":"QUETAME","dep_name":"CUNDINAMARCA"},"geometry":{"type":"Polygon","coordinates":[[[-73.80924031086668,4.395947984039102],[-73.7921021916318,4.352566552624001],[-73.83249918697116,4.278198384483828],[-73.90105166391069,4.27076156766981],[-73.89615505841502,4.348848144216992],[-73.87534448505838,4.38603222828708],[-73.80924031086668,4.395947984039102]]]}},{"type":"Feature","properties":{"dep":"25","muni":"596","name":"QUIPILE","dep_name":"CUNDINAMARCA"},"geometry":{"type":"Polygon","coordinates":[[[-74.52414471323608,4.793817683589028],[-74.51067904812295,4.728125801731876],[-74.50945489674903,4.679786492440764],[-74.55719680033192,4.647560286246687],[-74.59024888742776,4.633926122087656],[-74.60861115803657,4.651278694653696],[-74.59024888742776,4.742999435359911],[-74.56331755720153,4.796296622527034],[-74.55964510307976,4.796296622527034],[-74.52414471323608,4.793817683589028]]]}},{"type":"Feature","properties":{"dep":"25","muni":"599","name":"APULO","dep_name":"CUNDINAMARCA"},"geometry":{"type":"Polygon","coordinates":[[[-74.50210998850551,4.483950316338307],[-74.56209340582761,4.446766232268221],[-74.62085267177578,4.505021297311357],[-74.60004209841912,4.619052488459621],[-74.59759379567129,4.626489305273639],[-74.56454170857545,4.532289625629419],[-74.50210998850551,4.483950316338307]]]}},{"type":"Feature","properties":{"dep":"25","muni":"612","name":"RICAURTE","dep_name":"CUNDINAMARCA"},"geometry":{"type":"Polygon","coordinates":[[[-74.73592290092427,4.381074350411067],[-74.6649221212369,4.3401718579339725],[-74.66124966711514,4.305466712801891],[-74.73102629542859,4.2447327088207505],[-74.74449196054171,4.236056422537731],[-74.74449196054171,4.247211647758757],[-74.78121650175932,4.264564220324797],[-74.79713046962028,4.288114140235852],[-74.74326780916779,4.381074350411067],[-74.73592290092427,4.381074350411067]]]}},{"type":"Feature","properties":{"dep":"25","muni":"645","name":"SAN ANTONIO DEL TEQUENDAMA","dep_name":"CUNDINAMARCA"},"geometry":{"type":"Polygon","coordinates":[[[-74.30624576867828,4.620291957928625],[-74.30379746593044,4.5546000760714715],[-74.36378088325253,4.557079015009478],[-74.39438466760053,4.62277089686663],[-74.34419446126981,4.653757633591702],[-74.30624576867828,4.620291957928625]]]}},{"type":"Feature","properties":{"dep":"25","muni":"649","name":"SAN BERNARDO","dep_name":"CUNDINAMARCA"},"geometry":{"type":"Polygon","coordinates":[[[-74.24014159448659,4.186477643777614],[-74.24503819998228,4.103433189354421],[-74.32460803928709,4.126983109265476],[-74.36500503462645,4.035262368559263],[-74.3796948511135,4.036501838028265],[-74.44457487393126,4.1108700061684385],[-74.42743675469639,4.151772498645533],[-74.46660959866183,4.217464380502687],[-74.29767670906084,4.176561888025592],[-74.24014159448659,4.186477643777614]]]}},{"type":"Feature","properties":{"dep":"25","muni":"653","name":"SAN CAYETANO","dep_name":"CUNDINAMARCA"},"geometry":{"type":"Polygon","coordinates":[[[-73.9989837738243,5.367692047737364],[-73.97450074634591,5.319352738446252],[-73.99531131970255,5.258618734465111],[-74.0773294617552,5.230110936678043],[-74.1373128790773,5.235068814554056],[-74.1740374202949,5.297042288004199],[-74.09446758099008,5.4358628685325225],[-73.9989837738243,5.367692047737364]]]}},{"type":"Feature","properties":{"dep":"25","muni":"658","name":"SAN FRANCISCO","dep_name":"CUNDINAMARCA"},"geometry":{"type":"Polygon","coordinates":[[[-74.21443441563427,4.997090676505502],[-74.23034838349523,4.945032958807381],[-74.28421104394772,4.875622668543219],[-74.32215973653925,4.885538424295243],[-74.29278010356516,4.9115672831443025],[-74.32093558516533,5.005766962788522],[-74.27809028707811,5.029316882699577],[-74.21443441563427,4.997090676505502]]]}},{"type":"Feature","properties":{"dep":"25","muni":"718","name":"SASAIMA","dep_name":"CUNDINAMARCA"},"geometry":{"type":"Polygon","coordinates":[[[-74.35766012638292,4.894214710578263],[-74.40295372721798,4.88058054641923],[-74.48007526377495,4.952469775621397],[-74.41274693820934,5.020640596416557],[-74.39560881897445,5.02188006588556],[-74.35766012638292,4.894214710578263]]]}},{"type":"Feature","properties":{"dep":"25","muni":"736","name":"SESQUILÉ","dep_name":"CUNDINAMARCA"},"geometry":{"type":"Polygon","coordinates":[[[-73.76027425590988,5.051627333141628],[-73.68804932484858,4.98345651234647],[-73.7137565037009,4.952469775621397],[-73.85575806307565,4.989653859691485],[-73.85575806307565,5.0355142300445905],[-73.8104644622406,5.0826140698667],[-73.76027425590988,5.051627333141628]]]}},{"type":"Feature","properties":{"dep":"25","muni":"743","name":"SILVANIA","dep_name":"CUNDINAMARCA"},"geometry":{"type":"Polygon","coordinates":[[[-74.30012501180869,4.426934720764175],[-74.38826391073094,4.398426922977109],[-74.42009184645286,4.358763899969016],[-74.45191978217478,4.38603222828708],[-74.3980571217223,4.491387133152324],[-74.30257331455653,4.503781827842353],[-74.30012501180869,4.426934720764175]]]}},{"type":"Feature","properties":{"dep":"25","muni":"745","name":"SIMIJACA","dep_name":"CUNDINAMARCA"},"geometry":{"type":"Polygon","coordinates":[[[-73.78965388888396,5.552372998618795],[-73.78720558613611,5.510231036672696],[-73.86677542544093,5.461891727381584],[-73.90227581528461,5.466849605257595],[-73.91084487490205,5.523865200831729],[-73.84841315483213,5.54617565127378],[-73.78965388888396,5.552372998618795]]]}},{"type":"Feature","properties":{"dep":"25","muni":"758","name":"SOPÓ","dep_name":"CUNDINAMARCA"},"geometry":{"type":"Polygon","coordinates":[[[-73.9916388655808,4.972301287125443],[-73.91574148039774,4.914046222082309],[-73.95981092985886,4.812409725624072],[-74.00632868206783,4.823564950845098],[-74.00632868206783,4.917764630489318],[-73.99775962245039,4.973540756594447],[-73.9916388655808,4.972301287125443]]]}},{"type":"Feature","properties":{"dep":"25","muni":"769","name":"SUBACHOQUE","dep_name":"CUNDINAMARCA"},"geometry":{"type":"Polygon","coordinates":[[[-74.09324342961617,5.066500966769663],[-74.08712267274656,5.010724840664533],[-74.12874381945986,4.904130466330285],[-74.17770987441666,4.858270095977179],[-74.20096875052114,4.857030626508175],[-74.23034838349523,4.945032958807381],[-74.21443441563427,4.997090676505502],[-74.15812345243394,5.044190516327612],[-74.09324342961617,5.066500966769663]]]}},{"type":"Feature","properties":{"dep":"25","muni":"772","name":"SUESCA","dep_name":"CUNDINAMARCA"},"geometry":{"type":"Polygon","coordinates":[[[-73.68437687072682,5.228871467209041],[-73.73334292568363,5.156982238006874],[-73.76027425590988,5.051627333141628],[-73.8104644622406,5.0826140698667],[-73.85575806307565,5.0355142300445905],[-73.87044787956269,5.047908924734619],[-73.83005088422333,5.096248234025733],[-73.8459648520843,5.1545032990688675],[-73.83861994384077,5.1644190548208915],[-73.7492568935446,5.218955711457019],[-73.68437687072682,5.228871467209041]]]}},{"type":"Feature","properties":{"dep":"25","muni":"777","name":"SUPATÁ","dep_name":"CUNDINAMARCA"},"geometry":{"type":"Polygon","coordinates":[[[-74.15812345243394,5.044190516327612],[-74.21443441563427,4.997090676505502],[-74.27809028707811,5.029316882699577],[-74.30379746593044,5.0739377835836805],[-74.22667592937347,5.118558684467784],[-74.15812345243394,5.044190516327612]]]}},{"type":"Feature","properties":{"dep":"25","muni":"779","name":"SUSA","dep_name":"CUNDINAMARCA"},"geometry":{"type":"Polygon","coordinates":[[[-73.74313613667499,5.470568013664604],[-73.82515427872764,5.373889395082379],[-73.83984409521469,5.367692047737364],[-73.86677542544093,5.461891727381584],[-73.78720558613611,5.510231036672696],[-73.74313613667499,5.470568013664604]]]}},{"type":"Feature","properties":{"dep":"25","muni":"781","name":"SUTATAUSA","dep_name":"CUNDINAMARCA"},"geometry":{"type":"Polygon","coordinates":[[[-73.804343705371,5.258618734465111],[-73.84718900345821,5.19416632207696],[-73.89737920978894,5.252421387120096],[-73.86677542544093,5.282168654376166],[-73.804343705371,5.258618734465111]]]}},{"type":"Feature","properties":{"dep":"25","muni":"785","name":"TABIO","dep_name":"CUNDINAMARCA"},"geometry":{"type":"Polygon","coordinates":[[[-74.03326001229408,4.963625000842423],[-74.0773294617552,4.9115672831443025],[-74.08222606725089,4.892975241109259],[-74.12874381945986,4.904130466330285],[-74.08712267274656,5.010724840664533],[-74.03326001229408,4.963625000842423]]]}},{"type":"Feature","properties":{"dep":"25","muni":"793","name":"TAUSA","dep_name":"CUNDINAMARCA"},"geometry":{"type":"Polygon","coordinates":[[[-73.99531131970255,5.258618734465111],[-73.95246602161535,5.205321547297986],[-73.89737920978894,5.252421387120096],[-73.84718900345821,5.19416632207696],[-73.83861994384077,5.1644190548208915],[-73.8459648520843,5.1545032990688675],[-73.90594826940638,5.133432318095819],[-74.04550152603328,5.169376932696903],[-74.0773294617552,5.230110936678043],[-73.99531131970255,5.258618734465111]]]}},{"type":"Feature","properties":{"dep":"25","muni":"797","name":"TENA","dep_name":"CUNDINAMARCA"},"geometry":{"type":"Polygon","coordinates":[[[-74.34419446126981,4.653757633591702],[-74.39438466760053,4.62277089686663],[-74.44579902530519,4.597981507486573],[-74.39316051622662,4.69961800394481],[-74.34419446126981,4.653757633591702]]]}},{"type":"Feature","properties":{"dep":"25","muni":"799","name":"TENJO","dep_name":"CUNDINAMARCA"},"geometry":{"type":"Polygon","coordinates":[[[-74.08222606725089,4.892975241109259],[-74.09446758099008,4.848354340225155],[-74.16302005792961,4.750436252173927],[-74.21810686975603,4.793817683589028],[-74.17770987441666,4.858270095977179],[-74.12874381945986,4.904130466330285],[-74.08222606725089,4.892975241109259]]]}},{"type":"Feature","properties":{"dep":"25","muni":"805","name":"TIBACUY","dep_name":"CUNDINAMARCA"},"geometry":{"type":"Polygon","coordinates":[[[-74.42009184645286,4.358763899969016],[-74.48252356652279,4.289353609704854],[-74.5498518920884,4.260845811917788],[-74.55230019483625,4.264564220324797],[-74.49843753438375,4.355045491562008],[-74.45191978217478,4.38603222828708],[-74.42009184645286,4.358763899969016]]]}},{"type":"Feature","properties":{"dep":"25","muni":"807","name":"TIBIRITA","dep_name":"CUNDINAMARCA"},"geometry":{"type":"Polygon","coordinates":[[[-73.49218510502135,5.128474440219808],[-73.47994359128215,5.062782558362654],[-73.52278888936935,5.029316882699577],[-73.54115115997816,5.072698314114678],[-73.5374787058564,5.122277092874793],[-73.53625455448247,5.132192848626817],[-73.49218510502135,5.128474440219808]]]}},{"type":"Feature","properties":{"dep":"25","muni":"815","name":"TOCAIMA","dep_name":"CUNDINAMARCA"},"geometry":{"type":"Polygon","coordinates":[[[-74.56209340582761,4.446766232268221],[-74.54862774071448,4.3637217778450275],[-74.59759379567129,4.358763899969016],[-74.6771636349761,4.415779495543148],[-74.73592290092427,4.381074350411067],[-74.74326780916779,4.381074350411067],[-74.75306102015915,4.434371537578192],[-74.72612968993292,4.460400396427252],[-74.63187003414106,4.560797423416487],[-74.60004209841912,4.619052488459621],[-74.62085267177578,4.505021297311357],[-74.56209340582761,4.446766232268221]]]}},{"type":"Feature","properties":{"dep":"25","muni":"817","name":"TOCANCIPÁ","dep_name":"CUNDINAMARCA"},"geometry":{"type":"Polygon","coordinates":[[[-73.87412033368444,4.963625000842423],[-73.90839657215422,4.922722508365329],[-73.91574148039774,4.914046222082309],[-73.9916388655808,4.972301287125443],[-73.91206902627597,5.028077413230573],[-73.87412033368444,4.963625000842423]]]}},{"type":"Feature","properties":{"dep":"25","muni":"823","name":"TOPAIPÍ","dep_name":"CUNDINAMARCA"},"geometry":{"type":"Polygon","coordinates":[[[-74.234020837617,5.397439314993434],[-74.22055517250386,5.341663188888305],[-74.21321026426034,5.295802818535197],[-74.24871065410403,5.277210776500153],[-74.35766012638292,5.331747433136281],[-74.36500503462645,5.418510295966483],[-74.30624576867828,5.388763028710413],[-74.234020837617,5.397439314993434]]]}},{"type":"Feature","properties":{"dep":"25","muni":"839","name":"UBALÁ","dep_name":"CUNDINAMARCA"},"geometry":{"type":"MultiPolygon","coordinates":[[[[-73.22042350001107,4.676068084033755],[-73.24735483023731,4.624010366335634],[-73.4040462060991,4.67854702297176],[-73.38445978411637,4.757873068987944],[-73.32447636679429,4.780183519429997],[-73.30611409618548,4.731844210138885],[-73.2228718027589,4.733083679607887],[-73.22042350001107,4.676068084033755]]],[[[-73.4468915041863,4.88925683270225],[-73.40159790335126,4.879341076950228],[-73.37221827037718,4.801254500403045],[-73.41506356846438,4.751675721642931],[-73.53503040310855,4.715731107041847],[-73.59134136630888,4.7789440499609945],[-73.55461682509127,4.791338744651023],[-73.52034058662151,4.879341076950228],[-73.4468915041863,4.88925683270225]]]]}},{"type":"Feature","properties":{"dep":"25","muni":"841","name":"UBAQUE","dep_name":"CUNDINAMARCA"},"geometry":{"type":"Polygon","coordinates":[[[-74.00510453069391,4.560797423416487],[-73.95858677848494,4.508739705718364],[-73.90472411803246,4.500063419435344],[-73.90349996665853,4.440568884923206],[-73.97327659497199,4.457921457489247],[-74.04794982878111,4.512458114125373],[-74.00510453069391,4.560797423416487]]]}},{"type":"Feature","properties":{"dep":"25","muni":"843","name":"VILLA DE SAN DIEGO DE UBATÉ","dep_name":"CUNDINAMARCA"},"geometry":{"type":"Polygon","coordinates":[[[-73.773739921023,5.351578944640327],[-73.76394671003163,5.324310616322263],[-73.76517086140555,5.2982817574732035],[-73.804343705371,5.258618734465111],[-73.86677542544093,5.282168654376166],[-73.83984409521469,5.367692047737364],[-73.82515427872764,5.373889395082379],[-73.773739921023,5.351578944640327]]]}},{"type":"Feature","properties":{"dep":"25","muni":"845","name":"UNE","dep_name":"CUNDINAMARCA"},"geometry":{"type":"Polygon","coordinates":[[[-73.99041471420688,4.418258434481155],[-73.9916388655808,4.355045491562008],[-74.04305322328544,4.296790426518871],[-74.11038154885105,4.181519765901603],[-74.15200269556433,4.255887934041777],[-74.1189506084685,4.310424590677902],[-73.99041471420688,4.418258434481155]]]}},{"type":"Feature","properties":{"dep":"25","muni":"851","name":"ÚTICA","dep_name":"CUNDINAMARCA"},"geometry":{"type":"Polygon","coordinates":[[[-74.45681638767047,5.252421387120096],[-74.44702317667911,5.124756031812799],[-74.45069563080087,5.123516562343797],[-74.52536886461,5.134671787564821],[-74.51435150224472,5.19416632207696],[-74.49231677751415,5.256139795527105],[-74.45681638767047,5.252421387120096]]]}},{"type":"Feature","properties":{"dep":"25","muni":"862","name":"VERGARA","dep_name":"CUNDINAMARCA"},"geometry":{"type":"Polygon","coordinates":[[[-74.30012501180869,5.1929268526079575],[-74.22667592937347,5.118558684467784],[-74.30379746593044,5.0739377835836805],[-74.34174615852197,5.051627333141628],[-74.37479824561781,5.104924520308753],[-74.34052200714805,5.200363669421975],[-74.30012501180869,5.1929268526079575]]]}},{"type":"Feature","properties":{"dep":"25","muni":"867","name":"VIANÍ","dep_name":"CUNDINAMARCA"},"geometry":{"type":"Polygon","coordinates":[[[-74.51679980499256,4.943793489338377],[-74.55964510307976,4.796296622527034],[-74.56331755720153,4.796296622527034],[-74.57678322231465,4.88925683270225],[-74.55230019483625,4.9648644703114275],[-74.53516207560136,4.96610393978043],[-74.51679980499256,4.943793489338377]]]}},{"type":"Feature","properties":{"dep":"25","muni":"871","name":"VILLAGÓMEZ","dep_name":"CUNDINAMARCA"},"geometry":{"type":"Polygon","coordinates":[[[-74.1740374202949,5.297042288004199],[-74.1373128790773,5.235068814554056],[-74.20586535601683,5.22391358933303],[-74.21321026426034,5.295802818535197],[-74.22055517250386,5.341663188888305],[-74.1740374202949,5.297042288004199]]]}},{"type":"Feature","properties":{"dep":"25","muni":"873","name":"VILLAPINZÓN","dep_name":"CUNDINAMARCA"},"geometry":{"type":"Polygon","coordinates":[[[-73.54849606822168,5.299521226942206],[-73.51421982975191,5.23258987561605],[-73.4774952885343,5.148305951723854],[-73.49218510502135,5.128474440219808],[-73.53625455448247,5.132192848626817],[-73.62684175615257,5.187968974731946],[-73.66234214599626,5.242505631368074],[-73.59623797180457,5.3652131087993595],[-73.54849606822168,5.299521226942206]]]}},{"type":"Feature","properties":{"dep":"25","muni":"875","name":"VILLETA","dep_name":"CUNDINAMARCA"},"geometry":{"type":"Polygon","coordinates":[[[-74.42743675469639,5.065261497300661],[-74.41274693820934,5.020640596416557],[-74.48007526377495,4.952469775621397],[-74.48252356652279,4.938835611462366],[-74.50455829125336,4.943793489338377],[-74.51679980499256,4.943793489338377],[-74.53516207560136,4.96610393978043],[-74.54128283247096,5.065261497300661],[-74.44824732805303,5.072698314114678],[-74.42743675469639,5.065261497300661]]]}},{"type":"Feature","properties":{"dep":"25","muni":"878","name":"VIOTÁ","dep_name":"CUNDINAMARCA"},"geometry":{"type":"Polygon","coordinates":[[[-74.39438466760053,4.500063419435344],[-74.3980571217223,4.491387133152324],[-74.45191978217478,4.38603222828708],[-74.49843753438375,4.355045491562008],[-74.54862774071448,4.3637217778450275],[-74.56209340582761,4.446766232268221],[-74.50210998850551,4.483950316338307],[-74.46905790140967,4.496345011028335],[-74.39438466760053,4.500063419435344]]]}},{"type":"Feature","properties":{"dep":"25","muni":"885","name":"YACOPÍ","dep_name":"CUNDINAMARCA"},"geometry":{"type":"Polygon","coordinates":[[[-74.29645255768692,5.764322277818287],[-74.28053858982595,5.6986303959611355],[-74.30624576867828,5.637896391979993],[-74.29155595219125,5.569725571184835],[-74.24014159448659,5.538738834459762],[-74.25483141097364,5.4978363419826675],[-74.21565856700819,5.4978363419826675],[-74.17770987441666,5.4594127884435775],[-74.234020837617,5.397439314993434],[-74.30624576867828,5.388763028710413],[-74.36500503462645,5.418510295966483],[-74.4225401492007,5.44329968534654],[-74.4531439335487,5.5548519375567995],[-74.54005868109704,5.5548519375567995],[-74.48742017201847,5.646572678263013],[-74.48619602064456,5.770519625163303],[-74.43233336019206,5.758124930473274],[-74.33440125027845,5.827535220737435],[-74.29645255768692,5.764322277818287]]]}},{"type":"Feature","properties":{"dep":"25","muni":"898","name":"ZIPACÓN","dep_name":"CUNDINAMARCA"},"geometry":{"type":"Polygon","coordinates":[[[-74.34664276401764,4.762830946863957],[-74.3980571217223,4.71697057651085],[-74.43722996568775,4.713252168103841],[-74.40662618133973,4.782662458368003],[-74.39438466760053,4.803733439341052],[-74.34664276401764,4.762830946863957]]]}},{"type":"Feature","properties":{"dep":"25","muni":"899","name":"ZIPAQUIRÁ","dep_name":"CUNDINAMARCA"},"geometry":{"type":"Polygon","coordinates":[[[-74.04550152603328,5.158221707475876],[-74.00755283344175,5.127234970750804],[-74.01367359031136,5.049148394203623],[-73.93532790238046,5.042951046858608],[-73.91206902627597,5.028077413230573],[-73.9916388655808,4.972301287125443],[-73.99775962245039,4.973540756594447],[-74.03326001229408,4.963625000842423],[-74.08712267274656,5.010724840664533],[-74.09324342961617,5.066500966769663],[-74.04550152603328,5.158221707475876]]]}},{"type":"Feature","properties":{"dep":"25","muni":"001","name":"AGUA DE DIOS","dep_name":"CUNDINAMARCA"},"geometry":{"type":"Polygon","coordinates":[[[-74.59759379567129,4.358763899969016],[-74.6649221212369,4.3401718579339725],[-74.73592290092427,4.381074350411067],[-74.6771636349761,4.415779495543148],[-74.59759379567129,4.358763899969016]]]}},{"type":"Feature","properties":{"dep":"54","muni":"001","name":"SAN JOSÉ DE CÚCUTA","dep_name":"NORTE DE SANTANDER"},"geometry":{"type":"Polygon","coordinates":[[[-72.47246701054583,8.430421105643495],[-72.42717340971078,8.380842326883378],[-72.43941492344997,8.332503017592266],[-72.38677641437141,8.277966360956139],[-72.35372432727556,8.156498352993857],[-72.37331074925828,8.104440635295735],[-72.34637941903205,8.03750928396958],[-72.48715682703286,7.945788543263365],[-72.46022549680661,7.901167642379262],[-72.48715682703286,7.857786210964161],[-72.53245042786791,7.754910245036921],[-72.57529572595512,7.721444569373844],[-72.58141648282472,7.761107592381936],[-72.56427836358984,7.787136451230996],[-72.58753723969431,7.918520214945303],[-72.59733045068569,7.9668595242364155],[-72.57774402870297,8.108159043702743],[-72.52877797374614,8.163935169807873],[-72.55938175809416,8.21351394856799],[-72.54714024435495,8.286642647239159],[-72.60712366167704,8.28292423883215],[-72.60345120755528,8.322587261840242],[-72.47246701054583,8.430421105643495]]]}},{"type":"Feature","properties":{"dep":"54","muni":"003","name":"ÁBREGO","dep_name":"NORTE DE SANTANDER"},"geometry":{"type":"Polygon","coordinates":[[[-72.99028304171406,8.285403177770156],[-72.9621275601139,8.187485089718928],[-73.01476606919248,8.14906153617984],[-73.00252455545326,8.099482757419723],[-73.02823173430559,8.042467161845591],[-73.08209439475809,8.027593528217556],[-73.04536985354048,7.867701966716185],[-73.0710770323928,7.787136451230996],[-73.15309517444545,7.809446901673049],[-73.34895939427268,7.829278413177095],[-73.35140769702052,7.892491356096242],[-73.27918276595923,7.935872787511343],[-73.29754503656804,7.984212096802455],[-73.30978655030724,8.015198833527528],[-73.3257005181682,8.090806471136704],[-73.28407937145491,8.12427214679978],[-73.27306200908963,8.191203498125937],[-73.04904230766223,8.230866521134029],[-73.05516306453184,8.285403177770156],[-72.99028304171406,8.285403177770156]]]}},{"type":"Feature","properties":{"dep":"54","muni":"051","name":"ARBOLEDAS","dep_name":"NORTE DE SANTANDER"},"geometry":{"type":"Polygon","coordinates":[[[-72.69648671197322,7.6334422370746395],[-72.74300446418218,7.623526481322616],[-72.79931542738251,7.639639584419653],[-72.84460902821756,7.585102927783526],[-72.83603996860012,7.53924255743042],[-72.8960233859222,7.467353328228253],[-72.97804152797487,7.529326801678396],[-72.98293813347054,7.619808072915607],[-72.95355850049646,7.666907912737717],[-72.86174714745245,7.6755841990207365],[-72.83971242272187,7.709049874683815],[-72.74667691830395,7.716486691497833],[-72.72464219357339,7.746233958753901],[-72.69648671197322,7.6334422370746395]]]}},{"type":"Feature","properties":{"dep":"54","muni":"099","name":"BOCHALEMA","dep_name":"NORTE DE SANTANDER"},"geometry":{"type":"Polygon","coordinates":[[[-72.58141648282472,7.761107592381936],[-72.57529572595512,7.721444569373844],[-72.5863130883204,7.701613057869798],[-72.62915838640761,7.642118523357659],[-72.63650329465113,7.5665108857484835],[-72.7075040743385,7.525608393271387],[-72.74300446418218,7.623526481322616],[-72.69648671197322,7.6334422370746395],[-72.64629650564248,7.680542076896748],[-72.61936517541625,7.753670775567919],[-72.58141648282472,7.761107592381936]]]}},{"type":"Feature","properties":{"dep":"54","muni":"109","name":"BUCARASICA","dep_name":"NORTE DE SANTANDER"},"geometry":{"type":"Polygon","coordinates":[[[-72.85562639058284,8.026354058748554],[-72.87398866119165,7.997846260961488],[-72.96947246835742,8.022635650341545],[-73.00252455545326,8.099482757419723],[-73.01476606919248,8.14906153617984],[-72.9621275601139,8.187485089718928],[-72.87521281256556,8.12799055520679],[-72.83971242272187,8.077172306977673],[-72.85562639058284,8.026354058748554]]]}},{"type":"Feature","properties":{"dep":"54","muni":"125","name":"CÁCOTA","dep_name":"NORTE DE SANTANDER"},"geometry":{"type":"Polygon","coordinates":[[[-72.5801923314508,7.264080335311778],[-72.65119311113817,7.190951636640609],[-72.69893501472106,7.245488293276736],[-72.7258663449473,7.2566435184977625],[-72.70260746884281,7.323574869823917],[-72.61569272129448,7.329772217168932],[-72.5801923314508,7.264080335311778]]]}},{"type":"Feature","properties":{"dep":"54","muni":"128","name":"CÁCHIRA","dep_name":"NORTE DE SANTANDER"},"geometry":{"type":"Polygon","coordinates":[[[-72.99885210133151,7.764826000788945],[-72.95355850049646,7.666907912737717],[-72.98293813347054,7.619808072915607],[-73.04904230766223,7.606173908756576],[-73.21797519726323,7.632202767605635],[-73.28163106870707,7.54791884371344],[-73.36976996762932,7.564031946810477],[-73.27551031183748,7.654513218047688],[-73.26694125222004,7.700373588400794],[-73.17757820192386,7.737557672470881],[-73.15309517444545,7.809446901673049],[-73.0710770323928,7.787136451230996],[-73.04536985354048,7.867701966716185],[-72.99885210133151,7.764826000788945]]]}},{"type":"Feature","properties":{"dep":"54","muni":"172","name":"CHINÁCOTA","dep_name":"NORTE DE SANTANDER"},"geometry":{"type":"Polygon","coordinates":[[[-72.52755382237223,7.637160645481648],[-72.54714024435495,7.550397782651446],[-72.53489873061575,7.4896637786703035],[-72.57774402870297,7.454958633538224],[-72.63650329465113,7.5665108857484835],[-72.62915838640761,7.642118523357659],[-72.5863130883204,7.701613057869798],[-72.52755382237223,7.637160645481648]]]}},{"type":"Feature","properties":{"dep":"54","muni":"223","name":"CUCUTILLA","dep_name":"NORTE DE SANTANDER"},"geometry":{"type":"Polygon","coordinates":[[[-72.74300446418218,7.623526481322616],[-72.7075040743385,7.525608393271387],[-72.69036595510362,7.472311206104264],[-72.73933201006042,7.464874389290246],[-72.81767769799131,7.371914179115031],[-72.83848827134796,7.359519484425002],[-72.86297129882637,7.383069404336055],[-72.8960233859222,7.467353328228253],[-72.83603996860012,7.53924255743042],[-72.84460902821756,7.585102927783526],[-72.79931542738251,7.639639584419653],[-72.74300446418218,7.623526481322616]]]}},{"type":"Feature","properties":{"dep":"54","muni":"239","name":"DURANIA","dep_name":"NORTE DE SANTANDER"},"geometry":{"type":"Polygon","coordinates":[[[-72.61936517541625,7.753670775567919],[-72.64629650564248,7.680542076896748],[-72.69648671197322,7.6334422370746395],[-72.72464219357339,7.746233958753901],[-72.70995237708634,7.800770615390029],[-72.65976217075561,7.8329968215841035],[-72.61936517541625,7.753670775567919]]]}},{"type":"Feature","properties":{"dep":"54","muni":"261","name":"EL ZULIA","dep_name":"NORTE DE SANTANDER"},"geometry":{"type":"Polygon","coordinates":[[[-72.58753723969431,7.918520214945303],[-72.65608971663386,7.906125520255273],[-72.69036595510362,7.974296341050433],[-72.76014258341706,7.96933846317442],[-72.75402182654747,8.017677772465534],[-72.65241726251209,8.14906153617984],[-72.64874480839033,8.220950765382007],[-72.60712366167704,8.28292423883215],[-72.54714024435495,8.286642647239159],[-72.55938175809416,8.21351394856799],[-72.52877797374614,8.163935169807873],[-72.57774402870297,8.108159043702743],[-72.59733045068569,7.9668595242364155],[-72.58753723969431,7.918520214945303]]]}},{"type":"Feature","properties":{"dep":"54","muni":"313","name":"GRAMALOTE","dep_name":"NORTE DE SANTANDER"},"geometry":{"type":"Polygon","coordinates":[[[-72.76014258341706,7.96933846317442],[-72.76014258341706,7.8478704552121386],[-72.8348158172262,7.851588863619147],[-72.9009199914179,7.902407111848264],[-72.8960233859222,7.904886050786271],[-72.81767769799131,7.923478092821314],[-72.79441882188684,8.005283077775504],[-72.75402182654747,8.017677772465534],[-72.76014258341706,7.96933846317442]]]}},{"type":"Feature","properties":{"dep":"54","muni":"344","name":"HACARÍ","dep_name":"NORTE DE SANTANDER"},"geometry":{"type":"Polygon","coordinates":[[[-72.9682483169835,8.4329000445815],[-72.99517964720975,8.390758082635402],[-72.99028304171406,8.285403177770156],[-73.05516306453184,8.285403177770156],[-73.11269817910609,8.243261215824058],[-73.18369895879346,8.311432036619218],[-73.18492311016738,8.369687101662352],[-73.1616642340629,8.435378983519506],[-73.10168081674081,8.42050534989147],[-73.05026645903615,8.487436701217627],[-72.9682483169835,8.4329000445815]]]}},{"type":"Feature","properties":{"dep":"54","muni":"347","name":"HERRÁN","dep_name":"NORTE DE SANTANDER"},"geometry":{"type":"Polygon","coordinates":[[[-72.45532889131094,7.552876721589451],[-72.47858776741542,7.498340064953325],[-72.4161560473455,7.400421976902097],[-72.45410473993702,7.40661932424711],[-72.53489873061575,7.4896637786703035],[-72.54714024435495,7.550397782651446],[-72.45532889131094,7.552876721589451]]]}},{"type":"Feature","properties":{"dep":"54","muni":"377","name":"LABATECA","dep_name":"NORTE DE SANTANDER"},"geometry":{"type":"Polygon","coordinates":[[[-72.48103607016327,7.158725430446534],[-72.57651987732903,7.164922777791547],[-72.57774402870297,7.262840865842776],[-72.57774402870297,7.38926675168107],[-72.56917496908552,7.392985160088079],[-72.50674324901559,7.383069404336055],[-72.49082928115462,7.291348663629842],[-72.44553568031958,7.229375190179699],[-72.48103607016327,7.158725430446534]]]}},{"type":"Feature","properties":{"dep":"54","muni":"385","name":"LA ESPERANZA","dep_name":"NORTE DE SANTANDER"},"geometry":{"type":"Polygon","coordinates":[[[-73.15309517444545,7.809446901673049],[-73.17757820192386,7.737557672470881],[-73.26694125222004,7.700373588400794],[-73.27551031183748,7.654513218047688],[-73.36976996762932,7.564031946810477],[-73.46280547204726,7.575187172031503],[-73.63296251302216,7.748712897691908],[-73.5803240039436,7.738797141939884],[-73.48116774265607,7.676823668489741],[-73.41139111434262,7.716486691497833],[-73.34895939427268,7.829278413177095],[-73.15309517444545,7.809446901673049]]]}},{"type":"Feature","properties":{"dep":"54","muni":"398","name":"LA PLAYA","dep_name":"NORTE DE SANTANDER"},"geometry":{"type":"Polygon","coordinates":[[[-73.05516306453184,8.285403177770156],[-73.04904230766223,8.230866521134029],[-73.27306200908963,8.191203498125937],[-73.26938955496787,8.323826731309246],[-73.18492311016738,8.369687101662352],[-73.18369895879346,8.311432036619218],[-73.11269817910609,8.243261215824058],[-73.05516306453184,8.285403177770156]]]}},{"type":"Feature","properties":{"dep":"54","muni":"405","name":"LOS PATIOS","dep_name":"NORTE DE SANTANDER"},"geometry":{"type":"Polygon","coordinates":[[[-72.48715682703286,7.857786210964161],[-72.48838097840678,7.756149714505925],[-72.52143306550263,7.648315870702673],[-72.52755382237223,7.637160645481648],[-72.5863130883204,7.701613057869798],[-72.57529572595512,7.721444569373844],[-72.53245042786791,7.754910245036921],[-72.48715682703286,7.857786210964161]]]}},{"type":"Feature","properties":{"dep":"54","muni":"418","name":"LOURDES","dep_name":"NORTE DE SANTANDER"},"geometry":{"type":"Polygon","coordinates":[[[-72.79441882188684,8.005283077775504],[-72.81767769799131,7.923478092821314],[-72.8960233859222,7.904886050786271],[-72.87398866119165,7.997846260961488],[-72.85562639058284,8.026354058748554],[-72.79441882188684,8.005283077775504]]]}},{"type":"Feature","properties":{"dep":"54","muni":"480","name":"MUTISCUA","dep_name":"NORTE DE SANTANDER"},"geometry":{"type":"Polygon","coordinates":[[[-72.70260746884281,7.323574869823917],[-72.7258663449473,7.2566435184977625],[-72.83359166585228,7.3037433583198705],[-72.83848827134796,7.359519484425002],[-72.81767769799131,7.371914179115031],[-72.7197455880777,7.375632587522039],[-72.70260746884281,7.323574869823917]]]}},{"type":"Feature","properties":{"dep":"54","muni":"498","name":"OCAÑA","dep_name":"NORTE DE SANTANDER"},"geometry":{"type":"MultiPolygon","coordinates":[[[[-73.27428616046356,8.389518613166398],[-73.26938955496787,8.323826731309246],[-73.27306200908963,8.191203498125937],[-73.28407937145491,8.12427214679978],[-73.3257005181682,8.090806471136704],[-73.30978655030724,8.015198833527528],[-73.36609751350757,8.022635650341545],[-73.39302884373382,8.113116921578756],[-73.43220168769926,8.140385249896818],[-73.40527035747301,8.245740154762064],[-73.36120090801188,8.327545139716255],[-73.34895939427268,8.391997552104405],[-73.32447636679429,8.40687118573244],[-73.27428616046356,8.389518613166398]]],[[[-73.41139111434262,8.369687101662352],[-73.45668471517766,8.361010815379332],[-73.49218510502135,8.421744819360473],[-73.4101669629687,8.430421105643495],[-73.41139111434262,8.369687101662352]]]]}},{"type":"Feature","properties":{"dep":"54","muni":"518","name":"PAMPLONA","dep_name":"NORTE DE SANTANDER"},"geometry":{"type":"Polygon","coordinates":[[[-72.69036595510362,7.472311206104264],[-72.64629650564248,7.401661446371099],[-72.57774402870297,7.38926675168107],[-72.57774402870297,7.262840865842776],[-72.5801923314508,7.264080335311778],[-72.61569272129448,7.329772217168932],[-72.70260746884281,7.323574869823917],[-72.7197455880777,7.375632587522039],[-72.81767769799131,7.371914179115031],[-72.73933201006042,7.464874389290246],[-72.69036595510362,7.472311206104264]]]}},{"type":"Feature","properties":{"dep":"54","muni":"520","name":"PAMPLONITA","dep_name":"NORTE DE SANTANDER"},"geometry":{"type":"Polygon","coordinates":[[[-72.57774402870297,7.454958633538224],[-72.56917496908552,7.392985160088079],[-72.57774402870297,7.38926675168107],[-72.64629650564248,7.401661446371099],[-72.69036595510362,7.472311206104264],[-72.7075040743385,7.525608393271387],[-72.63650329465113,7.5665108857484835],[-72.57774402870297,7.454958633538224]]]}},{"type":"Feature","properties":{"dep":"54","muni":"553","name":"PUERTO SANTANDER","dep_name":"NORTE DE SANTANDER"},"geometry":{"type":"Polygon","coordinates":[[[-72.38677641437141,8.277966360956139],[-72.43941492344997,8.332503017592266],[-72.42717340971078,8.380842326883378],[-72.38922471711925,8.348616120689304],[-72.38677641437141,8.277966360956139]]]}},{"type":"Feature","properties":{"dep":"54","muni":"599","name":"RAGONVALIA","dep_name":"NORTE DE SANTANDER"},"geometry":{"type":"Polygon","coordinates":[[[-72.47491531329366,7.658231626454697],[-72.45532889131094,7.552876721589451],[-72.54714024435495,7.550397782651446],[-72.52755382237223,7.637160645481648],[-72.52143306550263,7.648315870702673],[-72.47491531329366,7.658231626454697]]]}},{"type":"Feature","properties":{"dep":"54","muni":"660","name":"SALAZAR","dep_name":"NORTE DE SANTANDER"},"geometry":{"type":"Polygon","coordinates":[[[-72.76014258341706,7.8478704552121386],[-72.70995237708634,7.800770615390029],[-72.72464219357339,7.746233958753901],[-72.74667691830395,7.716486691497833],[-72.83971242272187,7.709049874683815],[-72.86174714745245,7.6755841990207365],[-72.95355850049646,7.666907912737717],[-72.99885210133151,7.764826000788945],[-72.9009199914179,7.902407111848264],[-72.8348158172262,7.851588863619147],[-72.76014258341706,7.8478704552121386]]]}},{"type":"Feature","properties":{"dep":"54","muni":"670","name":"SAN CALIXTO","dep_name":"NORTE DE SANTANDER"},"geometry":{"type":"Polygon","coordinates":[[[-73.0159902205664,8.545691766260763],[-72.96947246835742,8.465126250775574],[-72.9682483169835,8.4329000445815],[-73.05026645903615,8.487436701217627],[-73.10168081674081,8.42050534989147],[-73.1616642340629,8.435378983519506],[-73.18492311016738,8.369687101662352],[-73.26938955496787,8.323826731309246],[-73.27428616046356,8.389518613166398],[-73.27183785771571,8.45397102555455],[-73.22164765138498,8.52709972422572],[-73.15799177994113,8.572960094578827],[-73.08209439475809,8.503549804314664],[-73.0159902205664,8.545691766260763]]]}},{"type":"Feature","properties":{"dep":"54","muni":"673","name":"SAN CAYETANO","dep_name":"NORTE DE SANTANDER"},"geometry":{"type":"Polygon","coordinates":[[[-72.58753723969431,7.918520214945303],[-72.56427836358984,7.787136451230996],[-72.58141648282472,7.761107592381936],[-72.61936517541625,7.753670775567919],[-72.65976217075561,7.8329968215841035],[-72.65608971663386,7.906125520255273],[-72.58753723969431,7.918520214945303]]]}},{"type":"Feature","properties":{"dep":"54","muni":"680","name":"SANTIAGO","dep_name":"NORTE DE SANTANDER"},"geometry":{"type":"Polygon","coordinates":[[[-72.65608971663386,7.906125520255273],[-72.65976217075561,7.8329968215841035],[-72.70995237708634,7.800770615390029],[-72.76014258341706,7.8478704552121386],[-72.76014258341706,7.96933846317442],[-72.69036595510362,7.974296341050433],[-72.65608971663386,7.906125520255273]]]}},{"type":"Feature","properties":{"dep":"54","muni":"720","name":"SARDINATA","dep_name":"NORTE DE SANTANDER"},"geometry":{"type":"Polygon","coordinates":[[[-72.60345120755528,8.322587261840242],[-72.60712366167704,8.28292423883215],[-72.64874480839033,8.220950765382007],[-72.65241726251209,8.14906153617984],[-72.75402182654747,8.017677772465534],[-72.79441882188684,8.005283077775504],[-72.85562639058284,8.026354058748554],[-72.83971242272187,8.077172306977673],[-72.87521281256556,8.12799055520679],[-72.9621275601139,8.187485089718928],[-72.99028304171406,8.285403177770156],[-72.99517964720975,8.390758082635402],[-72.9682483169835,8.4329000445815],[-72.96947246835742,8.465126250775574],[-72.9437652895051,8.510986621128682],[-72.83114336310445,8.41554747201546],[-72.69648671197322,8.43785792245751],[-72.60345120755528,8.322587261840242]]]}},{"type":"Feature","properties":{"dep":"54","muni":"743","name":"SILOS","dep_name":"NORTE DE SANTANDER"},"geometry":{"type":"Polygon","coordinates":[[[-72.7258663449473,7.2566435184977625],[-72.69893501472106,7.245488293276736],[-72.7503493724257,7.059567872926303],[-72.81890184936523,7.071962567616332],[-72.84828148233932,7.1376544494734855],[-72.8409365740958,7.1946700450476175],[-72.87643696393948,7.264080335311778],[-72.83359166585228,7.3037433583198705],[-72.7258663449473,7.2566435184977625]]]}},{"type":"Feature","properties":{"dep":"54","muni":"871","name":"VILLA CARO","dep_name":"NORTE DE SANTANDER"},"geometry":{"type":"Polygon","coordinates":[[[-72.87398866119165,7.997846260961488],[-72.8960233859222,7.904886050786271],[-72.9009199914179,7.902407111848264],[-72.99885210133151,7.764826000788945],[-73.04536985354048,7.867701966716185],[-73.08209439475809,8.027593528217556],[-73.02823173430559,8.042467161845591],[-73.00252455545326,8.099482757419723],[-72.96947246835742,8.022635650341545],[-72.87398866119165,7.997846260961488]]]}},{"type":"Feature","properties":{"dep":"54","muni":"874","name":"VILLA DEL ROSARIO","dep_name":"NORTE DE SANTANDER"},"geometry":{"type":"Polygon","coordinates":[[[-72.47491531329366,7.658231626454697],[-72.52143306550263,7.648315870702673],[-72.48838097840678,7.756149714505925],[-72.48715682703286,7.857786210964161],[-72.46022549680661,7.901167642379262],[-72.47491531329366,7.658231626454697]]]}},{"type":"Feature","properties":{"dep":"54","muni":"174","name":"CHITAGÁ","dep_name":"NORTE DE SANTANDER"},"geometry":{"type":"Polygon","coordinates":[[[-72.48103607016327,7.158725430446534],[-72.37331074925828,7.110386121155422],[-72.29006845583172,6.996354930007156],[-72.3133273319362,6.931902517619006],[-72.392897171241,6.872407983106868],[-72.50307079489383,6.908352597707951],[-72.54714024435495,6.886042147265899],[-72.55326100122456,6.98519970478613],[-72.72219389082554,7.005031216290176],[-72.73443540456475,6.986439174255132],[-72.7503493724257,7.059567872926303],[-72.69893501472106,7.245488293276736],[-72.65119311113817,7.190951636640609],[-72.5801923314508,7.264080335311778],[-72.57774402870297,7.262840865842776],[-72.57651987732903,7.164922777791547],[-72.48103607016327,7.158725430446534]]]}},{"type":"Feature","properties":{"dep":"54","muni":"206","name":"CONVENCIÓN","dep_name":"NORTE DE SANTANDER"},"geometry":{"type":"Polygon","coordinates":[[[-72.98538643621839,9.145594989258159],[-73.00252455545326,9.074945229524994],[-73.10290496811473,9.048916370675935],[-73.14819856894977,8.973308733066759],[-73.10535327086257,8.932406240589662],[-73.2106302890197,8.81093823262738],[-73.24735483023731,8.726654308735183],[-73.24000992199379,8.669638713161051],[-73.29876918794196,8.625017812276948],[-73.31590730717684,8.56552327776481],[-73.28530352282884,8.489915640155633],[-73.32447636679429,8.40687118573244],[-73.34895939427268,8.391997552104405],[-73.34283863740308,8.436618452988508],[-73.41383941709046,8.45892890343056],[-73.40649450884693,8.546931235729765],[-73.28040691733315,8.741527942363218],[-73.29999333931588,8.802261946344359],[-73.23878577061987,8.854319664042482],[-73.25225143573299,9.00429546979183],[-73.14085366070626,9.114608252533086],[-73.06373212414928,9.136918702975139],[-73.0710770323928,9.221202626867335],[-73.0037487068272,9.27449981403446],[-72.96457586286175,9.200131645894286],[-72.98538643621839,9.145594989258159]]]}},{"type":"Feature","properties":{"dep":"54","muni":"245","name":"EL CARMEN","dep_name":"NORTE DE SANTANDER"},"geometry":{"type":"Polygon","coordinates":[[[-73.0037487068272,9.27449981403446],[-73.0710770323928,9.221202626867335],[-73.06373212414928,9.136918702975139],[-73.14085366070626,9.114608252533086],[-73.25225143573299,9.00429546979183],[-73.23878577061987,8.854319664042482],[-73.29999333931588,8.802261946344359],[-73.28040691733315,8.741527942363218],[-73.40649450884693,8.546931235729765],[-73.41383941709046,8.45892890343056],[-73.4101669629687,8.430421105643495],[-73.49218510502135,8.421744819360473],[-73.57665154982185,8.50602874325267],[-73.5313579489868,8.528339193694721],[-73.55216852234344,8.606425770241904],[-73.46280547204726,8.745246350770227],[-73.42852923357749,8.82333292731741],[-73.4468915041863,8.87043276713952],[-73.42608093082966,8.900180034395587],[-73.43587414182102,8.999337591915818],[-73.41139111434262,9.053874248551946],[-73.42485677945574,9.122045069347104],[-73.3685458162554,9.172863317576223],[-73.25225143573299,9.157989683948188],[-73.17635405054993,9.176581725983231],[-73.06985288101887,9.264584058282436],[-73.0037487068272,9.27449981403446]]]}},{"type":"Feature","properties":{"dep":"54","muni":"800","name":"TEORAMA","dep_name":"NORTE DE SANTANDER"},"geometry":{"type":"Polygon","coordinates":[[[-72.98538643621839,9.145594989258159],[-72.94743774362686,9.092297802091036],[-73.0649562755232,8.98322448881878],[-73.06005967002751,8.86671435873251],[-73.05638721590576,8.765077862274273],[-73.14819856894977,8.675836060506066],[-73.15799177994113,8.572960094578827],[-73.22164765138498,8.52709972422572],[-73.27183785771571,8.45397102555455],[-73.27428616046356,8.389518613166398],[-73.32447636679429,8.40687118573244],[-73.28530352282884,8.489915640155633],[-73.31590730717684,8.56552327776481],[-73.29876918794196,8.625017812276948],[-73.24000992199379,8.669638713161051],[-73.24735483023731,8.726654308735183],[-73.2106302890197,8.81093823262738],[-73.10535327086257,8.932406240589662],[-73.14819856894977,8.973308733066759],[-73.10290496811473,9.048916370675935],[-73.00252455545326,9.074945229524994],[-72.98538643621839,9.145594989258159]]]}},{"type":"Feature","properties":{"dep":"54","muni":"810","name":"TIBÚ","dep_name":"NORTE DE SANTANDER"},"geometry":{"type":"Polygon","coordinates":[[[-72.47246701054583,8.430421105643495],[-72.60345120755528,8.322587261840242],[-72.69648671197322,8.43785792245751],[-72.83114336310445,8.41554747201546],[-72.9437652895051,8.510986621128682],[-72.96947246835742,8.465126250775574],[-73.0159902205664,8.545691766260763],[-72.90581659691357,8.602707361834895],[-72.91683395927885,8.709301736169143],[-72.95967925736606,8.76383839280527],[-72.94743774362686,8.838206560945443],[-72.97559322522703,8.88406693129855],[-73.06005967002751,8.86671435873251],[-73.0649562755232,8.98322448881878],[-72.94743774362686,9.092297802091036],[-72.88255772080909,9.130721355630124],[-72.76626334028667,9.099734618905051],[-72.7197455880777,8.941082526872682],[-72.65486556525993,8.615102056524924],[-72.61691687266841,8.595270545020878],[-72.47246701054583,8.430421105643495]]]}},{"type":"Feature","properties":{"dep":"54","muni":"820","name":"TOLEDO","dep_name":"NORTE DE SANTANDER"},"geometry":{"type":"Polygon","coordinates":[[[-72.4161560473455,7.400421976902097],[-72.25579221736194,7.378111526460044],[-72.1982571027877,7.386787812743064],[-72.15418765332657,7.32853274769993],[-72.17010162118753,7.25168564062175],[-72.04768648379552,7.038496891953255],[-72.19948125416161,7.040975830891259],[-72.22029182751825,6.986439174255132],[-72.29006845583172,6.996354930007156],[-72.37331074925828,7.110386121155422],[-72.48103607016327,7.158725430446534],[-72.44553568031958,7.229375190179699],[-72.49082928115462,7.291348663629842],[-72.50674324901559,7.383069404336055],[-72.56917496908552,7.392985160088079],[-72.57774402870297,7.454958633538224],[-72.53489873061575,7.4896637786703035],[-72.45410473993702,7.40661932424711],[-72.4161560473455,7.400421976902097]]]}},{"type":"Feature","properties":{"dep":"54","muni":"250","name":"EL TARRA","dep_name":"NORTE DE SANTANDER"},"geometry":{"type":"Polygon","coordinates":[[[-73.0159902205664,8.545691766260763],[-73.08209439475809,8.503549804314664],[-73.15799177994113,8.572960094578827],[-73.14819856894977,8.675836060506066],[-73.05638721590576,8.765077862274273],[-73.06005967002751,8.86671435873251],[-72.97559322522703,8.88406693129855],[-72.94743774362686,8.838206560945443],[-72.95967925736606,8.76383839280527],[-72.91683395927885,8.709301736169143],[-72.90581659691357,8.602707361834895],[-73.0159902205664,8.545691766260763]]]}},{"type":"Feature","properties":{"dep":"11","muni":"001","name":"BOGOTÁ, D.C.","dep_name":"BOGOTÁ, D.C."},"geometry":{"type":"Polygon","coordinates":[[[-74.00632868206783,4.823564950845098],[-74.00755283344175,4.664912858812729],[-73.98796641145903,4.63144718314965],[-74.00510453069391,4.560797423416487],[-74.04794982878111,4.512458114125373],[-74.11650230572064,4.404624270322122],[-74.1189506084685,4.310424590677902],[-74.15200269556433,4.255887934041777],[-74.11038154885105,4.181519765901603],[-74.12507136533809,4.055093880063309],[-74.15077854419042,4.00427563183419],[-74.20219290189506,4.014191387586214],[-74.3980571217223,3.7452265128125877],[-74.41641939233111,3.7402686349365757],[-74.43967826843559,3.7303528791845526],[-74.36010842913078,3.913794360596979],[-74.36500503462645,4.035262368559263],[-74.32460803928709,4.126983109265476],[-74.24503819998228,4.103433189354421],[-74.24014159448659,4.186477643777614],[-74.23769329173875,4.195153930060634],[-74.21443441563427,4.381074350411067],[-74.17770987441666,4.486429255276313],[-74.18383063128626,4.59674203801757],[-74.22300347525172,4.628968244211645],[-74.17281326892098,4.695899595537801],[-74.15689930106002,4.7256468627938695],[-74.08222606725089,4.834720176066124],[-74.00632868206783,4.823564950845098]]]}},{"type":"Feature","properties":{"dep":"50","muni":"001","name":"VILLAVICENCIO","dep_name":"META"},"geometry":{"type":"Polygon","coordinates":[[[-73.62806590752649,4.286874670766849],[-73.58889306356104,4.1926749911226295],[-73.39914960060341,4.130701517672485],[-73.26082049535043,4.129462048203482],[-73.17512989917601,4.040220246435274],[-73.17512989917601,3.9348653415700294],[-73.24245822474163,3.969570486702109],[-73.29020012832451,3.9497389751980627],[-73.4162877198383,3.984444120330144],[-73.57665154982185,4.017909795993223],[-73.75048104491852,4.032783429621256],[-73.76639501277947,4.118306822982456],[-73.74313613667499,4.198872338467643],[-73.76394671003163,4.280677323421834],[-73.62806590752649,4.286874670766849]]]}},{"type":"Feature","properties":{"dep":"50","muni":"006","name":"ACACÍAS","dep_name":"META"},"geometry":{"type":"Polygon","coordinates":[[[-73.74313613667499,4.198872338467643],[-73.76639501277947,4.118306822982456],[-73.75048104491852,4.032783429621256],[-73.57665154982185,4.017909795993223],[-73.4162877198383,3.984444120330144],[-73.45790886655158,3.855539295553845],[-73.54849606822168,3.875370807057891],[-73.65132478363097,3.874131337588887],[-73.72844632018794,3.9212311774109967],[-73.80067125124924,3.9261890552870096],[-73.87779278780621,3.9832046508611416],[-74.03326001229408,4.067488574753337],[-73.9561384757371,4.099714780947412],[-73.93287959963263,4.1492935597075284],[-73.89615505841502,4.143096212362513],[-73.81413691636236,4.201351277405649],[-73.74313613667499,4.198872338467643]]]}},{"type":"Feature","properties":{"dep":"50","muni":"110","name":"BARRANCA DE UPÍA","dep_name":"META"},"geometry":{"type":"Polygon","coordinates":[[[-72.84338487684364,4.433132068109188],[-72.99395549583582,4.438089945985201],[-73.09188760574945,4.475274030055287],[-73.05271476178399,4.736802088014896],[-73.04047324804479,4.677307553502757],[-72.9682483169835,4.599220976955575],[-72.89724753729612,4.475274030055287],[-72.84338487684364,4.433132068109188]]]}},{"type":"Feature","properties":{"dep":"50","muni":"124","name":"CABUYARO","dep_name":"META"},"geometry":{"type":"Polygon","coordinates":[[[-72.84338487684364,4.433132068109188],[-72.79319467051292,4.399666392446111],[-72.73933201006042,4.3091851212089],[-72.8470573309654,4.260845811917788],[-72.87398866119165,4.208788094219667],[-72.94498944087901,4.151772498645533],[-73.04414570216656,4.176561888025592],[-73.05761136727968,4.226140666785707],[-73.12493969284529,4.257127403510779],[-73.09188760574945,4.475274030055287],[-72.99395549583582,4.438089945985201],[-72.84338487684364,4.433132068109188]]]}},{"type":"Feature","properties":{"dep":"50","muni":"150","name":"CASTILLA LA NUEVA","dep_name":"META"},"geometry":{"type":"Polygon","coordinates":[[[-73.45790886655158,3.855539295553845],[-73.38935638961205,3.866694520774871],[-73.35752845389013,3.7105213676805064],[-73.53992700860424,3.732831818122559],[-73.71865310919658,3.8059605167937285],[-73.72844632018794,3.9212311774109967],[-73.65132478363097,3.874131337588887],[-73.54849606822168,3.875370807057891],[-73.45790886655158,3.855539295553845]]]}},{"type":"Feature","properties":{"dep":"50","muni":"223","name":"CUBARRAL","dep_name":"META"},"geometry":{"type":"Polygon","coordinates":[[[-73.7492568935446,3.8109183946697396],[-73.78720558613611,3.7241555318395383],[-73.8410682465886,3.7675369632546394],[-73.8888101501715,3.731592348653556],[-73.93287959963263,3.751423860157602],[-74.00388037932,3.704324020335492],[-74.04305322328544,3.714239776087515],[-74.09079512686833,3.779931657944668],[-74.23524498899091,3.7861290052896823],[-74.295228406313,3.7167187150255208],[-74.3980571217223,3.7452265128125877],[-74.20219290189506,4.014191387586214],[-74.16302005792961,3.937344280508034],[-73.88268939330189,3.884047093340911],[-73.85698221444957,3.8914839101549283],[-73.7492568935446,3.8109183946697396]]]}},{"type":"Feature","properties":{"dep":"50","muni":"226","name":"CUMARAL","dep_name":"META"},"geometry":{"type":"Polygon","coordinates":[[[-73.42730508220357,4.306706182270895],[-73.35385599976837,4.321579815898929],[-73.12493969284529,4.257127403510779],[-73.05761136727968,4.226140666785707],[-73.04414570216656,4.176561888025592],[-73.11024987635824,4.165406662804566],[-73.23266501375026,4.182759235370606],[-73.27918276595923,4.159209315459551],[-73.42485677945574,4.155490907052542],[-73.574203247074,4.320340346429926],[-73.57175494432616,4.37363753359705],[-73.55094437096952,4.307945651739898],[-73.47259868303863,4.275719445545823],[-73.42730508220357,4.306706182270895]]]}},{"type":"Feature","properties":{"dep":"50","muni":"245","name":"EL CALVARIO","dep_name":"META"},"geometry":{"type":"Polygon","coordinates":[[[-73.63296251302216,4.397187453508105],[-73.59991042592632,4.3401718579339725],[-73.62806590752649,4.286874670766849],[-73.76394671003163,4.280677323421834],[-73.7921021916318,4.352566552624001],[-73.80924031086668,4.395947984039102],[-73.74558443942283,4.455442518551241],[-73.73701537980538,4.415779495543148],[-73.63296251302216,4.397187453508105]]]}},{"type":"Feature","properties":{"dep":"50","muni":"251","name":"EL CASTILLO","dep_name":"META"},"geometry":{"type":"Polygon","coordinates":[[[-73.8888101501715,3.731592348653556],[-73.89615505841502,3.6931687951144667],[-73.76517086140555,3.6584636499823855],[-73.74680859079675,3.618800626974293],[-73.74680859079675,3.517164130516057],[-73.88146524192797,3.508487844233036],[-73.95491432436319,3.5531087451171404],[-74.02469095267664,3.6336742606023282],[-74.04305322328544,3.714239776087515],[-74.00388037932,3.704324020335492],[-73.93287959963263,3.751423860157602],[-73.8888101501715,3.731592348653556]]]}},{"type":"Feature","properties":{"dep":"50","muni":"270","name":"EL DORADO","dep_name":"META"},"geometry":{"type":"Polygon","coordinates":[[[-73.78720558613611,3.7241555318395383],[-73.76517086140555,3.6584636499823855],[-73.89615505841502,3.6931687951144667],[-73.8888101501715,3.731592348653556],[-73.8410682465886,3.7675369632546394],[-73.78720558613611,3.7241555318395383]]]}},{"type":"Feature","properties":{"dep":"50","muni":"287","name":"FUENTE DE ORO","dep_name":"META"},"geometry":{"type":"Polygon","coordinates":[[[-73.42363262808182,3.346117343793658],[-73.49830586189096,3.3250463628206095],[-73.55461682509127,3.26927023671548],[-73.54727191684776,3.23084668317639],[-73.65254893500489,3.3101727291925744],[-73.74680859079675,3.360990977421693],[-73.64275572401354,3.550629806179135],[-73.51666813249975,3.4056118783057974],[-73.48116774265607,3.4142881645888172],[-73.42363262808182,3.346117343793658]]]}},{"type":"Feature","properties":{"dep":"50","muni":"313","name":"GRANADA","dep_name":"META"},"geometry":{"type":"Polygon","coordinates":[[[-73.64275572401354,3.550629806179135],[-73.74680859079675,3.360990977421693],[-73.79699879712749,3.416767103526823],[-73.86677542544093,3.446514370782892],[-73.88146524192797,3.508487844233036],[-73.74680859079675,3.517164130516057],[-73.74680859079675,3.618800626974293],[-73.71253235232699,3.646068955292357],[-73.64275572401354,3.550629806179135]]]}},{"type":"Feature","properties":{"dep":"50","muni":"318","name":"GUAMAL","dep_name":"META"},"geometry":{"type":"Polygon","coordinates":[[[-73.72844632018794,3.9212311774109967],[-73.71865310919658,3.8059605167937285],[-73.7492568935446,3.8109183946697396],[-73.85698221444957,3.8914839101549283],[-73.88268939330189,3.884047093340911],[-74.16302005792961,3.937344280508034],[-74.20219290189506,4.014191387586214],[-74.15077854419042,4.00427563183419],[-74.10058833785969,4.01295191811721],[-74.03326001229408,4.067488574753337],[-73.87779278780621,3.9832046508611416],[-73.80067125124924,3.9261890552870096],[-73.72844632018794,3.9212311774109967]]]}},{"type":"Feature","properties":{"dep":"50","muni":"330","name":"MESETAS","dep_name":"META"},"geometry":{"type":"Polygon","coordinates":[[[-74.05162228290288,3.4551906570659128],[-74.01857019580703,3.43288020662386],[-73.9806215032155,3.3052148513165633],[-73.9806215032155,3.232086152645393],[-74.0406049205376,3.2444808473354216],[-74.034484163668,3.1539995760982116],[-73.99531131970255,3.0424473238879512],[-73.9916388655808,2.970558094685784],[-74.05651888839856,2.836695392033473],[-73.97817320046767,2.789595552211363],[-73.95124187024142,2.6544933800900488],[-73.97205244359807,2.570209456197852],[-74.01857019580703,2.60367513186093],[-74.06263964526816,2.7189457924781983],[-74.16546836067747,2.8441322088474896],[-74.22300347525172,3.022615812383905],[-74.22790008074739,3.078391938489035],[-74.29645255768692,3.352314691138673],[-74.29890086043476,3.451472248658904],[-74.25727971372147,3.5617850314001602],[-74.2523831082258,3.6448294858233536],[-74.2107619615125,3.5295588252060854],[-74.13486457632945,3.5580666229931515],[-74.12507136533809,3.4725432296319525],[-74.05162228290288,3.4551906570659128]]]}},{"type":"Feature","properties":{"dep":"50","muni":"370","name":"URIBE","dep_name":"META"},"geometry":{"type":"Polygon","coordinates":[[[-74.2523831082258,3.6448294858233536],[-74.25727971372147,3.5617850314001602],[-74.29890086043476,3.451472248658904],[-74.29645255768692,3.352314691138673],[-74.22790008074739,3.078391938489035],[-74.22300347525172,3.022615812383905],[-74.16546836067747,2.8441322088474896],[-74.06263964526816,2.7189457924781983],[-74.01857019580703,2.60367513186093],[-73.97205244359807,2.570209456197852],[-73.93410375100655,2.5392227194727797],[-74.02346680130272,2.5664910477908434],[-74.06753625076384,2.545420066817795],[-74.1862789340341,2.568969986728849],[-74.36990164012214,2.545420066817795],[-74.50210998850551,2.5107149216857136],[-74.5314896214796,2.5826041508878808],[-74.60004209841912,2.635901338055005],[-74.63676663963673,2.7102695061951785],[-74.61962852040185,2.7524114681412764],[-74.66369796986298,2.803229716370395],[-74.6710428781065,2.8875136402625907],[-74.7616300797766,2.8726400066345565],[-74.80325122648989,2.935852949553704],[-74.87914861167293,2.913542499111651],[-74.89873503365565,2.96436074734077],[-74.86935540068157,2.9730370336237897],[-74.76652668527228,3.0969839805240786],[-74.66614627261082,3.2296072137073875],[-74.61595606628009,3.3213279544136007],[-74.63921494238457,3.3684277942357106],[-74.61595606628009,3.460148534941924],[-74.56331755720153,3.5258404167990767],[-74.50210998850551,3.647308424761359],[-74.41641939233111,3.7402686349365757],[-74.3980571217223,3.7452265128125877],[-74.295228406313,3.7167187150255208],[-74.23524498899091,3.7861290052896823],[-74.21565856700819,3.7439870433435845],[-74.2523831082258,3.6448294858233536]]]}},{"type":"Feature","properties":{"dep":"50","muni":"400","name":"LEJANÍAS","dep_name":"META"},"geometry":{"type":"Polygon","coordinates":[[[-74.04305322328544,3.714239776087515],[-74.02469095267664,3.6336742606023282],[-73.95491432436319,3.5531087451171404],[-73.88146524192797,3.508487844233036],[-73.86677542544093,3.446514370782892],[-73.98919056283295,3.499811557950016],[-74.05162228290288,3.4551906570659128],[-74.12507136533809,3.4725432296319525],[-74.13486457632945,3.5580666229931515],[-74.2107619615125,3.5295588252060854],[-74.2523831082258,3.6448294858233536],[-74.21565856700819,3.7439870433435845],[-74.23524498899091,3.7861290052896823],[-74.09079512686833,3.779931657944668],[-74.04305322328544,3.714239776087515]]]}},{"type":"Feature","properties":{"dep":"50","muni":"450","name":"PUERTO CONCORDIA","dep_name":"META"},"geometry":{"type":"Polygon","coordinates":[[[-72.43574246932822,2.7400167734512477],[-72.48593267565894,2.6854801168151203],[-72.56305421221592,2.6817617084081116],[-72.59977875343353,2.6148303570819564],[-72.70015916609498,2.6197882349579675],[-72.73565955593867,2.5714489256668553],[-72.8164535466174,2.6148303570819564],[-72.92173056477453,2.560293700445829],[-72.94131698675726,2.5243490858447455],[-72.82012600073915,2.7957928995563774],[-72.89112678042653,2.888753109731594],[-72.84460902821756,2.907345151766637],[-72.81400524386956,2.9879106672518247],[-72.7075040743385,2.9296556022086886],[-72.66465877625129,2.8540479645995127],[-72.60712366167704,2.8292585752194555],[-72.50307079489383,2.74125624292025],[-72.43574246932822,2.7400167734512477]]]}},{"type":"Feature","properties":{"dep":"50","muni":"573","name":"PUERTO LÓPEZ","dep_name":"META"},"geometry":{"type":"Polygon","coordinates":[[[-72.07339366264783,4.3922295756320935],[-72.12480802035249,4.393469045101096],[-72.16030841019617,4.342650796871979],[-72.20070540553553,4.165406662804566],[-72.1982571027877,4.1108700061684385],[-72.12480802035249,4.043938654842282],[-72.20070540553553,3.952217914136069],[-72.29251675857955,3.804721047324726],[-72.29496506132739,3.756381738033613],[-72.46144964818055,3.7204371234325295],[-72.60712366167704,3.7489449212195964],[-72.73688370731259,3.719197653963527],[-72.79319467051292,3.674576753079423],[-72.97192077110526,3.65598471104438],[-73.16288838543682,3.7303528791845526],[-73.1861472615413,3.7923263526346975],[-73.11637063322785,3.846863009270825],[-73.10045666536689,3.9299074636940166],[-73.17512989917601,3.9348653415700294],[-73.17512989917601,4.040220246435274],[-73.26082049535043,4.129462048203482],[-73.11024987635824,4.165406662804566],[-73.04414570216656,4.176561888025592],[-72.94498944087901,4.151772498645533],[-72.87398866119165,4.208788094219667],[-72.8470573309654,4.260845811917788],[-72.73933201006042,4.3091851212089],[-72.61691687266841,4.310424590677902],[-72.55448515259847,4.336453449526964],[-72.40513868498022,4.31786140749192],[-72.30353412094483,4.4071032092601286],[-72.25824052010978,4.418258434481155],[-72.15786010744833,4.44180835439221],[-72.07339366264783,4.3922295756320935]]]}},{"type":"Feature","properties":{"dep":"50","muni":"577","name":"PUERTO LLERAS","dep_name":"META"},"geometry":{"type":"Polygon","coordinates":[[[-72.8776611153134,3.264312358839468],[-72.91193735378317,3.136647003532171],[-72.9009199914179,2.970558094685784],[-72.95967925736606,3.0151789955698884],[-73.05026645903615,3.0188974039768963],[-73.1384053579584,3.0920261026480667],[-73.25592388985476,3.026334220790914],[-73.35997675663796,2.9494871137127348],[-73.42118432533398,2.927176663270683],[-73.43709829319494,3.0337710376049314],[-73.51789228387368,3.0920261026480667],[-73.47504698578646,3.123012839373139],[-73.46158132067335,3.1577179845052195],[-73.54727191684776,3.23084668317639],[-73.55461682509127,3.26927023671548],[-73.49830586189096,3.3250463628206095],[-73.42363262808182,3.346117343793658],[-73.37466657312501,3.4812195159149733],[-73.27918276595923,3.4688248212249437],[-73.22164765138498,3.3857803668017503],[-72.99028304171406,3.245720316804425],[-72.8776611153134,3.264312358839468]]]}},{"type":"Feature","properties":{"dep":"50","muni":"590","name":"PUERTO RICO","dep_name":"META"},"geometry":{"type":"Polygon","coordinates":[[[-72.9009199914179,2.970558094685784],[-72.89112678042653,2.888753109731594],[-72.82012600073915,2.7957928995563774],[-72.94131698675726,2.5243490858447455],[-73.01231776644462,2.4338678146075345],[-73.06985288101887,2.4251915283245147],[-73.18737141291521,2.4574177345185895],[-73.33426957778565,2.535504311065772],[-73.35385599976837,2.6086330097369412],[-73.35140769702052,2.74125624292025],[-73.4774952885343,2.8143849415914204],[-73.50932322425624,2.888753109731594],[-73.42118432533398,2.927176663270683],[-73.35997675663796,2.9494871137127348],[-73.25592388985476,3.026334220790914],[-73.1384053579584,3.0920261026480667],[-73.05026645903615,3.0188974039768963],[-72.95967925736606,3.0151789955698884],[-72.9009199914179,2.970558094685784]]]}},{"type":"Feature","properties":{"dep":"50","muni":"606","name":"RESTREPO","dep_name":"META"},"geometry":{"type":"Polygon","coordinates":[[[-73.57175494432616,4.37363753359705],[-73.574203247074,4.320340346429926],[-73.42485677945574,4.155490907052542],[-73.27918276595923,4.159209315459551],[-73.23266501375026,4.182759235370606],[-73.11024987635824,4.165406662804566],[-73.26082049535043,4.129462048203482],[-73.39914960060341,4.130701517672485],[-73.58889306356104,4.1926749911226295],[-73.62806590752649,4.286874670766849],[-73.59991042592632,4.3401718579339725],[-73.63296251302216,4.397187453508105],[-73.60235872867416,4.461639865896256],[-73.57175494432616,4.37363753359705]]]}},{"type":"Feature","properties":{"dep":"50","muni":"680","name":"SAN CARLOS DE GUAROA","dep_name":"META"},"geometry":{"type":"Polygon","coordinates":[[[-73.17512989917601,3.9348653415700294],[-73.10045666536689,3.9299074636940166],[-73.11637063322785,3.846863009270825],[-73.1861472615413,3.7923263526346975],[-73.16288838543682,3.7303528791845526],[-73.2351133164981,3.7068029592734977],[-73.35752845389013,3.7105213676805064],[-73.38935638961205,3.866694520774871],[-73.45790886655158,3.855539295553845],[-73.4162877198383,3.984444120330144],[-73.29020012832451,3.9497389751980627],[-73.24245822474163,3.969570486702109],[-73.17512989917601,3.9348653415700294]]]}},{"type":"Feature","properties":{"dep":"50","muni":"683","name":"SAN JUAN DE ARAMA","dep_name":"META"},"geometry":{"type":"Polygon","coordinates":[[[-73.86677542544093,3.446514370782892],[-73.79699879712749,3.416767103526823],[-73.74680859079675,3.360990977421693],[-73.65254893500489,3.3101727291925744],[-73.54727191684776,3.23084668317639],[-73.46158132067335,3.1577179845052195],[-73.47504698578646,3.123012839373139],[-73.58766891218713,3.1626758623812314],[-73.69294593034427,3.1713521486642513],[-73.79577464575355,3.2159730495483556],[-73.86310297131917,3.21349411061035],[-73.9132931776499,3.1763100265402633],[-74.034484163668,3.1539995760982116],[-74.0406049205376,3.2444808473354216],[-73.9806215032155,3.232086152645393],[-73.9806215032155,3.3052148513165633],[-74.01857019580703,3.43288020662386],[-74.05162228290288,3.4551906570659128],[-73.98919056283295,3.499811557950016],[-73.86677542544093,3.446514370782892]]]}},{"type":"Feature","properties":{"dep":"50","muni":"686","name":"SAN JUANITO","dep_name":"META"},"geometry":{"type":"Polygon","coordinates":[[[-73.5680824902044,4.524852808815403],[-73.60235872867416,4.461639865896256],[-73.63296251302216,4.397187453508105],[-73.73701537980538,4.415779495543148],[-73.74558443942283,4.455442518551241],[-73.66846290286585,4.5397264424434365],[-73.64153157263961,4.547163259257454],[-73.5680824902044,4.524852808815403]]]}},{"type":"Feature","properties":{"dep":"50","muni":"689","name":"SAN MARTÍN","dep_name":"META"},"geometry":{"type":"Polygon","coordinates":[[[-73.71865310919658,3.8059605167937285],[-73.53992700860424,3.732831818122559],[-73.35752845389013,3.7105213676805064],[-73.2351133164981,3.7068029592734977],[-73.16288838543682,3.7303528791845526],[-72.97192077110526,3.65598471104438],[-72.79319467051292,3.674576753079423],[-72.73688370731259,3.719197653963527],[-72.60712366167704,3.7489449212195964],[-72.46144964818055,3.7204371234325295],[-72.29496506132739,3.756381738033613],[-72.30475827231875,3.613842749098282],[-72.3500518731538,3.570461317683181],[-72.40636283635413,3.4353591455618666],[-72.43207001520645,3.379583019456736],[-72.50307079489383,3.331243710165624],[-72.64629650564248,3.3213279544136007],[-72.74422861555611,3.260593950432459],[-72.8776611153134,3.264312358839468],[-72.99028304171406,3.245720316804425],[-73.22164765138498,3.3857803668017503],[-73.27918276595923,3.4688248212249437],[-73.37466657312501,3.4812195159149733],[-73.42363262808182,3.346117343793658],[-73.48116774265607,3.4142881645888172],[-73.51666813249975,3.4056118783057974],[-73.64275572401354,3.550629806179135],[-73.71253235232699,3.646068955292357],[-73.74680859079675,3.618800626974293],[-73.76517086140555,3.6584636499823855],[-73.78720558613611,3.7241555318395383],[-73.7492568935446,3.8109183946697396],[-73.71865310919658,3.8059605167937285]]]}},{"type":"Feature","properties":{"dep":"50","muni":"711","name":"VISTAHERMOSA","dep_name":"META"},"geometry":{"type":"Polygon","coordinates":[[[-73.47504698578646,3.123012839373139],[-73.51789228387368,3.0920261026480667],[-73.43709829319494,3.0337710376049314],[-73.42118432533398,2.927176663270683],[-73.50932322425624,2.888753109731594],[-73.4774952885343,2.8143849415914204],[-73.35140769702052,2.74125624292025],[-73.35385599976837,2.6086330097369412],[-73.33426957778565,2.535504311065772],[-73.18737141291521,2.4574177345185895],[-73.06985288101887,2.4251915283245147],[-73.15309517444545,2.3669364632813794],[-73.24000992199379,2.389246913723431],[-73.29876918794196,2.335949726556307],[-73.39058054098598,2.3520628296533443],[-73.4468915041863,2.3855285053164224],[-73.44444320143846,2.4475019787665664],[-73.55951343058696,2.6396197464620137],[-73.93410375100655,2.5392227194727797],[-73.97205244359807,2.570209456197852],[-73.95124187024142,2.6544933800900488],[-73.97817320046767,2.789595552211363],[-74.05651888839856,2.836695392033473],[-73.9916388655808,2.970558094685784],[-73.99531131970255,3.0424473238879512],[-74.034484163668,3.1539995760982116],[-73.9132931776499,3.1763100265402633],[-73.86310297131917,3.21349411061035],[-73.79577464575355,3.2159730495483556],[-73.69294593034427,3.1713521486642513],[-73.58766891218713,3.1626758623812314],[-73.47504698578646,3.123012839373139]]]}},{"type":"Feature","properties":{"dep":"50","muni":"350","name":"LA MACARENA","dep_name":"META"},"geometry":{"type":"Polygon","coordinates":[[[-73.4468915041863,2.3855285053164224],[-73.51421982975191,2.349583890715339],[-73.63173836164825,2.3533022991223476],[-73.66111799462233,2.293807764610209],[-73.66111799462233,2.0620269739066694],[-73.65989384324841,1.612099556658622],[-73.73946368255324,1.6381284155076825],[-73.85820636582349,1.6083811482516133],[-73.91084487490205,1.6368889460386793],[-73.99408716832863,1.6393678849766857],[-74.10548494335536,1.6914256026748067],[-74.20708950739075,1.716214992054864],[-74.32215973653925,1.788104221257032],[-74.47028205278359,1.8066962632920749],[-74.56331755720153,1.8475987557691704],[-74.56086925445368,1.9628694163864386],[-74.64411154788026,2.0954926495697475],[-74.59392134154953,2.13515567257784],[-74.65023230474986,2.2429895163810905],[-74.74326780916779,2.270257844699154],[-74.74204365779387,2.3235550318662783],[-74.67226702948042,2.4487414482355696],[-74.68083608909787,2.5540963531008147],[-74.60004209841912,2.635901338055005],[-74.5314896214796,2.5826041508878808],[-74.50210998850551,2.5107149216857136],[-74.36990164012214,2.545420066817795],[-74.1862789340341,2.568969986728849],[-74.06753625076384,2.545420066817795],[-74.02346680130272,2.5664910477908434],[-73.93410375100655,2.5392227194727797],[-73.55951343058696,2.6396197464620137],[-73.44444320143846,2.4475019787665664],[-73.4468915041863,2.3855285053164224]]]}},{"type":"Feature","properties":{"dep":"50","muni":"325","name":"MAPIRIPÁN","dep_name":"META"},"geometry":{"type":"Polygon","coordinates":[[[-71.0781585956507,3.356033099545681],[-71.07693444427679,2.8825557623865796],[-71.2776952695997,2.8676821287585446],[-71.32910962730435,2.8924715181386027],[-71.38909304462645,2.845371678316493],[-71.46866288393126,2.893710987607605],[-71.65228559001929,2.8205822889364347],[-71.74164864031546,2.883795231855582],[-71.85794302083788,2.8428927393784873],[-72.04646233242158,2.818103349998429],[-72.11256650661328,2.875118945572562],[-72.2043778596573,2.8590058424755247],[-72.25211976324019,2.823061227874441],[-72.43574246932822,2.7400167734512477],[-72.50307079489383,2.74125624292025],[-72.60712366167704,2.8292585752194555],[-72.66465877625129,2.8540479645995127],[-72.7075040743385,2.9296556022086886],[-72.81400524386956,2.9879106672518247],[-72.84460902821756,2.907345151766637],[-72.89112678042653,2.888753109731594],[-72.9009199914179,2.970558094685784],[-72.91193735378317,3.136647003532171],[-72.8776611153134,3.264312358839468],[-72.74422861555611,3.260593950432459],[-72.64629650564248,3.3213279544136007],[-72.50307079489383,3.331243710165624],[-72.43207001520645,3.379583019456736],[-72.40636283635413,3.4353591455618666],[-72.35739678139733,3.369667263704713],[-72.23987824950098,3.369667263704713],[-72.19336049729202,3.2767070535294964],[-71.89466756205549,3.4068513477747997],[-71.82489093374204,3.3907382446777623],[-71.64983728727145,3.4861773937909843],[-71.52252554438374,3.451472248658904],[-71.44540400782677,3.47998004644597],[-71.32054056768692,3.475022168569959],[-71.17853900831217,3.446514370782892],[-71.1320212561032,3.3808224889257392],[-71.0781585956507,3.356033099545681]]]}},{"type":"Feature","properties":{"dep":"50","muni":"568","name":"PUERTO GAITÁN","dep_name":"META"},"geometry":{"type":"Polygon","coordinates":[[[-71.0781585956507,4.899172588454274],[-71.0781585956507,4.726886332262874],[-71.0781585956507,3.9732888951091176],[-71.0781585956507,3.356033099545681],[-71.1320212561032,3.3808224889257392],[-71.17853900831217,3.446514370782892],[-71.32054056768692,3.475022168569959],[-71.44540400782677,3.47998004644597],[-71.52252554438374,3.451472248658904],[-71.64983728727145,3.4861773937909843],[-71.82489093374204,3.3907382446777623],[-71.89466756205549,3.4068513477747997],[-72.19336049729202,3.2767070535294964],[-72.23987824950098,3.369667263704713],[-72.35739678139733,3.369667263704713],[-72.40636283635413,3.4353591455618666],[-72.3500518731538,3.570461317683181],[-72.30475827231875,3.613842749098282],[-72.29496506132739,3.756381738033613],[-72.29251675857955,3.804721047324726],[-72.20070540553553,3.952217914136069],[-72.12480802035249,4.043938654842282],[-72.1982571027877,4.1108700061684385],[-72.20070540553553,4.165406662804566],[-72.16030841019617,4.342650796871979],[-72.12480802035249,4.393469045101096],[-72.07339366264783,4.3922295756320935],[-71.99872042883871,4.382313819880071],[-71.86773623182924,4.505021297311357],[-71.81387357137675,4.574431587575518],[-71.73552788344585,4.574431587575518],[-71.66942370925418,4.609136732707599],[-71.57883650758407,4.6735891450957485],[-71.31931641631299,4.769028294208971],[-71.21159109540801,4.817367603500083],[-71.0781585956507,4.899172588454274]]]}},{"type":"Feature","properties":{"dep":"41","muni":"001","name":"NEIVA","dep_name":"HUILA"},"geometry":{"type":"Polygon","coordinates":[[[-75.26720459720563,3.1292101867181534],[-75.23782496423155,3.0523630796399743],[-75.18151400103123,2.9953474840658423],[-75.11540982683954,2.9965869535348446],[-75.06521962050881,2.951966052650741],[-74.96973581334304,2.930895071677692],[-74.9440286344907,2.8961899265456115],[-75.07011622600449,2.744974651327259],[-75.14478945981362,2.7239036703542103],[-75.21579023950099,2.8614847814135302],[-75.29046347331013,2.8689215982275478],[-75.33942952826693,3.041207854418949],[-75.43858578955447,3.0486446712329656],[-75.46306881703288,3.0213763429149028],[-75.60017377091194,3.0486446712329656],[-75.58425980305097,3.150281167691203],[-75.53039714259849,3.232086152645393],[-75.48510354176344,3.23084668317639],[-75.3369812255191,3.2717491756534853],[-75.41287861070214,3.136647003532171],[-75.2831185650666,3.0734340606130237],[-75.26720459720563,3.1292101867181534]]]}},{"type":"Feature","properties":{"dep":"41","muni":"306","name":"GIGANTE","dep_name":"HUILA"},"geometry":{"type":"Polygon","coordinates":[[[-75.4287925785631,2.4524598566425784],[-75.44470654642407,2.3867679747854256],[-75.3859472804759,2.3148787455832576],[-75.39451634009335,2.302484050893229],[-75.51570732611144,2.2529052721331135],[-75.6160877387729,2.317357684521264],[-75.64669152312091,2.311160337176249],[-75.66627794510363,2.355781238060353],[-75.56834583519002,2.4623756123946015],[-75.56834583519002,2.488404471243662],[-75.52794883985064,2.5342648415967686],[-75.49856920687655,2.4871650017746587],[-75.4287925785631,2.4524598566425784]]]}},{"type":"Feature","properties":{"dep":"41","muni":"319","name":"GUADALUPE","dep_name":"HUILA"},"geometry":{"type":"Polygon","coordinates":[[[-75.58793225717274,2.0136876646155564],[-75.6589330368601,1.8922196566532739],[-75.68831266983419,1.8810644314322476],[-75.78869308249564,1.9913772141735047],[-75.70789909181691,2.0892953022247323],[-75.58793225717274,2.0136876646155564]]]}},{"type":"Feature","properties":{"dep":"41","muni":"349","name":"HOBO","dep_name":"HUILA"},"geometry":{"type":"Polygon","coordinates":[[[-75.43613748680663,2.678043300001103],[-75.43736163818055,2.6247461128339795],[-75.37860237223238,2.5094754522167104],[-75.4287925785631,2.4524598566425784],[-75.49856920687655,2.4871650017746587],[-75.52794883985064,2.5342648415967686],[-75.43613748680663,2.678043300001103]]]}},{"type":"Feature","properties":{"dep":"41","muni":"357","name":"ÍQUIRA","dep_name":"HUILA"},"geometry":{"type":"Polygon","coordinates":[[[-75.58793225717274,2.684240647346118],[-75.58425980305097,2.5491384752248027],[-75.6405707662513,2.5441805973487917],[-75.64546737174699,2.6346618685860026],[-75.73115796792139,2.665648605311074],[-75.76053760089547,2.6805222389391092],[-75.74829608715628,2.7189457924781983],[-75.81072780722621,2.7871166132733576],[-75.63934661487738,2.789595552211363],[-75.58793225717274,2.684240647346118]]]}},{"type":"Feature","properties":{"dep":"41","muni":"359","name":"ISNOS","dep_name":"HUILA"},"geometry":{"type":"Polygon","coordinates":[[[-76.13267961856722,1.9963350920495166],[-76.12043810482803,1.9492352522274068],[-76.19511133863715,1.8624723893972046],[-76.28202608618548,1.9318826796613662],[-76.27468117794197,2.011208725677551],[-76.3738374392295,2.0769006075347036],[-76.41913104006454,2.192171268151972],[-76.36037177411637,2.270257844699154],[-76.38363065022087,2.2144817185940244],[-76.34568195762934,2.0855768938177244],[-76.13267961856722,1.9963350920495166]]]}},{"type":"Feature","properties":{"dep":"41","muni":"378","name":"LA ARGENTINA","dep_name":"HUILA"},"geometry":{"type":"Polygon","coordinates":[[[-76.20857700375028,2.198368615496987],[-76.12411055894978,2.179776573461943],[-75.99312636194031,2.202087023903995],[-75.8890734951571,2.260342088947131],[-75.9135565226355,2.2058054323110037],[-76.00659202705344,2.1140846916047904],[-76.05800638475809,2.0905347716937355],[-76.14981773780211,2.117803100011799],[-76.20000794413284,2.13515567257784],[-76.34200950350757,2.2380316385050794],[-76.36037177411637,2.270257844699154],[-76.27468117794197,2.270257844699154],[-76.20857700375028,2.198368615496987]]]}},{"type":"Feature","properties":{"dep":"41","muni":"396","name":"LA PLATA","dep_name":"HUILA"},"geometry":{"type":"Polygon","coordinates":[[[-75.96252257759231,2.498320226995685],[-75.90988406851375,2.446262509297564],[-75.84133159157422,2.4586572039875927],[-75.82786592646109,2.3533022991223476],[-75.88662519240926,2.3099208677072465],[-75.8890734951571,2.260342088947131],[-75.99312636194031,2.202087023903995],[-76.12411055894978,2.179776573461943],[-76.20857700375028,2.198368615496987],[-76.12166225620194,2.2243974743460475],[-76.14614528368034,2.293807764610209],[-76.12655886169762,2.3805706274404104],[-75.96252257759231,2.498320226995685]]]}},{"type":"Feature","properties":{"dep":"41","muni":"483","name":"NÁTAGA","dep_name":"HUILA"},"geometry":{"type":"Polygon","coordinates":[[[-75.73115796792139,2.665648605311074],[-75.75931344952156,2.617309296019962],[-75.76665835776508,2.5193912079687335],[-75.79481383936525,2.4760097765536333],[-75.81440026134797,2.48344659336765],[-75.8401074402003,2.5578147615078235],[-75.76053760089547,2.6805222389391092],[-75.73115796792139,2.665648605311074]]]}},{"type":"Feature","properties":{"dep":"41","muni":"503","name":"OPORAPA","dep_name":"HUILA"},"geometry":{"type":"Polygon","coordinates":[[[-76.00659202705344,2.1140846916047904],[-75.96252257759231,2.04095599293362],[-76.00536787567953,2.0012929699255277],[-76.11431734795842,2.050871748685643],[-76.14981773780211,2.117803100011799],[-76.05800638475809,2.0905347716937355],[-76.00659202705344,2.1140846916047904]]]}},{"type":"Feature","properties":{"dep":"41","muni":"518","name":"PAICOL","dep_name":"HUILA"},"geometry":{"type":"Polygon","coordinates":[[[-75.79481383936525,2.4760097765536333],[-75.67484700472107,2.459896673456595],[-75.60874283052938,2.4338678146075345],[-75.56834583519002,2.4623756123946015],[-75.66627794510363,2.355781238060353],[-75.7862447797478,2.3619785854053674],[-75.78257232562605,2.326033970804284],[-75.82786592646109,2.3533022991223476],[-75.84133159157422,2.4586572039875927],[-75.81440026134797,2.48344659336765],[-75.79481383936525,2.4760097765536333]]]}},{"type":"Feature","properties":{"dep":"41","muni":"524","name":"PALERMO","dep_name":"HUILA"},"geometry":{"type":"Polygon","coordinates":[[[-75.29046347331013,2.8689215982275478],[-75.33453292277125,2.7809192659283424],[-75.42267182169351,2.7338194261062334],[-75.49856920687655,2.7672851017693114],[-75.54631111045944,2.830498044688458],[-75.61853604152074,2.850329556192504],[-75.53651789946808,2.8899925792005963],[-75.49856920687655,2.969318625216781],[-75.57813904618138,2.979234380968804],[-75.61363943602505,3.0238552818529083],[-75.60017377091194,3.0486446712329656],[-75.46306881703288,3.0213763429149028],[-75.43858578955447,3.0486446712329656],[-75.33942952826693,3.041207854418949],[-75.29046347331013,2.8689215982275478]]]}},{"type":"Feature","properties":{"dep":"41","muni":"530","name":"PALESTINA","dep_name":"HUILA"},"geometry":{"type":"Polygon","coordinates":[[[-76.05800638475809,1.7385254424969165],[-76.16940415978483,1.588549636747567],[-76.19878379275892,1.5749154725885353],[-76.22693927435908,1.664157274356743],[-76.1192139534541,1.774470057098],[-76.05800638475809,1.7385254424969165]]]}},{"type":"Feature","properties":{"dep":"41","muni":"548","name":"PITAL","dep_name":"HUILA"},"geometry":{"type":"Polygon","coordinates":[[[-75.78257232562605,2.326033970804284],[-75.77889987150428,2.235552699567073],[-75.72993381654747,2.163663470364906],[-75.73360627066924,2.1611845314269003],[-75.78746893112172,2.2008475544349926],[-75.9135565226355,2.2058054323110037],[-75.8890734951571,2.260342088947131],[-75.88662519240926,2.3099208677072465],[-75.82786592646109,2.3533022991223476],[-75.78257232562605,2.326033970804284]]]}},{"type":"Feature","properties":{"dep":"41","muni":"551","name":"PITALITO","dep_name":"HUILA"},"geometry":{"type":"Polygon","coordinates":[[[-76.02495429766225,1.9765035805454705],[-75.98700560507072,1.9541931301034179],[-75.96252257759231,1.8537961031141847],[-76.05800638475809,1.7385254424969165],[-76.1192139534541,1.774470057098],[-76.22693927435908,1.664157274356743],[-76.31630232465525,1.6839887858607892],[-76.23918078809828,1.7682727097529858],[-76.19511133863715,1.8624723893972046],[-76.12043810482803,1.9492352522274068],[-76.13267961856722,1.9963350920495166],[-76.02495429766225,1.9765035805454705]]]}},{"type":"Feature","properties":{"dep":"41","muni":"615","name":"RIVERA","dep_name":"HUILA"},"geometry":{"type":"Polygon","coordinates":[[[-75.14478945981362,2.7239036703542103],[-75.15213436805715,2.7090300367261753],[-75.17172079003987,2.702832689381161],[-75.19375551477043,2.692916933629138],[-75.33453292277125,2.7809192659283424],[-75.29046347331013,2.8689215982275478],[-75.21579023950099,2.8614847814135302],[-75.14478945981362,2.7239036703542103]]]}},{"type":"Feature","properties":{"dep":"41","muni":"660","name":"SALADOBLANCO","dep_name":"HUILA"},"geometry":{"type":"Polygon","coordinates":[[[-76.14981773780211,2.117803100011799],[-76.11431734795842,2.050871748685643],[-76.00536787567953,2.0012929699255277],[-76.02495429766225,1.9765035805454705],[-76.13267961856722,1.9963350920495166],[-76.34568195762934,2.0855768938177244],[-76.38363065022087,2.2144817185940244],[-76.36037177411637,2.270257844699154],[-76.34200950350757,2.2380316385050794],[-76.20000794413284,2.13515567257784],[-76.14981773780211,2.117803100011799]]]}},{"type":"Feature","properties":{"dep":"41","muni":"668","name":"SAN AGUSTÍN","dep_name":"HUILA"},"geometry":{"type":"Polygon","coordinates":[[[-76.19511133863715,1.8624723893972046],[-76.23918078809828,1.7682727097529858],[-76.31630232465525,1.6839887858607892],[-76.43382085655159,1.7905831601950375],[-76.59051223241337,1.868669736742219],[-76.62356431950923,1.9752641110764673],[-76.58071902142201,2.0285612982435914],[-76.58928808103946,2.107887344259776],[-76.55378769119577,2.1388740809848485],[-76.42525179693415,2.1289583252328255],[-76.41913104006454,2.192171268151972],[-76.3738374392295,2.0769006075347036],[-76.27468117794197,2.011208725677551],[-76.28202608618548,1.9318826796613662],[-76.19511133863715,1.8624723893972046]]]}},{"type":"Feature","properties":{"dep":"41","muni":"676","name":"SANTA MARÍA","dep_name":"HUILA"},"geometry":{"type":"Polygon","coordinates":[[[-75.61853604152074,2.850329556192504],[-75.68586436708635,2.831737514157461],[-75.767882509139,2.9147819685806544],[-75.69198512395594,2.992868545127836],[-75.61363943602505,3.0238552818529083],[-75.57813904618138,2.979234380968804],[-75.49856920687655,2.969318625216781],[-75.53651789946808,2.8899925792005963],[-75.61853604152074,2.850329556192504]]]}},{"type":"Feature","properties":{"dep":"41","muni":"770","name":"SUAZA","dep_name":"HUILA"},"geometry":{"type":"Polygon","coordinates":[[[-75.82052101821758,1.997574561518519],[-75.78869308249564,1.9913772141735047],[-75.68831266983419,1.8810644314322476],[-75.73483042204316,1.7868647517880287],[-75.7862447797478,1.7633148318769738],[-75.83765913745245,1.7397649119659189],[-75.8829527382875,1.8513171641761783],[-75.95028106385311,1.8562750420521903],[-75.82052101821758,1.997574561518519]]]}},{"type":"Feature","properties":{"dep":"41","muni":"791","name":"TARQUI","dep_name":"HUILA"},"geometry":{"type":"Polygon","coordinates":[[[-75.73360627066924,2.1611845314269003],[-75.8401074402003,2.0868163632867267],[-75.8584697108091,2.045913870809632],[-75.86214216493086,2.0434349318716256],[-75.96252257759231,2.04095599293362],[-76.00659202705344,2.1140846916047904],[-75.9135565226355,2.2058054323110037],[-75.78746893112172,2.2008475544349926],[-75.73360627066924,2.1611845314269003]]]}},{"type":"Feature","properties":{"dep":"41","muni":"797","name":"TESALIA","dep_name":"HUILA"},"geometry":{"type":"Polygon","coordinates":[[[-75.58425980305097,2.5491384752248027],[-75.56834583519002,2.488404471243662],[-75.56834583519002,2.4623756123946015],[-75.60874283052938,2.4338678146075345],[-75.67484700472107,2.459896673456595],[-75.79481383936525,2.4760097765536333],[-75.76665835776508,2.5193912079687335],[-75.75931344952156,2.617309296019962],[-75.73115796792139,2.665648605311074],[-75.64546737174699,2.6346618685860026],[-75.6405707662513,2.5441805973487917],[-75.58425980305097,2.5491384752248027]]]}},{"type":"Feature","properties":{"dep":"41","muni":"799","name":"TELLO","dep_name":"HUILA"},"geometry":{"type":"Polygon","coordinates":[[[-75.16315173042243,3.1354075340631677],[-75.11051322134385,3.0759129995510293],[-74.98932223532576,3.069715652206015],[-74.93423542349935,3.0387289154809425],[-74.90485579052526,2.9581633999957555],[-74.9440286344907,2.8961899265456115],[-74.96973581334304,2.930895071677692],[-75.06521962050881,2.951966052650741],[-75.11540982683954,2.9965869535348446],[-75.18151400103123,2.9953474840658423],[-75.23782496423155,3.0523630796399743],[-75.26720459720563,3.1292101867181534],[-75.26598044583172,3.1391259424701765],[-75.23048005598804,3.1676337402572425],[-75.16315173042243,3.1354075340631677]]]}},{"type":"Feature","properties":{"dep":"41","muni":"801","name":"TERUEL","dep_name":"HUILA"},"geometry":{"type":"Polygon","coordinates":[[[-75.767882509139,2.9147819685806544],[-75.68586436708635,2.831737514157461],[-75.61853604152074,2.850329556192504],[-75.54631111045944,2.830498044688458],[-75.49856920687655,2.7672851017693114],[-75.58793225717274,2.684240647346118],[-75.63934661487738,2.789595552211363],[-75.81072780722621,2.7871166132733576],[-75.82296932096541,2.8354559225644698],[-75.89641840340062,2.855287434068516],[-76.028626751784,2.940810827429715],[-75.85969386218302,2.8726400066345565],[-75.767882509139,2.9147819685806544]]]}},{"type":"Feature","properties":{"dep":"41","muni":"807","name":"TIMANÁ","dep_name":"HUILA"},"geometry":{"type":"Polygon","coordinates":[[[-75.82052101821758,1.997574561518519],[-75.95028106385311,1.8562750420521903],[-75.96252257759231,1.8537961031141847],[-75.98700560507072,1.9541931301034179],[-75.86214216493086,2.0434349318716256],[-75.8584697108091,2.045913870809632],[-75.82052101821758,1.997574561518519]]]}},{"type":"Feature","properties":{"dep":"41","muni":"872","name":"VILLAVIEJA","dep_name":"HUILA"},"geometry":{"type":"Polygon","coordinates":[[[-75.0346158361608,3.427922328747849],[-75.06644377188273,3.294059626095537],[-75.00768450593456,3.280425461936505],[-75.08847849661329,3.188704721230292],[-75.16315173042243,3.1354075340631677],[-75.23048005598804,3.1676337402572425],[-75.26598044583172,3.1391259424701765],[-75.22925590461412,3.2010994159203205],[-75.23782496423155,3.312651668130581],[-75.17294494141379,3.3783435499877337],[-75.1496860653093,3.4353591455618666],[-75.0346158361608,3.427922328747849]]]}},{"type":"Feature","properties":{"dep":"41","muni":"885","name":"YAGUARÁ","dep_name":"HUILA"},"geometry":{"type":"Polygon","coordinates":[[[-75.42267182169351,2.7338194261062334],[-75.43613748680663,2.678043300001103],[-75.52794883985064,2.5342648415967686],[-75.56834583519002,2.488404471243662],[-75.58425980305097,2.5491384752248027],[-75.58793225717274,2.684240647346118],[-75.49856920687655,2.7672851017693114],[-75.42267182169351,2.7338194261062334]]]}},{"type":"Feature","properties":{"dep":"41","muni":"298","name":"GARZÓN","dep_name":"HUILA"},"geometry":{"type":"Polygon","coordinates":[[[-75.39451634009335,2.302484050893229],[-75.42634427581527,2.1946502070899783],[-75.44470654642407,2.1438319588608596],[-75.53529374809416,2.117803100011799],[-75.58793225717274,2.0136876646155564],[-75.70789909181691,2.0892953022247323],[-75.68586436708635,2.1673818787719146],[-75.64791567449483,2.22563694381505],[-75.64669152312091,2.311160337176249],[-75.6160877387729,2.317357684521264],[-75.51570732611144,2.2529052721331135],[-75.39451634009335,2.302484050893229]]]}},{"type":"Feature","properties":{"dep":"41","muni":"244","name":"ELÍAS","dep_name":"HUILA"},"geometry":{"type":"Polygon","coordinates":[[[-75.86214216493086,2.0434349318716256],[-75.98700560507072,1.9541931301034179],[-76.02495429766225,1.9765035805454705],[-76.00536787567953,2.0012929699255277],[-75.96252257759231,2.04095599293362],[-75.86214216493086,2.0434349318716256]]]}},{"type":"Feature","properties":{"dep":"41","muni":"206","name":"COLOMBIA","dep_name":"HUILA"},"geometry":{"type":"Polygon","coordinates":[[[-74.43967826843559,3.7303528791845526],[-74.41641939233111,3.7402686349365757],[-74.50210998850551,3.647308424761359],[-74.56331755720153,3.5258404167990767],[-74.61595606628009,3.460148534941924],[-74.63921494238457,3.3684277942357106],[-74.61595606628009,3.3213279544136007],[-74.66614627261082,3.2296072137073875],[-74.76652668527228,3.0969839805240786],[-74.84854482732493,3.1428443508771853],[-74.86690709793373,3.2258888053003787],[-74.90975239602093,3.2903412176885283],[-74.84854482732493,3.34239893538665],[-74.8105961347334,3.4105697561818085],[-74.76530253389836,3.4403170234378777],[-74.77509574488973,3.5246009473300743],[-74.67593948360218,3.665900466796403],[-74.55719680033192,3.7675369632546394],[-74.53516207560136,3.843144600863816],[-74.44579902530519,3.8010026389177174],[-74.43967826843559,3.7303528791845526]]]}},{"type":"Feature","properties":{"dep":"41","muni":"132","name":"CAMPOALEGRE","dep_name":"HUILA"},"geometry":{"type":"Polygon","coordinates":[[[-75.17172079003987,2.702832689381161],[-75.37860237223238,2.5094754522167104],[-75.43736163818055,2.6247461128339795],[-75.43613748680663,2.678043300001103],[-75.42267182169351,2.7338194261062334],[-75.33453292277125,2.7809192659283424],[-75.19375551477043,2.692916933629138],[-75.17172079003987,2.702832689381161]]]}},{"type":"Feature","properties":{"dep":"41","muni":"078","name":"BARAYA","dep_name":"HUILA"},"geometry":{"type":"Polygon","coordinates":[[[-74.90975239602093,3.2903412176885283],[-74.86690709793373,3.2258888053003787],[-74.84854482732493,3.1428443508771853],[-74.76652668527228,3.0969839805240786],[-74.86935540068157,2.9730370336237897],[-74.89873503365565,2.96436074734077],[-74.90485579052526,2.9581633999957555],[-74.93423542349935,3.0387289154809425],[-74.98932223532576,3.069715652206015],[-75.11051322134385,3.0759129995510293],[-75.16315173042243,3.1354075340631677],[-75.08847849661329,3.188704721230292],[-75.00768450593456,3.280425461936505],[-74.90975239602093,3.2903412176885283]]]}},{"type":"Feature","properties":{"dep":"41","muni":"026","name":"ALTAMIRA","dep_name":"HUILA"},"geometry":{"type":"Polygon","coordinates":[[[-75.68586436708635,2.1673818787719146],[-75.70789909181691,2.0892953022247323],[-75.78869308249564,1.9913772141735047],[-75.82052101821758,1.997574561518519],[-75.8584697108091,2.045913870809632],[-75.8401074402003,2.0868163632867267],[-75.73360627066924,2.1611845314269003],[-75.72993381654747,2.163663470364906],[-75.68586436708635,2.1673818787719146]]]}},{"type":"Feature","properties":{"dep":"41","muni":"020","name":"ALGECIRAS","dep_name":"HUILA"},"geometry":{"type":"Polygon","coordinates":[[[-75.13377209744834,2.598717253984918],[-75.19497966614435,2.511954391154717],[-75.3492227392583,2.3235550318662783],[-75.3859472804759,2.3148787455832576],[-75.44470654642407,2.3867679747854256],[-75.4287925785631,2.4524598566425784],[-75.37860237223238,2.5094754522167104],[-75.17172079003987,2.702832689381161],[-75.15213436805715,2.7090300367261753],[-75.13377209744834,2.598717253984918]]]}},{"type":"Feature","properties":{"dep":"41","muni":"016","name":"AIPE","dep_name":"HUILA"},"geometry":{"type":"Polygon","coordinates":[[[-75.26842874857957,3.3820619583947424],[-75.22680760186627,3.4155276340578204],[-75.17294494141379,3.3783435499877337],[-75.23782496423155,3.312651668130581],[-75.22925590461412,3.2010994159203205],[-75.26598044583172,3.1391259424701765],[-75.26720459720563,3.1292101867181534],[-75.2831185650666,3.0734340606130237],[-75.41287861070214,3.136647003532171],[-75.3369812255191,3.2717491756534853],[-75.48510354176344,3.23084668317639],[-75.53039714259849,3.232086152645393],[-75.58425980305097,3.150281167691203],[-75.57691489480744,3.2209309274243667],[-75.47898278489383,3.360990977421693],[-75.42634427581527,3.352314691138673],[-75.36636085849318,3.4068513477747997],[-75.26842874857957,3.3820619583947424]]]}},{"type":"Feature","properties":{"dep":"41","muni":"013","name":"AGRADO","dep_name":"HUILA"},"geometry":{"type":"Polygon","coordinates":[[[-75.66627794510363,2.355781238060353],[-75.64669152312091,2.311160337176249],[-75.64791567449483,2.22563694381505],[-75.68586436708635,2.1673818787719146],[-75.72993381654747,2.163663470364906],[-75.77889987150428,2.235552699567073],[-75.78257232562605,2.326033970804284],[-75.7862447797478,2.3619785854053674],[-75.66627794510363,2.355781238060353]]]}},{"type":"Feature","properties":{"dep":"41","muni":"006","name":"ACEVEDO","dep_name":"HUILA"},"geometry":{"type":"Polygon","coordinates":[[[-75.83765913745245,1.7397649119659189],[-75.90376331164414,1.716214992054864],[-75.98333315094895,1.6220153124106451],[-76.09962753147138,1.563760247367509],[-76.16940415978483,1.588549636747567],[-76.05800638475809,1.7385254424969165],[-75.96252257759231,1.8537961031141847],[-75.95028106385311,1.8562750420521903],[-75.8829527382875,1.8513171641761783],[-75.83765913745245,1.7397649119659189]]]}},{"type":"Feature","properties":{"dep":"68","muni":"013","name":"AGUADA","dep_name":"SANTANDER"},"geometry":{"type":"Polygon","coordinates":[[[-73.48116774265607,6.185741897279268],[-73.48116774265607,6.163431446837217],[-73.54237531135207,6.110134259670092],[-73.57665154982185,6.253912718074428],[-73.48116774265607,6.185741897279268]]]}},{"type":"Feature","properties":{"dep":"68","muni":"020","name":"ALBANIA","dep_name":"SANTANDER"},"geometry":{"type":"Polygon","coordinates":[[[-73.76272255865771,5.772998564101307],[-73.79455049437964,5.729617132686206],[-73.88024109055405,5.707306682244155],[-73.89982751253677,5.737053949500224],[-73.96225923260671,5.73953288843823],[-73.89615505841502,5.782914319853331],[-73.82637843010156,5.790351136667349],[-73.74436028804891,5.870916652152536],[-73.76272255865771,5.772998564101307]]]}},{"type":"Feature","properties":{"dep":"68","muni":"051","name":"ARATOCA","dep_name":"SANTANDER"},"geometry":{"type":"Polygon","coordinates":[[[-72.93886868400942,6.690205971163444],[-73.00007625270543,6.6468245397483425],[-73.08087024338417,6.686487562756435],[-73.06740457827104,6.7373058109855535],[-73.0037487068272,6.824068673815754],[-72.98293813347054,6.791842467621679],[-72.93886868400942,6.690205971163444]]]}},{"type":"Feature","properties":{"dep":"68","muni":"077","name":"BARBOSA","dep_name":"SANTANDER"},"geometry":{"type":"Polygon","coordinates":[[[-73.58766891218713,5.99734253799083],[-73.59378966905672,5.95891898445174],[-73.63541081577002,5.910579675160628],[-73.66356629737018,5.927932247726668],[-73.61949684790905,5.992384660114819],[-73.58766891218713,5.99734253799083]]]}},{"type":"Feature","properties":{"dep":"68","muni":"079","name":"BARICHARA","dep_name":"SANTANDER"},"geometry":{"type":"Polygon","coordinates":[[[-73.15431932581937,6.599724699926233],[-73.21185444039362,6.558822207449138],[-73.26449294947219,6.629471967182301],[-73.2583721926026,6.695163849039455],[-73.22409595413282,6.733587402578545],[-73.1800265046717,6.707558543729483],[-73.19349216978482,6.6468245397483425],[-73.15431932581937,6.599724699926233]]]}},{"type":"Feature","properties":{"dep":"68","muni":"081","name":"BARRANCABERMEJA","dep_name":"SANTANDER"},"geometry":{"type":"Polygon","coordinates":[[[-73.5680824902044,7.183514819826591],[-73.55094437096952,7.163683308322545],[-73.53992700860424,7.153767552570523],[-73.70273914133563,6.945536681778037],[-73.7492568935446,6.860013288416839],[-73.81168861361452,6.889760555672908],[-73.94879356749358,6.888521086203905],[-74.09446758099008,6.804237162311708],[-74.01122528756352,6.9133104755839625],[-73.89737920978894,6.986439174255132],[-73.88758599879758,7.0707230981473295],[-73.92920714551086,7.115343999031433],[-73.92308638864125,7.213262087082661],[-73.88636184742366,7.189712167171606],[-73.81780937048413,7.23433306805571],[-73.71987726057051,7.254164579559756],[-73.5680824902044,7.183514819826591]]]}},{"type":"Feature","properties":{"dep":"68","muni":"092","name":"BETULIA","dep_name":"SANTANDER"},"geometry":{"type":"Polygon","coordinates":[[[-73.21675104588931,6.925705170273991],[-73.26326879809827,6.857534349478833],[-73.31835560992468,6.881084269389888],[-73.38323563274245,6.998833868945162],[-73.4530122610559,6.960410315406072],[-73.49830586189096,6.986439174255132],[-73.53992700860424,7.153767552570523],[-73.45056395830807,7.138893918942488],[-73.37833902724677,7.067004689740321],[-73.29754503656804,7.019904849918211],[-73.21675104588931,6.925705170273991]]]}},{"type":"Feature","properties":{"dep":"68","muni":"121","name":"CABRERA","dep_name":"SANTANDER"},"geometry":{"type":"Polygon","coordinates":[[[-73.21185444039362,6.558822207449138],[-73.2045095321501,6.542709104352099],[-73.22532010550674,6.5265960012550615],[-73.27183785771571,6.510482898158024],[-73.28285522008099,6.5650195547941514],[-73.26449294947219,6.629471967182301],[-73.21185444039362,6.558822207449138]]]}},{"type":"Feature","properties":{"dep":"68","muni":"132","name":"CALIFORNIA","dep_name":"SANTANDER"},"geometry":{"type":"Polygon","coordinates":[[[-72.8654196015742,7.376872056991042],[-72.92295471614845,7.292588133098846],[-72.9498860463747,7.348364259203976],[-72.8654196015742,7.376872056991042]]]}},{"type":"Feature","properties":{"dep":"68","muni":"147","name":"CAPITANEJO","dep_name":"SANTANDER"},"geometry":{"type":"Polygon","coordinates":[[[-72.63772744602505,6.508003959220019],[-72.64874480839033,6.436114730017852],[-72.66098632212953,6.443551546831868],[-72.67934859273834,6.48321456983996],[-72.74300446418218,6.566259024263154],[-72.72341804219946,6.578653718953184],[-72.70260746884281,6.594766822050222],[-72.63772744602505,6.508003959220019]]]}},{"type":"Feature","properties":{"dep":"68","muni":"152","name":"CARCASÍ","dep_name":"SANTANDER"},"geometry":{"type":"Polygon","coordinates":[[[-72.49939834077206,6.728629524702532],[-72.48593267565894,6.656740295500365],[-72.54224363885928,6.583611596829195],[-72.59977875343353,6.558822207449138],[-72.66710707899914,6.617077272492272],[-72.62426178091192,6.70136119638447],[-72.58998554244216,6.745982097268573],[-72.49939834077206,6.728629524702532]]]}},{"type":"Feature","properties":{"dep":"68","muni":"160","name":"CEPITÁ","dep_name":"SANTANDER"},"geometry":{"type":"Polygon","coordinates":[[[-72.90948905103534,6.682769154349426],[-72.90826489966142,6.676571807004411],[-72.93886868400942,6.690205971163444],[-72.98293813347054,6.791842467621679],[-72.9376445326355,6.806716101249714],[-72.88500602355693,6.814152918063732],[-72.88010941806125,6.717474299481507],[-72.90948905103534,6.682769154349426]]]}},{"type":"Feature","properties":{"dep":"68","muni":"162","name":"CERRITO","dep_name":"SANTANDER"},"geometry":{"type":"Polygon","coordinates":[[[-72.54714024435495,6.886042147265899],[-72.58386478557256,6.798039814966694],[-72.75769428066923,6.82654761275376],[-72.74667691830395,6.957931376468066],[-72.73443540456475,6.986439174255132],[-72.72219389082554,7.005031216290176],[-72.55326100122456,6.98519970478613],[-72.54714024435495,6.886042147265899]]]}},{"type":"Feature","properties":{"dep":"68","muni":"167","name":"CHARALÁ","dep_name":"SANTANDER"},"geometry":{"type":"Polygon","coordinates":[[[-73.00130040407934,6.35802815347067],[-73.04169739941871,6.334478233559615],[-73.11024987635824,6.215489164535338],[-73.13595705521057,6.206812878252318],[-73.17268159642818,6.121289484891118],[-73.13962950933234,5.998582007459833],[-73.08209439475809,5.977511026486784],[-73.17512989917601,5.994863599052824],[-73.24000992199379,6.054358133564962],[-73.23756161924595,6.1274868322361336],[-73.20083707802834,6.276223168516479],[-73.23021671100243,6.307209905241551],[-73.2045095321501,6.329520355683604],[-73.15921593131506,6.3555492145326635],[-73.11881893597568,6.2886178632065075],[-73.06985288101887,6.382817542850727],[-73.00130040407934,6.35802815347067]]]}},{"type":"Feature","properties":{"dep":"68","muni":"169","name":"CHARTA","dep_name":"SANTANDER"},"geometry":{"type":"Polygon","coordinates":[[[-72.92295471614845,7.292588133098846],[-72.88133356943517,7.2566435184977625],[-73.00497285820111,7.241769884869727],[-73.05638721590576,7.184754289295594],[-73.0710770323928,7.199627922923629],[-73.0465940049144,7.278953968939813],[-72.97804152797487,7.314898583540897],[-72.92295471614845,7.292588133098846]]]}},{"type":"Feature","properties":{"dep":"68","muni":"176","name":"CHIMA","dep_name":"SANTANDER"},"geometry":{"type":"Polygon","coordinates":[[[-73.32080391267252,6.400170115416769],[-73.3318212750378,6.370422848160699],[-73.37833902724677,6.31092831364856],[-73.40771866022085,6.31092831364856],[-73.46402962342118,6.315886191524571],[-73.47627113716038,6.37538072603671],[-73.4652537747951,6.454706772052894],[-73.43832244456885,6.411325340637793],[-73.32080391267252,6.400170115416769]]]}},{"type":"Feature","properties":{"dep":"68","muni":"179","name":"CHIPATÁ","dep_name":"SANTANDER"},"geometry":{"type":"Polygon","coordinates":[[[-73.57909985256968,6.086584339759037],[-73.57909985256968,6.080386992414024],[-73.59623797180457,6.019652988432883],[-73.69417008171818,6.040723969405931],[-73.63663496714393,6.131205240643142],[-73.57909985256968,6.086584339759037]]]}},{"type":"Feature","properties":{"dep":"68","muni":"190","name":"CIMITARRA","dep_name":"SANTANDER"},"geometry":{"type":"Polygon","coordinates":[[[-73.87044787956269,6.5129618370960305],[-73.80679200811883,6.4609041193979095],[-73.85820636582349,6.330759825152606],[-73.98551810871119,6.222925981349356],[-74.10058833785969,6.221686511880353],[-74.13853703045122,6.2365601455083866],[-74.2107619615125,6.167149855244226],[-74.2107619615125,6.070471236662],[-74.3013491631826,6.111373729139096],[-74.40540202996581,6.128726301705136],[-74.4102986354615,6.219207572942347],[-74.50823074537512,6.286138924268503],[-74.45069563080087,6.331999294621609],[-74.39683297034838,6.45222783311489],[-74.40907448408758,6.5860905357672],[-74.36010842913078,6.6319509061203075],[-74.25605556234756,6.6753323375354086],[-74.23157253486914,6.71003748266749],[-74.10915739747713,6.776968833993646],[-74.06386379664208,6.599724699926233],[-73.9561384757371,6.57741424948418],[-73.87044787956269,6.5129618370960305]]]}},{"type":"Feature","properties":{"dep":"68","muni":"207","name":"CONCEPCIÓN","dep_name":"SANTANDER"},"geometry":{"type":"Polygon","coordinates":[[[-72.4773636160415,6.842660715850798],[-72.49939834077206,6.728629524702532],[-72.58998554244216,6.745982097268573],[-72.62426178091192,6.70136119638447],[-72.7075040743385,6.717474299481507],[-72.75402182654747,6.783166181338659],[-72.75769428066923,6.82654761275376],[-72.58386478557256,6.798039814966694],[-72.54714024435495,6.886042147265899],[-72.50307079489383,6.908352597707951],[-72.4773636160415,6.842660715850798]]]}},{"type":"Feature","properties":{"dep":"68","muni":"209","name":"CONFINES","dep_name":"SANTANDER"},"geometry":{"type":"Polygon","coordinates":[[[-73.20940613764579,6.406367462761782],[-73.2045095321501,6.329520355683604],[-73.23021671100243,6.307209905241551],[-73.27795861458532,6.334478233559615],[-73.30488994481156,6.348112397718646],[-73.22654425688066,6.408846401699789],[-73.20940613764579,6.406367462761782]]]}},{"type":"Feature","properties":{"dep":"68","muni":"615","name":"RIONEGRO","dep_name":"SANTANDER"},"geometry":{"type":"Polygon","coordinates":[[[-73.36976996762932,7.564031946810477],[-73.28163106870707,7.54791884371344],[-73.3257005181682,7.498340064953325],[-73.30611409618548,7.441324469379191],[-73.07842194063632,7.457437572476229],[-73.11881893597568,7.326053808761923],[-73.08209439475809,7.266559274249785],[-73.15799177994113,7.215741026020666],[-73.16411253681073,7.210783148144655],[-73.22654425688066,7.223177842834684],[-73.27428616046356,7.3000249499128635],[-73.32937297228996,7.334730095044943],[-73.34773524289876,7.417774549468136],[-73.39670129785557,7.402900915840101],[-73.4774952885343,7.502058473360332],[-73.52646134349112,7.519411045926374],[-73.56685833883049,7.588821336190534],[-73.64030742126569,7.6086528476945805],[-73.6953942330921,7.673105260082732],[-73.76027425590988,7.695415710524783],[-73.75292934766635,7.751191836629912],[-73.63296251302216,7.748712897691908],[-73.46280547204726,7.575187172031503],[-73.36976996762932,7.564031946810477]]]}},{"type":"Feature","properties":{"dep":"68","muni":"655","name":"SABANA DE TORRES","dep_name":"SANTANDER"},"geometry":{"type":"Polygon","coordinates":[[[-73.39670129785557,7.402900915840101],[-73.35508015114229,7.2851513162848285],[-73.43709829319494,7.181035880888585],[-73.55094437096952,7.163683308322545],[-73.5680824902044,7.183514819826591],[-73.57542739844793,7.2727566215948],[-73.64765232950921,7.3421669118589605],[-73.77618822377083,7.4227324273441475],[-73.77496407239691,7.529326801678396],[-73.72477386606619,7.587581866721532],[-73.76517086140555,7.638400114950651],[-73.76027425590988,7.695415710524783],[-73.6953942330921,7.673105260082732],[-73.64030742126569,7.6086528476945805],[-73.56685833883049,7.588821336190534],[-73.52646134349112,7.519411045926374],[-73.4774952885343,7.502058473360332],[-73.39670129785557,7.402900915840101]]]}},{"type":"Feature","properties":{"dep":"68","muni":"669","name":"SAN ANDRÉS","dep_name":"SANTANDER"},"geometry":{"type":"Polygon","coordinates":[[[-72.75769428066923,6.82654761275376],[-72.75402182654747,6.783166181338659],[-72.77483239990411,6.724911116295523],[-72.90948905103534,6.682769154349426],[-72.88010941806125,6.717474299481507],[-72.88500602355693,6.814152918063732],[-72.82624675760876,6.879844799920885],[-72.76136673479098,6.904634189300943],[-72.74667691830395,6.957931376468066],[-72.75769428066923,6.82654761275376]]]}},{"type":"Feature","properties":{"dep":"68","muni":"673","name":"SAN BENITO","dep_name":"SANTANDER"},"geometry":{"type":"Polygon","coordinates":[[[-73.48116774265607,6.163431446837217],[-73.47382283441254,6.1559946300232],[-73.49708171051702,6.107655320732087],[-73.5313579489868,6.049400255688951],[-73.5374787058564,6.041963438874934],[-73.57909985256968,6.080386992414024],[-73.57909985256968,6.086584339759037],[-73.54237531135207,6.110134259670092],[-73.48116774265607,6.163431446837217]]]}},{"type":"Feature","properties":{"dep":"68","muni":"679","name":"SAN GIL","dep_name":"SANTANDER"},"geometry":{"type":"Polygon","coordinates":[[[-73.11024987635824,6.649303478686347],[-73.11147402773217,6.584851066298198],[-73.02945588567951,6.537751226476088],[-73.07474948651456,6.481975100370958],[-73.11514648185393,6.481975100370958],[-73.14819856894977,6.494369795060987],[-73.2045095321501,6.542709104352099],[-73.21185444039362,6.558822207449138],[-73.15431932581937,6.599724699926233],[-73.11024987635824,6.649303478686347]]]}},{"type":"Feature","properties":{"dep":"68","muni":"682","name":"SAN JOAQUÍN","dep_name":"SANTANDER"},"geometry":{"type":"Polygon","coordinates":[[[-72.81890184936523,6.543948573821103],[-72.81767769799131,6.400170115416769],[-72.90948905103534,6.374141256567707],[-72.91193735378317,6.3790991344437185],[-72.87888526668733,6.498088203467995],[-72.83359166585228,6.567498493732158],[-72.81890184936523,6.543948573821103]]]}},{"type":"Feature","properties":{"dep":"68","muni":"684","name":"SAN JOSÉ DE MIRANDA","dep_name":"SANTANDER"},"geometry":{"type":"Polygon","coordinates":[[[-72.7075040743385,6.674092868066406],[-72.72341804219946,6.578653718953184],[-72.74300446418218,6.566259024263154],[-72.76993579440843,6.5798931884221865],[-72.76993579440843,6.682769154349426],[-72.7075040743385,6.674092868066406]]]}},{"type":"Feature","properties":{"dep":"68","muni":"686","name":"SAN MIGUEL","dep_name":"SANTANDER"},"geometry":{"type":"Polygon","coordinates":[[[-72.59977875343353,6.558822207449138],[-72.63772744602505,6.508003959220019],[-72.70260746884281,6.594766822050222],[-72.66710707899914,6.617077272492272],[-72.59977875343353,6.558822207449138]]]}},{"type":"Feature","properties":{"dep":"68","muni":"689","name":"SAN VICENTE DE CHUCURÍ","dep_name":"SANTANDER"},"geometry":{"type":"Polygon","coordinates":[[[-73.4530122610559,6.960410315406072],[-73.35875260526404,6.944297212309035],[-73.33304542641173,6.888521086203905],[-73.35997675663796,6.783166181338659],[-73.38323563274245,6.70136119638447],[-73.54604776547384,6.810434509656723],[-73.63908326989177,6.8327449600987755],[-73.63541081577002,6.772010956117633],[-73.73089462293579,6.763334669834613],[-73.7492568935446,6.860013288416839],[-73.70273914133563,6.945536681778037],[-73.53992700860424,7.153767552570523],[-73.49830586189096,6.986439174255132],[-73.4530122610559,6.960410315406072]]]}},{"type":"Feature","properties":{"dep":"68","muni":"705","name":"SANTA BÁRBARA","dep_name":"SANTANDER"},"geometry":{"type":"Polygon","coordinates":[[[-72.81890184936523,7.071962567616332],[-72.8470573309654,7.042215300360262],[-72.87031620706989,6.929423578681],[-72.91805811065278,6.847618593726809],[-72.99028304171406,6.936860395495017],[-72.92050641340062,6.995115460538154],[-72.91071320240926,7.081878323368354],[-72.84828148233932,7.1376544494734855],[-72.81890184936523,7.071962567616332]]]}},{"type":"Feature","properties":{"dep":"68","muni":"720","name":"SANTA HELENA DEL OPÓN","dep_name":"SANTANDER"},"geometry":{"type":"Polygon","coordinates":[[[-73.4652537747951,6.454706772052894],[-73.47627113716038,6.37538072603671],[-73.55216852234344,6.305970435772549],[-73.59991042592632,6.320844069400584],[-73.63663496714393,6.291096802144514],[-73.66846290286585,6.3840570123197296],[-73.64275572401354,6.447269955238877],[-73.67580781110938,6.480735630901956],[-73.62439345340474,6.525356531786059],[-73.4652537747951,6.454706772052894]]]}},{"type":"Feature","properties":{"dep":"68","muni":"745","name":"SIMACOTA","dep_name":"SANTANDER"},"geometry":{"type":"Polygon","coordinates":[[[-73.7492568935446,6.860013288416839],[-73.73089462293579,6.763334669834613],[-73.73456707705755,6.617077272492272],[-73.6770319624833,6.5513853906351205],[-73.43832244456885,6.525356531786059],[-73.40037375197733,6.534032818069079],[-73.30611409618548,6.490651386653978],[-73.29264843107235,6.4844540393089645],[-73.31590730717684,6.416283218513806],[-73.32080391267252,6.400170115416769],[-73.43832244456885,6.411325340637793],[-73.4652537747951,6.454706772052894],[-73.62439345340474,6.525356531786059],[-73.67580781110938,6.480735630901956],[-73.7614984072838,6.552624860104123],[-73.834947489719,6.636908783996319],[-73.86310297131917,6.702600665853472],[-73.95981092985886,6.805476631780712],[-73.94879356749358,6.888521086203905],[-73.81168861361452,6.889760555672908],[-73.7492568935446,6.860013288416839]]]}},{"type":"Feature","properties":{"dep":"68","muni":"755","name":"SOCORRO","dep_name":"SANTANDER"},"geometry":{"type":"Polygon","coordinates":[[[-73.17512989917601,6.464622527804918],[-73.20940613764579,6.406367462761782],[-73.22654425688066,6.408846401699789],[-73.31590730717684,6.416283218513806],[-73.29264843107235,6.4844540393089645],[-73.27183785771571,6.510482898158024],[-73.22532010550674,6.5265960012550615],[-73.17512989917601,6.464622527804918]]]}},{"type":"Feature","properties":{"dep":"68","muni":"770","name":"SUAITA","dep_name":"SANTANDER"},"geometry":{"type":"Polygon","coordinates":[[[-73.36120090801188,6.178305080465252],[-73.29999333931588,6.134923649050151],[-73.23756161924595,6.1274868322361336],[-73.24000992199379,6.054358133564962],[-73.3195797612986,6.081626461883026],[-73.4040462060991,6.055597603033966],[-73.45423641242982,6.079147522945021],[-73.49708171051702,6.107655320732087],[-73.47382283441254,6.1559946300232],[-73.36120090801188,6.178305080465252]]]}},{"type":"Feature","properties":{"dep":"68","muni":"773","name":"SUCRE","dep_name":"SANTANDER"},"geometry":{"type":"Polygon","coordinates":[[[-74.0773294617552,6.154755160554197],[-74.034484163668,6.049400255688951],[-73.94634526474574,6.070471236662],[-73.85086145757997,6.01469511055687],[-73.85820636582349,5.984947843300802],[-73.76761916415339,5.937848003478692],[-73.75782595316203,5.904382327815613],[-73.84229239796252,5.847366732241481],[-73.92431054001518,5.868437713214529],[-73.9194139345195,5.920495430912652],[-74.05774303977248,5.931650656133677],[-74.12751966808594,6.033287152591914],[-74.0773294617552,6.154755160554197]]]}},{"type":"Feature","properties":{"dep":"68","muni":"780","name":"SURATÁ","dep_name":"SANTANDER"},"geometry":{"type":"Polygon","coordinates":[[[-72.98293813347054,7.619808072915607],[-72.97804152797487,7.529326801678396],[-72.8960233859222,7.467353328228253],[-72.86297129882637,7.383069404336055],[-72.8654196015742,7.376872056991042],[-72.9498860463747,7.348364259203976],[-72.92295471614845,7.292588133098846],[-72.97804152797487,7.314898583540897],[-72.99885210133151,7.417774549468136],[-73.04536985354048,7.458677041945233],[-73.08821515162768,7.5280873322093935],[-73.04904230766223,7.606173908756576],[-72.98293813347054,7.619808072915607]]]}},{"type":"Feature","properties":{"dep":"68","muni":"820","name":"TONA","dep_name":"SANTANDER"},"geometry":{"type":"Polygon","coordinates":[[[-72.84828148233932,7.1376544494734855],[-72.91071320240926,7.081878323368354],[-73.00497285820111,7.0992308959343955],[-73.0465940049144,7.138893918942488],[-73.05638721590576,7.184754289295594],[-73.00497285820111,7.241769884869727],[-72.88133356943517,7.2566435184977625],[-72.87643696393948,7.264080335311778],[-72.8409365740958,7.1946700450476175],[-72.84828148233932,7.1376544494734855]]]}},{"type":"Feature","properties":{"dep":"68","muni":"855","name":"VALLE DE SAN JOSÉ","dep_name":"SANTANDER"},"geometry":{"type":"Polygon","coordinates":[[[-73.07474948651456,6.481975100370958],[-73.07230118376673,6.390254359664745],[-73.1616642340629,6.402649054354773],[-73.11514648185393,6.481975100370958],[-73.07474948651456,6.481975100370958]]]}},{"type":"Feature","properties":{"dep":"68","muni":"861","name":"VÉLEZ","dep_name":"SANTANDER"},"geometry":{"type":"Polygon","coordinates":[[[-73.7614984072838,6.552624860104123],[-73.67580781110938,6.480735630901956],[-73.64275572401354,6.447269955238877],[-73.66846290286585,6.3840570123197296],[-73.71987726057051,6.294815210551523],[-73.68192856797899,6.252673248605424],[-73.68560102210074,6.172107733120237],[-73.63663496714393,6.131205240643142],[-73.69417008171818,6.040723969405931],[-73.59623797180457,6.019652988432883],[-73.61949684790905,5.992384660114819],[-73.66356629737018,5.927932247726668],[-73.75170519629243,6.001060946397839],[-73.72844632018794,6.146078874271176],[-73.76884331552732,6.19441818356229],[-73.7259980174401,6.240278553915395],[-73.74313613667499,6.317125660993575],[-73.68437687072682,6.4138042795758],[-73.78475728338827,6.504285550813011],[-73.78108482926652,6.552624860104123],[-73.7614984072838,6.552624860104123]]]}},{"type":"Feature","properties":{"dep":"68","muni":"867","name":"VETAS","dep_name":"SANTANDER"},"geometry":{"type":"Polygon","coordinates":[[[-72.83848827134796,7.359519484425002],[-72.83359166585228,7.3037433583198705],[-72.87643696393948,7.264080335311778],[-72.88133356943517,7.2566435184977625],[-72.92295471614845,7.292588133098846],[-72.8654196015742,7.376872056991042],[-72.86297129882637,7.383069404336055],[-72.83848827134796,7.359519484425002]]]}},{"type":"Feature","properties":{"dep":"68","muni":"872","name":"VILLANUEVA","dep_name":"SANTANDER"},"geometry":{"type":"Polygon","coordinates":[[[-73.1983887752805,6.768292547710624],[-73.14575026620193,6.729868994171536],[-73.11759478460176,6.686487562756435],[-73.11024987635824,6.649303478686347],[-73.15431932581937,6.599724699926233],[-73.19349216978482,6.6468245397483425],[-73.1800265046717,6.707558543729483],[-73.22409595413282,6.733587402578545],[-73.1983887752805,6.768292547710624]]]}},{"type":"Feature","properties":{"dep":"68","muni":"895","name":"ZAPATOCA","dep_name":"SANTANDER"},"geometry":{"type":"Polygon","coordinates":[[[-73.21675104588931,6.925705170273991],[-73.17635405054993,6.8848026777968965],[-73.1983887752805,6.768292547710624],[-73.22409595413282,6.733587402578545],[-73.2583721926026,6.695163849039455],[-73.35997675663796,6.783166181338659],[-73.33304542641173,6.888521086203905],[-73.35875260526404,6.944297212309035],[-73.4530122610559,6.960410315406072],[-73.38323563274245,6.998833868945162],[-73.31835560992468,6.881084269389888],[-73.26326879809827,6.857534349478833],[-73.21675104588931,6.925705170273991]]]}},{"type":"Feature","properties":{"dep":"68","muni":"370","name":"JORDÁN","dep_name":"SANTANDER"},"geometry":{"type":"Polygon","coordinates":[[[-73.08087024338417,6.686487562756435],[-73.11759478460176,6.686487562756435],[-73.14575026620193,6.729868994171536],[-73.06740457827104,6.7373058109855535],[-73.08087024338417,6.686487562756435]]]}},{"type":"Feature","properties":{"dep":"68","muni":"377","name":"LA BELLEZA","dep_name":"SANTANDER"},"geometry":{"type":"Polygon","coordinates":[[[-73.92431054001518,5.868437713214529],[-73.91451732902382,5.84240885436547],[-73.99653547107647,5.822577342861424],[-74.07855361312913,5.832493098613446],[-74.1067090947293,5.878353468966553],[-74.1801581771645,5.910579675160628],[-74.12751966808594,6.033287152591914],[-74.05774303977248,5.931650656133677],[-73.9194139345195,5.920495430912652],[-73.92431054001518,5.868437713214529]]]}},{"type":"Feature","properties":{"dep":"68","muni":"385","name":"LANDÁZURI","dep_name":"SANTANDER"},"geometry":{"type":"Polygon","coordinates":[[[-73.78108482926652,6.552624860104123],[-73.78475728338827,6.504285550813011],[-73.68437687072682,6.4138042795758],[-73.74313613667499,6.317125660993575],[-73.7259980174401,6.240278553915395],[-73.76884331552732,6.19441818356229],[-73.8459648520843,6.1795445499342545],[-73.9071724207803,6.22540492028736],[-73.97694904909375,6.224165450818358],[-74.06141549389424,6.184502427810266],[-74.10058833785969,6.221686511880353],[-73.98551810871119,6.222925981349356],[-73.85820636582349,6.330759825152606],[-73.80679200811883,6.4609041193979095],[-73.87044787956269,6.5129618370960305],[-73.78108482926652,6.552624860104123]]]}},{"type":"Feature","properties":{"dep":"68","muni":"397","name":"LA PAZ","dep_name":"SANTANDER"},"geometry":{"type":"Polygon","coordinates":[[[-73.63663496714393,6.291096802144514],[-73.57665154982185,6.253912718074428],[-73.54237531135207,6.110134259670092],[-73.57909985256968,6.086584339759037],[-73.63663496714393,6.131205240643142],[-73.68560102210074,6.172107733120237],[-73.68192856797899,6.252673248605424],[-73.71987726057051,6.294815210551523],[-73.66846290286585,6.3840570123197296],[-73.63663496714393,6.291096802144514]]]}},{"type":"Feature","properties":{"dep":"68","muni":"406","name":"LEBRIJA","dep_name":"SANTANDER"},"geometry":{"type":"Polygon","coordinates":[[[-73.16411253681073,7.210783148144655],[-73.16411253681073,7.1512886136325164],[-73.20695783489793,7.043454769829266],[-73.26082049535043,7.053370525581288],[-73.30611409618548,7.121541346376446],[-73.41751187121221,7.150049144163514],[-73.43709829319494,7.181035880888585],[-73.35508015114229,7.2851513162848285],[-73.39670129785557,7.402900915840101],[-73.34773524289876,7.417774549468136],[-73.32937297228996,7.334730095044943],[-73.27428616046356,7.3000249499128635],[-73.22654425688066,7.223177842834684],[-73.16411253681073,7.210783148144655]]]}},{"type":"Feature","properties":{"dep":"68","muni":"418","name":"LOS SANTOS","dep_name":"SANTANDER"},"geometry":{"type":"Polygon","coordinates":[[[-73.10535327086257,6.910831536645956],[-73.0037487068272,6.824068673815754],[-73.06740457827104,6.7373058109855535],[-73.14575026620193,6.729868994171536],[-73.1983887752805,6.768292547710624],[-73.17635405054993,6.8848026777968965],[-73.10535327086257,6.910831536645956]]]}},{"type":"Feature","properties":{"dep":"68","muni":"425","name":"MACARAVITA","dep_name":"SANTANDER"},"geometry":{"type":"Polygon","coordinates":[[[-72.54224363885928,6.583611596829195],[-72.53489873061575,6.495609264529991],[-72.53979533611144,6.488172447715973],[-72.54836439572887,6.486932978246969],[-72.623037629538,6.441072607893863],[-72.64874480839033,6.436114730017852],[-72.63772744602505,6.508003959220019],[-72.59977875343353,6.558822207449138],[-72.54224363885928,6.583611596829195]]]}},{"type":"Feature","properties":{"dep":"68","muni":"432","name":"MÁLAGA","dep_name":"SANTANDER"},"geometry":{"type":"Polygon","coordinates":[[[-72.7075040743385,6.717474299481507],[-72.7075040743385,6.674092868066406],[-72.76993579440843,6.682769154349426],[-72.77483239990411,6.724911116295523],[-72.75402182654747,6.783166181338659],[-72.7075040743385,6.717474299481507]]]}},{"type":"Feature","properties":{"dep":"68","muni":"444","name":"MATANZA","dep_name":"SANTANDER"},"geometry":{"type":"Polygon","coordinates":[[[-73.04536985354048,7.458677041945233],[-72.99885210133151,7.417774549468136],[-72.97804152797487,7.314898583540897],[-73.0465940049144,7.278953968939813],[-73.0710770323928,7.199627922923629],[-73.08209439475809,7.266559274249785],[-73.11881893597568,7.326053808761923],[-73.07842194063632,7.457437572476229],[-73.04536985354048,7.458677041945233]]]}},{"type":"Feature","properties":{"dep":"68","muni":"464","name":"MOGOTES","dep_name":"SANTANDER"},"geometry":{"type":"Polygon","coordinates":[[[-72.87276450981773,6.630711436651305],[-72.83359166585228,6.567498493732158],[-72.87888526668733,6.498088203467995],[-72.91193735378317,6.3790991344437185],[-73.00130040407934,6.35802815347067],[-73.06985288101887,6.382817542850727],[-73.07230118376673,6.390254359664745],[-73.07474948651456,6.481975100370958],[-73.02945588567951,6.537751226476088],[-72.91683395927885,6.649303478686347],[-72.87276450981773,6.630711436651305]]]}},{"type":"Feature","properties":{"dep":"68","muni":"468","name":"MOLAGAVITA","dep_name":"SANTANDER"},"geometry":{"type":"Polygon","coordinates":[[[-72.76993579440843,6.682769154349426],[-72.76993579440843,6.5798931884221865],[-72.81155694112172,6.542709104352099],[-72.81890184936523,6.543948573821103],[-72.83359166585228,6.567498493732158],[-72.87276450981773,6.630711436651305],[-72.90826489966142,6.676571807004411],[-72.90948905103534,6.682769154349426],[-72.77483239990411,6.724911116295523],[-72.76993579440843,6.682769154349426]]]}},{"type":"Feature","properties":{"dep":"68","muni":"498","name":"OCAMONTE","dep_name":"SANTANDER"},"geometry":{"type":"Polygon","coordinates":[[[-73.07230118376673,6.390254359664745],[-73.06985288101887,6.382817542850727],[-73.11881893597568,6.2886178632065075],[-73.15921593131506,6.3555492145326635],[-73.1616642340629,6.402649054354773],[-73.07230118376673,6.390254359664745]]]}},{"type":"Feature","properties":{"dep":"68","muni":"500","name":"OIBA","dep_name":"SANTANDER"},"geometry":{"type":"Polygon","coordinates":[[[-73.27795861458532,6.334478233559615],[-73.23021671100243,6.307209905241551],[-73.20083707802834,6.276223168516479],[-73.23756161924595,6.1274868322361336],[-73.29999333931588,6.134923649050151],[-73.36120090801188,6.178305080465252],[-73.35997675663796,6.276223168516479],[-73.27795861458532,6.334478233559615]]]}},{"type":"Feature","properties":{"dep":"68","muni":"502","name":"ONZAGA","dep_name":"SANTANDER"},"geometry":{"type":"Polygon","coordinates":[[[-72.81155694112172,6.542709104352099],[-72.73565955593867,6.490651386653978],[-72.7381078586865,6.439833138424861],[-72.7258663449473,6.371662317629701],[-72.74545276693003,6.2749836990474765],[-72.82502260623484,6.158473568961206],[-72.8286950603566,6.152276221616191],[-72.86786790432205,6.144839404802173],[-72.87643696393948,6.271265290640468],[-72.90948905103534,6.374141256567707],[-72.81767769799131,6.400170115416769],[-72.81890184936523,6.543948573821103],[-72.81155694112172,6.542709104352099]]]}},{"type":"Feature","properties":{"dep":"68","muni":"522","name":"PALMAR","dep_name":"SANTANDER"},"geometry":{"type":"Polygon","coordinates":[[[-73.28285522008099,6.5650195547941514],[-73.27183785771571,6.510482898158024],[-73.29264843107235,6.4844540393089645],[-73.30611409618548,6.490651386653978],[-73.30366579343763,6.566259024263154],[-73.28285522008099,6.5650195547941514]]]}},{"type":"Feature","properties":{"dep":"68","muni":"524","name":"PALMAS DEL SOCORRO","dep_name":"SANTANDER"},"geometry":{"type":"Polygon","coordinates":[[[-73.22654425688066,6.408846401699789],[-73.30488994481156,6.348112397718646],[-73.3318212750378,6.370422848160699],[-73.32080391267252,6.400170115416769],[-73.31590730717684,6.416283218513806],[-73.22654425688066,6.408846401699789]]]}},{"type":"Feature","properties":{"dep":"68","muni":"533","name":"PÁRAMO","dep_name":"SANTANDER"},"geometry":{"type":"Polygon","coordinates":[[[-73.11514648185393,6.481975100370958],[-73.1616642340629,6.402649054354773],[-73.15921593131506,6.3555492145326635],[-73.2045095321501,6.329520355683604],[-73.20940613764579,6.406367462761782],[-73.17512989917601,6.464622527804918],[-73.14819856894977,6.494369795060987],[-73.11514648185393,6.481975100370958]]]}},{"type":"Feature","properties":{"dep":"68","muni":"549","name":"PINCHOTE","dep_name":"SANTANDER"},"geometry":{"type":"Polygon","coordinates":[[[-73.14819856894977,6.494369795060987],[-73.17512989917601,6.464622527804918],[-73.22532010550674,6.5265960012550615],[-73.2045095321501,6.542709104352099],[-73.14819856894977,6.494369795060987]]]}},{"type":"Feature","properties":{"dep":"68","muni":"572","name":"PUENTE NACIONAL","dep_name":"SANTANDER"},"geometry":{"type":"Polygon","coordinates":[[[-73.63541081577002,5.910579675160628],[-73.59991042592632,5.8696771826835334],[-73.62561760477865,5.77795644197732],[-73.65132478363097,5.7122645601201665],[-73.71130820095307,5.776716972508316],[-73.76272255865771,5.772998564101307],[-73.74436028804891,5.870916652152536],[-73.75048104491852,5.893227102594588],[-73.66356629737018,5.927932247726668],[-73.63541081577002,5.910579675160628]]]}},{"type":"Feature","properties":{"dep":"68","muni":"573","name":"PUERTO PARRA","dep_name":"SANTANDER"},"geometry":{"type":"Polygon","coordinates":[[[-73.7614984072838,6.552624860104123],[-73.78108482926652,6.552624860104123],[-73.87044787956269,6.5129618370960305],[-73.9561384757371,6.57741424948418],[-74.06386379664208,6.599724699926233],[-74.10915739747713,6.776968833993646],[-74.09446758099008,6.804237162311708],[-73.94879356749358,6.888521086203905],[-73.95981092985886,6.805476631780712],[-73.86310297131917,6.702600665853472],[-73.834947489719,6.636908783996319],[-73.7614984072838,6.552624860104123]]]}},{"type":"Feature","properties":{"dep":"68","muni":"575","name":"PUERTO WILCHES","dep_name":"SANTANDER"},"geometry":{"type":"Polygon","coordinates":[[[-73.72110141194443,8.009001486182513],[-73.67091120561369,7.893730825565244],[-73.75048104491852,7.803249554328033],[-73.75292934766635,7.751191836629912],[-73.76027425590988,7.695415710524783],[-73.76517086140555,7.638400114950651],[-73.72477386606619,7.587581866721532],[-73.77496407239691,7.529326801678396],[-73.77618822377083,7.4227324273441475],[-73.64765232950921,7.3421669118589605],[-73.57542739844793,7.2727566215948],[-73.5680824902044,7.183514819826591],[-73.71987726057051,7.254164579559756],[-73.81780937048413,7.23433306805571],[-73.88636184742366,7.189712167171606],[-73.92308638864125,7.213262087082661],[-73.91574148039774,7.295067072036851],[-73.8949309070411,7.430169244158165],[-73.91696563177166,7.472311206104264],[-73.8459648520843,7.5417214963684245],[-73.81536106773628,7.691697302117774],[-73.7982229485014,7.772262817602963],[-73.83127503559724,7.932154379104334],[-73.86187881994525,7.971817402112427],[-73.86799957681485,8.06353814281864],[-73.77496407239691,8.145343127772831],[-73.76394671003163,8.06353814281864],[-73.72110141194443,8.009001486182513]]]}},{"type":"Feature","properties":{"dep":"68","muni":"211","name":"CONTRATACIÓN","dep_name":"SANTANDER"},"geometry":{"type":"Polygon","coordinates":[[[-73.47627113716038,6.37538072603671],[-73.46402962342118,6.315886191524571],[-73.40771866022085,6.31092831364856],[-73.45056395830807,6.2316022676323755],[-73.49463340776919,6.268786351702461],[-73.5680824902044,6.267546882233459],[-73.59991042592632,6.320844069400584],[-73.55216852234344,6.305970435772549],[-73.47627113716038,6.37538072603671]]]}},{"type":"Feature","properties":{"dep":"68","muni":"217","name":"COROMORO","dep_name":"SANTANDER"},"geometry":{"type":"Polygon","coordinates":[[[-72.90948905103534,6.374141256567707],[-72.87643696393948,6.271265290640468],[-72.86786790432205,6.144839404802173],[-72.92295471614845,6.097739564980063],[-72.95845510599214,6.129965771174138],[-73.07597363788848,6.149797282678184],[-73.13595705521057,6.206812878252318],[-73.11024987635824,6.215489164535338],[-73.04169739941871,6.334478233559615],[-73.00130040407934,6.35802815347067],[-72.91193735378317,6.3790991344437185],[-72.90948905103534,6.374141256567707]]]}},{"type":"Feature","properties":{"dep":"68","muni":"229","name":"CURITÍ","dep_name":"SANTANDER"},"geometry":{"type":"Polygon","coordinates":[[[-73.08087024338417,6.686487562756435],[-73.00007625270543,6.6468245397483425],[-72.93886868400942,6.690205971163444],[-72.90826489966142,6.676571807004411],[-72.87276450981773,6.630711436651305],[-72.91683395927885,6.649303478686347],[-73.02945588567951,6.537751226476088],[-73.11147402773217,6.584851066298198],[-73.11024987635824,6.649303478686347],[-73.11759478460176,6.686487562756435],[-73.08087024338417,6.686487562756435]]]}},{"type":"Feature","properties":{"dep":"68","muni":"235","name":"EL CARMEN DE CHUCURI","dep_name":"SANTANDER"},"geometry":{"type":"Polygon","coordinates":[[[-73.38323563274245,6.70136119638447],[-73.39914960060341,6.635669314527316],[-73.43832244456885,6.525356531786059],[-73.6770319624833,6.5513853906351205],[-73.73456707705755,6.617077272492272],[-73.73089462293579,6.763334669834613],[-73.63541081577002,6.772010956117633],[-73.63908326989177,6.8327449600987755],[-73.54604776547384,6.810434509656723],[-73.38323563274245,6.70136119638447]]]}},{"type":"Feature","properties":{"dep":"68","muni":"245","name":"EL GUACAMAYO","dep_name":"SANTANDER"},"geometry":{"type":"Polygon","coordinates":[[[-73.45056395830807,6.2316022676323755],[-73.48116774265607,6.185741897279268],[-73.57665154982185,6.253912718074428],[-73.63663496714393,6.291096802144514],[-73.59991042592632,6.320844069400584],[-73.5680824902044,6.267546882233459],[-73.49463340776919,6.268786351702461],[-73.45056395830807,6.2316022676323755]]]}},{"type":"Feature","properties":{"dep":"68","muni":"255","name":"EL PLAYÓN","dep_name":"SANTANDER"},"geometry":{"type":"Polygon","coordinates":[[[-73.04904230766223,7.606173908756576],[-73.08821515162768,7.5280873322093935],[-73.04536985354048,7.458677041945233],[-73.07842194063632,7.457437572476229],[-73.30611409618548,7.441324469379191],[-73.3257005181682,7.498340064953325],[-73.28163106870707,7.54791884371344],[-73.21797519726323,7.632202767605635],[-73.04904230766223,7.606173908756576]]]}},{"type":"Feature","properties":{"dep":"68","muni":"264","name":"ENCINO","dep_name":"SANTANDER"},"geometry":{"type":"Polygon","coordinates":[[[-72.92295471614845,6.097739564980063],[-72.96947246835742,6.019652988432883],[-73.0110936150707,5.962637392858749],[-73.03068003705343,6.020892457901885],[-73.08209439475809,5.977511026486784],[-73.13962950933234,5.998582007459833],[-73.17268159642818,6.121289484891118],[-73.13595705521057,6.206812878252318],[-73.07597363788848,6.149797282678184],[-72.95845510599214,6.129965771174138],[-72.92295471614845,6.097739564980063]]]}},{"type":"Feature","properties":{"dep":"68","muni":"266","name":"ENCISO","dep_name":"SANTANDER"},"geometry":{"type":"Polygon","coordinates":[[[-72.62426178091192,6.70136119638447],[-72.66710707899914,6.617077272492272],[-72.70260746884281,6.594766822050222],[-72.72341804219946,6.578653718953184],[-72.7075040743385,6.674092868066406],[-72.7075040743385,6.717474299481507],[-72.62426178091192,6.70136119638447]]]}},{"type":"Feature","properties":{"dep":"68","muni":"271","name":"FLORIÁN","dep_name":"SANTANDER"},"geometry":{"type":"Polygon","coordinates":[[[-73.82637843010156,5.790351136667349],[-73.89615505841502,5.782914319853331],[-73.96225923260671,5.73953288843823],[-73.98184565458943,5.720940846403186],[-74.02591510405055,5.806464239764386],[-74.07977776450305,5.818858934454415],[-74.07855361312913,5.832493098613446],[-73.99653547107647,5.822577342861424],[-73.91451732902382,5.84240885436547],[-73.82637843010156,5.790351136667349]]]}},{"type":"Feature","properties":{"dep":"68","muni":"296","name":"GALÁN","dep_name":"SANTANDER"},"geometry":{"type":"Polygon","coordinates":[[[-73.2583721926026,6.695163849039455],[-73.26449294947219,6.629471967182301],[-73.28285522008099,6.5650195547941514],[-73.30366579343763,6.566259024263154],[-73.39914960060341,6.635669314527316],[-73.38323563274245,6.70136119638447],[-73.35997675663796,6.783166181338659],[-73.2583721926026,6.695163849039455]]]}},{"type":"Feature","properties":{"dep":"68","muni":"298","name":"GÁMBITA","dep_name":"SANTANDER"},"geometry":{"type":"Polygon","coordinates":[[[-73.24000992199379,6.054358133564962],[-73.17512989917601,5.994863599052824],[-73.21919934863715,5.9130586140986345],[-73.18369895879346,5.849845671179487],[-73.34528694015093,5.84240885436547],[-73.35752845389013,5.806464239764386],[-73.38201148136854,5.760603869411279],[-73.47137453166471,5.821337873392421],[-73.46402962342118,5.848606201710483],[-73.43342583907318,5.8981849804705995],[-73.40159790335126,5.901903388877608],[-73.37099411900326,6.00601882427385],[-73.4040462060991,6.055597603033966],[-73.3195797612986,6.081626461883026],[-73.24000992199379,6.054358133564962]]]}},{"type":"Feature","properties":{"dep":"68","muni":"318","name":"GUACA","dep_name":"SANTANDER"},"geometry":{"type":"Polygon","coordinates":[[[-72.7503493724257,7.059567872926303],[-72.73443540456475,6.986439174255132],[-72.74667691830395,6.957931376468066],[-72.76136673479098,6.904634189300943],[-72.82624675760876,6.879844799920885],[-72.88500602355693,6.814152918063732],[-72.9376445326355,6.806716101249714],[-72.91805811065278,6.847618593726809],[-72.87031620706989,6.929423578681],[-72.8470573309654,7.042215300360262],[-72.81890184936523,7.071962567616332],[-72.7503493724257,7.059567872926303]]]}},{"type":"Feature","properties":{"dep":"68","muni":"320","name":"GUADALUPE","dep_name":"SANTANDER"},"geometry":{"type":"Polygon","coordinates":[[[-73.37833902724677,6.31092831364856],[-73.35997675663796,6.276223168516479],[-73.36120090801188,6.178305080465252],[-73.47382283441254,6.1559946300232],[-73.48116774265607,6.163431446837217],[-73.48116774265607,6.185741897279268],[-73.45056395830807,6.2316022676323755],[-73.40771866022085,6.31092831364856],[-73.37833902724677,6.31092831364856]]]}},{"type":"Feature","properties":{"dep":"68","muni":"322","name":"GUAPOTÁ","dep_name":"SANTANDER"},"geometry":{"type":"Polygon","coordinates":[[[-73.30488994481156,6.348112397718646],[-73.27795861458532,6.334478233559615],[-73.35997675663796,6.276223168516479],[-73.37833902724677,6.31092831364856],[-73.3318212750378,6.370422848160699],[-73.30488994481156,6.348112397718646]]]}},{"type":"Feature","properties":{"dep":"68","muni":"324","name":"GUAVATÁ","dep_name":"SANTANDER"},"geometry":{"type":"Polygon","coordinates":[[[-73.66356629737018,5.927932247726668],[-73.75048104491852,5.893227102594588],[-73.75782595316203,5.904382327815613],[-73.76761916415339,5.937848003478692],[-73.75170519629243,6.001060946397839],[-73.66356629737018,5.927932247726668]]]}},{"type":"Feature","properties":{"dep":"68","muni":"327","name":"GÜEPSA","dep_name":"SANTANDER"},"geometry":{"type":"Polygon","coordinates":[[[-73.5374787058564,6.041963438874934],[-73.58766891218713,5.99734253799083],[-73.61949684790905,5.992384660114819],[-73.59623797180457,6.019652988432883],[-73.57909985256968,6.080386992414024],[-73.5374787058564,6.041963438874934]]]}},{"type":"Feature","properties":{"dep":"68","muni":"344","name":"HATO","dep_name":"SANTANDER"},"geometry":{"type":"Polygon","coordinates":[[[-73.30366579343763,6.566259024263154],[-73.30611409618548,6.490651386653978],[-73.40037375197733,6.534032818069079],[-73.43832244456885,6.525356531786059],[-73.39914960060341,6.635669314527316],[-73.30366579343763,6.566259024263154]]]}},{"type":"Feature","properties":{"dep":"68","muni":"368","name":"JESÚS MARÍA","dep_name":"SANTANDER"},"geometry":{"type":"Polygon","coordinates":[[[-73.75782595316203,5.904382327815613],[-73.75048104491852,5.893227102594588],[-73.74436028804891,5.870916652152536],[-73.82637843010156,5.790351136667349],[-73.91451732902382,5.84240885436547],[-73.92431054001518,5.868437713214529],[-73.84229239796252,5.847366732241481],[-73.75782595316203,5.904382327815613]]]}},{"type":"Feature","properties":{"dep":"68","muni":"307","name":"GIRÓN","dep_name":"SANTANDER"},"geometry":{"type":"Polygon","coordinates":[[[-73.12371554147137,7.068244159209323],[-73.11759478460176,7.0186653804492085],[-73.10535327086257,6.910831536645956],[-73.17635405054993,6.8848026777968965],[-73.21675104588931,6.925705170273991],[-73.29754503656804,7.019904849918211],[-73.37833902724677,7.067004689740321],[-73.45056395830807,7.138893918942488],[-73.53992700860424,7.153767552570523],[-73.55094437096952,7.163683308322545],[-73.43709829319494,7.181035880888585],[-73.41751187121221,7.150049144163514],[-73.30611409618548,7.121541346376446],[-73.26082049535043,7.053370525581288],[-73.20695783489793,7.043454769829266],[-73.16411253681073,7.1512886136325164],[-73.16411253681073,7.210783148144655],[-73.15799177994113,7.215741026020666],[-73.16411253681073,7.086836201244367],[-73.12371554147137,7.068244159209323]]]}},{"type":"Feature","properties":{"dep":"68","muni":"276","name":"FLORIDABLANCA","dep_name":"SANTANDER"},"geometry":{"type":"Polygon","coordinates":[[[-73.00497285820111,7.0992308959343955],[-73.03680079392304,7.052131056112286],[-73.11759478460176,7.0186653804492085],[-73.12371554147137,7.068244159209323],[-73.0465940049144,7.138893918942488],[-73.00497285820111,7.0992308959343955]]]}},{"type":"Feature","properties":{"dep":"68","muni":"101","name":"BOLÍVAR","dep_name":"SANTANDER"},"geometry":{"type":"Polygon","coordinates":[[[-74.10058833785969,6.221686511880353],[-74.06141549389424,6.184502427810266],[-73.97694904909375,6.224165450818358],[-73.9071724207803,6.22540492028736],[-73.8459648520843,6.1795445499342545],[-73.76884331552732,6.19441818356229],[-73.72844632018794,6.146078874271176],[-73.75170519629243,6.001060946397839],[-73.76761916415339,5.937848003478692],[-73.85820636582349,5.984947843300802],[-73.85086145757997,6.01469511055687],[-73.76394671003163,6.041963438874934],[-73.80189540262316,6.128726301705136],[-73.92798299413694,6.14731834374018],[-73.98429395733727,6.19441818356229],[-74.0773294617552,6.154755160554197],[-74.12751966808594,6.033287152591914],[-74.1801581771645,5.910579675160628],[-74.19484799365155,5.856043018524501],[-74.26584877333892,5.834972037551452],[-74.22177932387778,5.96759527073476],[-74.28665934669556,6.08286593135203],[-74.37847069973958,6.039484499936929],[-74.45191978217478,6.0989790344490675],[-74.52659301598392,6.273744229578474],[-74.50823074537512,6.286138924268503],[-74.4102986354615,6.219207572942347],[-74.40540202996581,6.128726301705136],[-74.3013491631826,6.111373729139096],[-74.2107619615125,6.070471236662],[-74.2107619615125,6.167149855244226],[-74.13853703045122,6.2365601455083866],[-74.10058833785969,6.221686511880353]]]}},{"type":"Feature","properties":{"dep":"68","muni":"250","name":"EL PEÑÓN","dep_name":"SANTANDER"},"geometry":{"type":"Polygon","coordinates":[[[-73.85086145757997,6.01469511055687],[-73.94634526474574,6.070471236662],[-74.034484163668,6.049400255688951],[-74.0773294617552,6.154755160554197],[-73.98429395733727,6.19441818356229],[-73.92798299413694,6.14731834374018],[-73.80189540262316,6.128726301705136],[-73.76394671003163,6.041963438874934],[-73.85086145757997,6.01469511055687]]]}},{"type":"Feature","properties":{"dep":"68","muni":"547","name":"PIEDECUESTA","dep_name":"SANTANDER"},"geometry":{"type":"Polygon","coordinates":[[[-72.91071320240926,7.081878323368354],[-72.92050641340062,6.995115460538154],[-72.99028304171406,6.936860395495017],[-72.91805811065278,6.847618593726809],[-72.9376445326355,6.806716101249714],[-72.98293813347054,6.791842467621679],[-73.0037487068272,6.824068673815754],[-73.10535327086257,6.910831536645956],[-73.11759478460176,7.0186653804492085],[-73.03680079392304,7.052131056112286],[-73.00497285820111,7.0992308959343955],[-72.91071320240926,7.081878323368354]]]}},{"type":"Feature","properties":{"dep":"68","muni":"001","name":"BUCARAMANGA","dep_name":"SANTANDER"},"geometry":{"type":"Polygon","coordinates":[[[-73.0710770323928,7.199627922923629],[-73.05638721590576,7.184754289295594],[-73.0465940049144,7.138893918942488],[-73.12371554147137,7.068244159209323],[-73.16411253681073,7.086836201244367],[-73.15799177994113,7.215741026020666],[-73.08209439475809,7.266559274249785],[-73.0710770323928,7.199627922923629]]]}},{"type":"Feature","properties":{"dep":"73","muni":"001","name":"IBAGUÉ","dep_name":"TOLIMA"},"geometry":{"type":"Polygon","coordinates":[[[-75.07378868012624,4.5682342402305025],[-75.04318489577824,4.45048464067523],[-75.06644377188273,4.405863739791126],[-74.96606335922127,4.361242838907021],[-75.02971923066512,4.279437853952832],[-75.14846191393538,4.321579815898929],[-75.22558345049235,4.293072018111863],[-75.25496308346644,4.345129735809984],[-75.35656764750182,4.306706182270895],[-75.49979335825049,4.281916792890836],[-75.51937978023321,4.255887934041777],[-75.48387939038952,4.337692918995966],[-75.39451634009335,4.379834880942065],[-75.37003331261494,4.444287293330214],[-75.45449975741543,4.522373869877397],[-75.48510354176344,4.581868404389535],[-75.41532691344999,4.62277089686663],[-75.3859472804759,4.700857473413812],[-75.2831185650666,4.612855141114608],[-75.28923932193621,4.573192118106515],[-75.21579023950099,4.534768564567425],[-75.07378868012624,4.5682342402305025]]]}},{"type":"Feature","properties":{"dep":"73","muni":"024","name":"ALPUJARRA","dep_name":"TOLIMA"},"geometry":{"type":"Polygon","coordinates":[[[-74.8105961347334,3.4105697561818085],[-74.84854482732493,3.34239893538665],[-74.90975239602093,3.2903412176885283],[-75.00768450593456,3.280425461936505],[-75.06644377188273,3.294059626095537],[-75.0346158361608,3.427922328747849],[-74.99544299219535,3.512206252640045],[-74.95259769410815,3.4775011075079645],[-74.84487237320317,3.5097273137020393],[-74.85099313007277,3.4539511875969096],[-74.8105961347334,3.4105697561818085]]]}},{"type":"Feature","properties":{"dep":"73","muni":"026","name":"ALVARADO","dep_name":"TOLIMA"},"geometry":{"type":"Polygon","coordinates":[[[-74.86201049243806,4.625249835804636],[-74.9795290243344,4.486429255276313],[-75.04318489577824,4.45048464067523],[-75.07378868012624,4.5682342402305025],[-75.04930565264785,4.662433919874722],[-75.01747771692592,4.688462778723784],[-74.97218411609087,4.703336412351819],[-74.9256663638819,4.640123469432671],[-74.86201049243806,4.625249835804636]]]}},{"type":"Feature","properties":{"dep":"73","muni":"030","name":"AMBALEMA","dep_name":"TOLIMA"},"geometry":{"type":"Polygon","coordinates":[[[-74.76897498802012,4.842156992880142],[-74.74326780916779,4.790099275182019],[-74.81549274022909,4.713252168103841],[-74.87180370342942,4.773986172084982],[-74.86935540068157,4.819846542438089],[-74.81182028610732,4.886777893764245],[-74.7493885660374,4.952469775621397],[-74.76897498802012,4.842156992880142]]]}},{"type":"Feature","properties":{"dep":"73","muni":"043","name":"ANZOÁTEGUI","dep_name":"TOLIMA"},"geometry":{"type":"Polygon","coordinates":[[[-75.05052980402176,4.695899595537801],[-75.01747771692592,4.688462778723784],[-75.04930565264785,4.662433919874722],[-75.07378868012624,4.5682342402305025],[-75.21579023950099,4.534768564567425],[-75.28923932193621,4.573192118106515],[-75.2831185650666,4.612855141114608],[-75.3859472804759,4.700857473413812],[-75.38349897772805,4.70829429022783],[-75.18763475790082,4.7120126986348385],[-75.08235773974368,4.659954980936718],[-75.05052980402176,4.695899595537801]]]}},{"type":"Feature","properties":{"dep":"73","muni":"055","name":"ARMERO","dep_name":"TOLIMA"},"geometry":{"type":"Polygon","coordinates":[[[-74.88404521716862,5.14706648225485],[-74.84609652457709,5.101206111901744],[-74.72980214405467,5.067740436238665],[-74.73102629542859,4.997090676505502],[-74.72735384130684,4.977259165001456],[-74.7493885660374,4.952469775621397],[-74.81182028610732,4.886777893764245],[-74.87057955205549,4.886777893764245],[-74.90607994189918,4.952469775621397],[-74.97340826746479,4.967343409249432],[-75.016253565552,4.995851207036498],[-75.00890865730848,5.009485371195531],[-74.89139012541214,5.037993168982597],[-74.89995918502959,5.142108604378839],[-74.88404521716862,5.14706648225485]]]}},{"type":"Feature","properties":{"dep":"73","muni":"067","name":"ATACO","dep_name":"TOLIMA"},"geometry":{"type":"Polygon","coordinates":[[[-75.23660081285763,3.6002085849392502],[-75.28923932193621,3.5617850314001602],[-75.25618723484035,3.5072483747640337],[-75.30270498704932,3.450232779189901],[-75.26842874857957,3.3820619583947424],[-75.36636085849318,3.4068513477747997],[-75.42634427581527,3.352314691138673],[-75.47898278489383,3.360990977421693],[-75.57691489480744,3.2209309274243667],[-75.61119113327722,3.299017503971549],[-75.66015718823402,3.279185992467503],[-75.73972702753883,3.322567423882604],[-75.67362285334714,3.4626274738799294],[-75.5793631975553,3.4638669433489326],[-75.47163787665032,3.484937924321982],[-75.32351556040597,3.6634215278583975],[-75.31004989529285,3.6113638101602756],[-75.23660081285763,3.6002085849392502]]]}},{"type":"Feature","properties":{"dep":"73","muni":"124","name":"CAJAMARCA","dep_name":"TOLIMA"},"geometry":{"type":"Polygon","coordinates":[[[-75.51937978023321,4.255887934041777],[-75.56956998656393,4.238535361475735],[-75.5977254681641,4.279437853952832],[-75.59282886266841,4.361242838907021],[-75.58303565167705,4.424455781826168],[-75.5561043214508,4.471555621648278],[-75.48510354176344,4.581868404389535],[-75.45449975741543,4.522373869877397],[-75.37003331261494,4.444287293330214],[-75.39451634009335,4.379834880942065],[-75.48387939038952,4.337692918995966],[-75.51937978023321,4.255887934041777]]]}},{"type":"Feature","properties":{"dep":"73","muni":"148","name":"CARMEN DE APICALÁ","dep_name":"TOLIMA"},"geometry":{"type":"Polygon","coordinates":[[[-74.74449196054171,4.236056422537731],[-74.6710428781065,4.150533029176531],[-74.68450854321962,4.095996372540403],[-74.7799923503854,4.014191387586214],[-74.7983546209942,4.026586082276243],[-74.78978556137676,4.175322418556588],[-74.74449196054171,4.247211647758757],[-74.74449196054171,4.236056422537731]]]}},{"type":"Feature","properties":{"dep":"73","muni":"152","name":"CASABIANCA","dep_name":"TOLIMA"},"geometry":{"type":"Polygon","coordinates":[[[-75.04440904715216,5.122277092874793],[-75.04563319852609,5.054106272079634],[-75.06644377188273,5.031795821637582],[-75.14846191393538,5.0169221880095485],[-75.31984310628421,4.892975241109259],[-75.33453292277125,4.899172588454274],[-75.34310198238869,4.948751367214388],[-75.21946269362275,4.997090676505502],[-75.12887549195266,5.093769295087727],[-75.04440904715216,5.122277092874793]]]}},{"type":"Feature","properties":{"dep":"73","muni":"168","name":"CHAPARRAL","dep_name":"TOLIMA"},"geometry":{"type":"Polygon","coordinates":[[[-75.63200170663386,3.9336258721010253],[-75.56589753244216,3.8580182344918494],[-75.45939636291111,3.8307499061737857],[-75.43980994092838,3.8728918681198845],[-75.27332535407524,3.74646598228159],[-75.32351556040597,3.6634215278583975],[-75.47163787665032,3.484937924321982],[-75.5793631975553,3.4638669433489326],[-75.58303565167705,3.566742909276172],[-75.69810588082555,3.652266302637371],[-75.74707193578236,3.647308424761359],[-75.82419347233933,3.7241555318395383],[-75.84133159157422,3.7774527190066625],[-75.91722897675727,3.7489449212195964],[-75.84990065119166,3.889004971216922],[-75.82296932096541,3.9051180743139593],[-75.74584778440844,4.04269918537328],[-75.71646815143436,3.980725711923135],[-75.63200170663386,3.9336258721010253]]]}},{"type":"Feature","properties":{"dep":"73","muni":"200","name":"COELLO","dep_name":"TOLIMA"},"geometry":{"type":"Polygon","coordinates":[[[-74.79468216687245,4.500063419435344],[-74.82161349709868,4.4455267627992185],[-74.85588973556845,4.335213980057961],[-74.89016597403821,4.289353609704854],[-74.9073040932731,4.249690586696762],[-74.94770108861246,4.208788094219667],[-74.9978912949432,4.248451117227759],[-75.02971923066512,4.279437853952832],[-74.96606335922127,4.361242838907021],[-74.90975239602093,4.399666392446111],[-74.90485579052526,4.480231907931298],[-74.79468216687245,4.500063419435344]]]}},{"type":"Feature","properties":{"dep":"73","muni":"217","name":"COYAIMA","dep_name":"TOLIMA"},"geometry":{"type":"Polygon","coordinates":[[[-75.10316831310033,3.908836482720968],[-75.03339168478688,3.8195946809527612],[-74.97463241883871,3.7452265128125877],[-75.01502941417807,3.6869714477694515],[-75.05420225814352,3.660942588920391],[-75.13377209744834,3.694408264583469],[-75.18518645515299,3.622519035381302],[-75.23660081285763,3.6002085849392502],[-75.31004989529285,3.6113638101602756],[-75.32351556040597,3.6634215278583975],[-75.27332535407524,3.74646598228159],[-75.22435929911843,3.765058024316634],[-75.19375551477043,3.841905131394812],[-75.10316831310033,3.908836482720968]]]}},{"type":"Feature","properties":{"dep":"73","muni":"226","name":"CUNDAY","dep_name":"TOLIMA"},"geometry":{"type":"Polygon","coordinates":[[[-74.62452512589753,4.100954250416416],[-74.57923152506248,4.083601677850375],[-74.5314896214796,3.975767834047124],[-74.61105946078442,3.9955993455511702],[-74.66859457535867,3.9497389751980627],[-74.7065432679502,3.8022421083867197],[-74.75918177702876,3.865455051305867],[-74.82406179984653,3.895202318561937],[-74.7799923503854,4.014191387586214],[-74.68450854321962,4.095996372540403],[-74.62452512589753,4.100954250416416]]]}},{"type":"Feature","properties":{"dep":"73","muni":"236","name":"DOLORES","dep_name":"TOLIMA"},"geometry":{"type":"Polygon","coordinates":[[[-74.53516207560136,3.843144600863816],[-74.55719680033192,3.7675369632546394],[-74.67593948360218,3.665900466796403],[-74.77509574488973,3.5246009473300743],[-74.76530253389836,3.4403170234378777],[-74.8105961347334,3.4105697561818085],[-74.85099313007277,3.4539511875969096],[-74.84487237320317,3.5097273137020393],[-74.95259769410815,3.4775011075079645],[-74.99544299219535,3.512206252640045],[-74.93056296937759,3.61756115750529],[-74.92321806113407,3.6497873636993656],[-74.7799923503854,3.6720978141414173],[-74.71756063031548,3.7588606769716195],[-74.67226702948042,3.6968872035214746],[-74.61718021765401,3.73778969599857],[-74.54005868109704,3.8443840703328185],[-74.53516207560136,3.843144600863816]]]}},{"type":"Feature","properties":{"dep":"73","muni":"268","name":"ESPINAL","dep_name":"TOLIMA"},"geometry":{"type":"Polygon","coordinates":[[[-74.81182028610732,4.191435521653625],[-74.82773425396829,4.08979902519539],[-74.93668372624718,4.122025231389465],[-75.00646035456063,4.236056422537731],[-74.9978912949432,4.248451117227759],[-74.94770108861246,4.208788094219667],[-74.9073040932731,4.249690586696762],[-74.81182028610732,4.191435521653625]]]}},{"type":"Feature","properties":{"dep":"73","muni":"270","name":"FALAN","dep_name":"TOLIMA"},"geometry":{"type":"Polygon","coordinates":[[[-74.89995918502959,5.142108604378839],[-74.89139012541214,5.037993168982597],[-75.00890865730848,5.009485371195531],[-75.06644377188273,5.031795821637582],[-75.04563319852609,5.054106272079634],[-74.98197732708223,5.077656191990689],[-74.99421884082143,5.145827012785848],[-74.96606335922127,5.170616402165905],[-74.89995918502959,5.142108604378839]]]}},{"type":"Feature","properties":{"dep":"73","muni":"275","name":"FLANDES","dep_name":"TOLIMA"},"geometry":{"type":"Polygon","coordinates":[[[-74.79713046962028,4.288114140235852],[-74.78121650175932,4.264564220324797],[-74.81182028610732,4.191435521653625],[-74.9073040932731,4.249690586696762],[-74.89016597403821,4.289353609704854],[-74.79713046962028,4.288114140235852]]]}},{"type":"Feature","properties":{"dep":"73","muni":"283","name":"FRESNO","dep_name":"TOLIMA"},"geometry":{"type":"Polygon","coordinates":[[[-75.00033959769104,5.292084410128188],[-75.00890865730848,5.237547753492061],[-74.96606335922127,5.170616402165905],[-74.99421884082143,5.145827012785848],[-75.04440904715216,5.122277092874793],[-75.12887549195266,5.093769295087727],[-75.1496860653093,5.1644190548208915],[-75.11663397821346,5.160700646413883],[-75.06032301501313,5.27101342915514],[-75.00033959769104,5.292084410128188]]]}},{"type":"Feature","properties":{"dep":"73","muni":"319","name":"GUAMO","dep_name":"TOLIMA"},"geometry":{"type":"Polygon","coordinates":[[[-75.00646035456063,4.236056422537731],[-74.93668372624718,4.122025231389465],[-74.82773425396829,4.08979902519539],[-74.86568294655982,4.009233509710201],[-74.91954560701231,3.955936322543078],[-74.97463241883871,3.9435416278530493],[-75.00890865730848,3.9955993455511702],[-75.06154716638704,3.985683589799148],[-75.08480604249154,4.024107143338236],[-75.05542640951745,4.100954250416416],[-75.08235773974368,4.138138334486502],[-75.0346158361608,4.245972178289753],[-75.00646035456063,4.236056422537731]]]}},{"type":"Feature","properties":{"dep":"73","muni":"347","name":"HERVEO","dep_name":"TOLIMA"},"geometry":{"type":"Polygon","coordinates":[[[-75.1496860653093,5.1644190548208915],[-75.12887549195266,5.093769295087727],[-75.21946269362275,4.997090676505502],[-75.34310198238869,4.948751367214388],[-75.33453292277125,4.899172588454274],[-75.35411934475397,4.962385531373421],[-75.32841216590165,5.041711577389606],[-75.33820537689301,5.0454299857966145],[-75.28801517056229,5.13839019597183],[-75.23537666148371,5.1259955012818015],[-75.16682418454418,5.169376932696903],[-75.1496860653093,5.1644190548208915]]]}},{"type":"Feature","properties":{"dep":"73","muni":"352","name":"ICONONZO","dep_name":"TOLIMA"},"geometry":{"type":"Polygon","coordinates":[[[-74.54128283247096,4.252169525634768],[-74.5192481077404,4.241014300413742],[-74.4764028096532,4.119546292451458],[-74.52414471323608,4.022867673869234],[-74.5314896214796,3.975767834047124],[-74.57923152506248,4.083601677850375],[-74.62452512589753,4.100954250416416],[-74.55842095170584,4.1926749911226295],[-74.555972648958,4.267043159262803],[-74.55230019483625,4.264564220324797],[-74.5498518920884,4.260845811917788],[-74.54128283247096,4.252169525634768]]]}},{"type":"Feature","properties":{"dep":"73","muni":"408","name":"LÉRIDA","dep_name":"TOLIMA"},"geometry":{"type":"Polygon","coordinates":[[[-74.81182028610732,4.886777893764245],[-74.86935540068157,4.819846542438089],[-74.87180370342942,4.773986172084982],[-75.00768450593456,4.811170256155069],[-74.97708072158655,4.8495938096941575],[-74.99911544631712,4.9400750809313685],[-74.97340826746479,4.967343409249432],[-74.90607994189918,4.952469775621397],[-74.87057955205549,4.886777893764245],[-74.81182028610732,4.886777893764245]]]}},{"type":"Feature","properties":{"dep":"73","muni":"411","name":"LÍBANO","dep_name":"TOLIMA"},"geometry":{"type":"Polygon","coordinates":[[[-75.016253565552,4.995851207036498],[-74.97340826746479,4.967343409249432],[-74.99911544631712,4.9400750809313685],[-74.97708072158655,4.8495938096941575],[-75.00768450593456,4.811170256155069],[-75.01258111143024,4.811170256155069],[-75.07011622600449,4.752915191111933],[-75.10928906996993,4.767788824739968],[-75.10928906996993,4.8979331189852715],[-75.04563319852609,4.995851207036498],[-75.016253565552,4.995851207036498]]]}},{"type":"Feature","properties":{"dep":"73","muni":"443","name":"SAN SEBASTIÁN DE MARIQUITA","dep_name":"TOLIMA"},"geometry":{"type":"Polygon","coordinates":[[[-74.86078634106413,5.305718574287221],[-74.79468216687245,5.227631997740039],[-74.88404521716862,5.14706648225485],[-74.89995918502959,5.142108604378839],[-74.96606335922127,5.170616402165905],[-75.00890865730848,5.237547753492061],[-75.00033959769104,5.292084410128188],[-74.96728751059518,5.300760696411208],[-74.86078634106413,5.305718574287221]]]}},{"type":"Feature","properties":{"dep":"73","muni":"449","name":"MELGAR","dep_name":"TOLIMA"},"geometry":{"type":"Polygon","coordinates":[[[-74.62452512589753,4.100954250416416],[-74.68450854321962,4.095996372540403],[-74.6710428781065,4.150533029176531],[-74.74449196054171,4.236056422537731],[-74.73102629542859,4.2447327088207505],[-74.63921494238457,4.211267033157672],[-74.555972648958,4.267043159262803],[-74.55842095170584,4.1926749911226295],[-74.62452512589753,4.100954250416416]]]}},{"type":"Feature","properties":{"dep":"73","muni":"461","name":"MURILLO","dep_name":"TOLIMA"},"geometry":{"type":"Polygon","coordinates":[[[-75.10928906996993,4.8979331189852715],[-75.10928906996993,4.767788824739968],[-75.07011622600449,4.752915191111933],[-75.16682418454418,4.7405204964219045],[-75.21701439087491,4.776465111022988],[-75.31861895491029,4.7541546605809355],[-75.37492991811062,4.8024939698720495],[-75.31861895491029,4.886777893764245],[-75.17661739553554,4.91900409995832],[-75.10928906996993,4.8979331189852715]]]}},{"type":"Feature","properties":{"dep":"73","muni":"483","name":"NATAGAIMA","dep_name":"TOLIMA"},"geometry":{"type":"Polygon","coordinates":[[[-75.01502941417807,3.6869714477694515],[-74.93056296937759,3.61756115750529],[-74.99544299219535,3.512206252640045],[-75.0346158361608,3.427922328747849],[-75.1496860653093,3.4353591455618666],[-75.17294494141379,3.3783435499877337],[-75.22680760186627,3.4155276340578204],[-75.26842874857957,3.3820619583947424],[-75.30270498704932,3.450232779189901],[-75.25618723484035,3.5072483747640337],[-75.28923932193621,3.5617850314001602],[-75.23660081285763,3.6002085849392502],[-75.18518645515299,3.622519035381302],[-75.13377209744834,3.694408264583469],[-75.05420225814352,3.660942588920391],[-75.01502941417807,3.6869714477694515]]]}},{"type":"Feature","properties":{"dep":"73","muni":"504","name":"ORTEGA","dep_name":"TOLIMA"},"geometry":{"type":"Polygon","coordinates":[[[-75.24394572110116,4.10715159776143],[-75.19008306064866,4.108391067230434],[-75.21456608812707,4.032783429621256],[-75.0945992534829,3.970809956171113],[-75.07256452875232,3.937344280508034],[-75.10316831310033,3.908836482720968],[-75.19375551477043,3.841905131394812],[-75.22435929911843,3.765058024316634],[-75.27332535407524,3.74646598228159],[-75.43980994092838,3.8728918681198845],[-75.4410340923023,3.984444120330144],[-75.40798200520646,4.055093880063309],[-75.36880916124102,4.041459715904278],[-75.27577365682308,4.119546292451458],[-75.24394572110116,4.10715159776143]]]}},{"type":"Feature","properties":{"dep":"73","muni":"520","name":"PALOCABILDO","dep_name":"TOLIMA"},"geometry":{"type":"Polygon","coordinates":[[[-74.99421884082143,5.145827012785848],[-74.98197732708223,5.077656191990689],[-75.04563319852609,5.054106272079634],[-75.04440904715216,5.122277092874793],[-74.99421884082143,5.145827012785848]]]}},{"type":"Feature","properties":{"dep":"73","muni":"547","name":"PIEDRAS","dep_name":"TOLIMA"},"geometry":{"type":"Polygon","coordinates":[[[-74.81671689160301,4.611615671645604],[-74.79345801549852,4.591784160141557],[-74.79468216687245,4.500063419435344],[-74.90485579052526,4.480231907931298],[-74.90975239602093,4.399666392446111],[-74.96606335922127,4.361242838907021],[-75.06644377188273,4.405863739791126],[-75.04318489577824,4.45048464067523],[-74.9795290243344,4.486429255276313],[-74.86201049243806,4.625249835804636],[-74.81671689160301,4.611615671645604]]]}},{"type":"Feature","properties":{"dep":"73","muni":"555","name":"PLANADAS","dep_name":"TOLIMA"},"geometry":{"type":"Polygon","coordinates":[[[-75.57691489480744,3.2209309274243667],[-75.58425980305097,3.150281167691203],[-75.60017377091194,3.0486446712329656],[-75.61363943602505,3.0238552818529083],[-75.69198512395594,2.992868545127836],[-75.767882509139,2.9147819685806544],[-75.85969386218302,2.8726400066345565],[-76.028626751784,2.940810827429715],[-76.02128184354048,3.0052632398178654],[-76.06779959574945,3.04616573229496],[-76.10329998559314,3.0957445110550754],[-76.08371356361042,3.1577179845052195],[-76.09105847185394,3.198620476982315],[-76.05800638475809,3.170112679195249],[-75.91478067400942,3.193662599106304],[-75.73972702753883,3.322567423882604],[-75.66015718823402,3.279185992467503],[-75.61119113327722,3.299017503971549],[-75.57691489480744,3.2209309274243667]]]}},{"type":"Feature","properties":{"dep":"73","muni":"563","name":"PRADO","dep_name":"TOLIMA"},"geometry":{"type":"Polygon","coordinates":[[[-74.70776741932411,3.789847413696691],[-74.71756063031548,3.7588606769716195],[-74.7799923503854,3.6720978141414173],[-74.92321806113407,3.6497873636993656],[-74.93056296937759,3.61756115750529],[-75.01502941417807,3.6869714477694515],[-74.97463241883871,3.7452265128125877],[-74.95259769410815,3.804721047324726],[-74.89628673090782,3.8270314977667788],[-74.74571611191564,3.771255371661648],[-74.70776741932411,3.789847413696691]]]}},{"type":"Feature","properties":{"dep":"73","muni":"585","name":"PURIFICACIÓN","dep_name":"TOLIMA"},"geometry":{"type":"Polygon","coordinates":[[[-74.82406179984653,3.895202318561937],[-74.75918177702876,3.865455051305867],[-74.7065432679502,3.8022421083867197],[-74.70776741932411,3.789847413696691],[-74.74571611191564,3.771255371661648],[-74.89628673090782,3.8270314977667788],[-74.95259769410815,3.804721047324726],[-74.97463241883871,3.7452265128125877],[-75.03339168478688,3.8195946809527612],[-74.9073040932731,3.9311469331630207],[-74.91954560701231,3.955936322543078],[-74.86568294655982,4.009233509710201],[-74.87057955205549,3.9150338300659833],[-74.82406179984653,3.895202318561937]]]}},{"type":"Feature","properties":{"dep":"73","muni":"616","name":"RIOBLANCO","dep_name":"TOLIMA"},"geometry":{"type":"Polygon","coordinates":[[[-75.5793631975553,3.4638669433489326],[-75.67362285334714,3.4626274738799294],[-75.73972702753883,3.322567423882604],[-75.91478067400942,3.193662599106304],[-76.05800638475809,3.170112679195249],[-76.09105847185394,3.198620476982315],[-76.05555808201025,3.223409866362373],[-76.03841996277536,3.3014964429095546],[-76.06167883887986,3.3547936300766787],[-76.03719581140145,3.4527117181279063],[-75.98455730232288,3.5593060924621547],[-75.99312636194031,3.60888487122227],[-75.96007427484447,3.704324020335492],[-75.9551776693488,3.714239776087515],[-75.91722897675727,3.7489449212195964],[-75.84133159157422,3.7774527190066625],[-75.82419347233933,3.7241555318395383],[-75.74707193578236,3.647308424761359],[-75.69810588082555,3.652266302637371],[-75.58303565167705,3.566742909276172],[-75.5793631975553,3.4638669433489326]]]}},{"type":"Feature","properties":{"dep":"73","muni":"622","name":"RONCESVALLES","dep_name":"TOLIMA"},"geometry":{"type":"Polygon","coordinates":[[[-75.56956998656393,4.238535361475735],[-75.507138266494,4.185238174308612],[-75.38961973459766,4.120785761920462],[-75.45694806016327,4.091038494664392],[-75.47163787665032,4.0203887349312275],[-75.61853604152074,3.9683310172331066],[-75.63200170663386,3.9336258721010253],[-75.71646815143436,3.980725711923135],[-75.74584778440844,4.04269918537328],[-75.75196854127805,4.077404330505361],[-75.69688172945163,4.131940987141487],[-75.6589330368601,4.222422258378698],[-75.5977254681641,4.279437853952832],[-75.56956998656393,4.238535361475735]]]}},{"type":"Feature","properties":{"dep":"73","muni":"624","name":"ROVIRA","dep_name":"TOLIMA"},"geometry":{"type":"Polygon","coordinates":[[[-75.14846191393538,4.321579815898929],[-75.17906569828338,4.278198384483828],[-75.23048005598804,4.190196052184623],[-75.24394572110116,4.10715159776143],[-75.27577365682308,4.119546292451458],[-75.36880916124102,4.041459715904278],[-75.40798200520646,4.055093880063309],[-75.38961973459766,4.120785761920462],[-75.507138266494,4.185238174308612],[-75.56956998656393,4.238535361475735],[-75.51937978023321,4.255887934041777],[-75.49979335825049,4.281916792890836],[-75.35656764750182,4.306706182270895],[-75.25496308346644,4.345129735809984],[-75.22558345049235,4.293072018111863],[-75.14846191393538,4.321579815898929]]]}},{"type":"Feature","properties":{"dep":"73","muni":"671","name":"SALDAÑA","dep_name":"TOLIMA"},"geometry":{"type":"Polygon","coordinates":[[[-74.91954560701231,3.955936322543078],[-74.9073040932731,3.9311469331630207],[-75.03339168478688,3.8195946809527612],[-75.10316831310033,3.908836482720968],[-75.07256452875232,3.937344280508034],[-75.06154716638704,3.985683589799148],[-75.00890865730848,3.9955993455511702],[-74.97463241883871,3.9435416278530493],[-74.91954560701231,3.955936322543078]]]}},{"type":"Feature","properties":{"dep":"73","muni":"675","name":"SAN ANTONIO","dep_name":"TOLIMA"},"geometry":{"type":"Polygon","coordinates":[[[-75.38961973459766,4.120785761920462],[-75.40798200520646,4.055093880063309],[-75.4410340923023,3.984444120330144],[-75.43980994092838,3.8728918681198845],[-75.45939636291111,3.8307499061737857],[-75.56589753244216,3.8580182344918494],[-75.63200170663386,3.9336258721010253],[-75.61853604152074,3.9683310172331066],[-75.47163787665032,4.0203887349312275],[-75.45694806016327,4.091038494664392],[-75.38961973459766,4.120785761920462]]]}},{"type":"Feature","properties":{"dep":"73","muni":"678","name":"SAN LUIS","dep_name":"TOLIMA"},"geometry":{"type":"Polygon","coordinates":[[[-75.02971923066512,4.279437853952832],[-74.9978912949432,4.248451117227759],[-75.00646035456063,4.236056422537731],[-75.0346158361608,4.245972178289753],[-75.08235773974368,4.138138334486502],[-75.05542640951745,4.100954250416416],[-75.08480604249154,4.024107143338236],[-75.06154716638704,3.985683589799148],[-75.07256452875232,3.937344280508034],[-75.0945992534829,3.970809956171113],[-75.21456608812707,4.032783429621256],[-75.19008306064866,4.108391067230434],[-75.11051322134385,4.167885601742572],[-75.17906569828338,4.278198384483828],[-75.14846191393538,4.321579815898929],[-75.02971923066512,4.279437853952832]]]}},{"type":"Feature","properties":{"dep":"73","muni":"686","name":"SANTA ISABEL","dep_name":"TOLIMA"},"geometry":{"type":"Polygon","coordinates":[[[-75.05052980402176,4.695899595537801],[-75.08235773974368,4.659954980936718],[-75.18763475790082,4.7120126986348385],[-75.38349897772805,4.70829429022783],[-75.38839558322374,4.715731107041847],[-75.37492991811062,4.8024939698720495],[-75.31861895491029,4.7541546605809355],[-75.21701439087491,4.776465111022988],[-75.16682418454418,4.7405204964219045],[-75.07011622600449,4.752915191111933],[-75.01258111143024,4.811170256155069],[-75.05052980402176,4.695899595537801]]]}},{"type":"Feature","properties":{"dep":"73","muni":"770","name":"SUÁREZ","dep_name":"TOLIMA"},"geometry":{"type":"Polygon","coordinates":[[[-74.74449196054171,4.247211647758757],[-74.78978556137676,4.175322418556588],[-74.7983546209942,4.026586082276243],[-74.7799923503854,4.014191387586214],[-74.82406179984653,3.895202318561937],[-74.87057955205549,3.9150338300659833],[-74.86568294655982,4.009233509710201],[-74.82773425396829,4.08979902519539],[-74.81182028610732,4.191435521653625],[-74.78121650175932,4.264564220324797],[-74.74449196054171,4.247211647758757]]]}},{"type":"Feature","properties":{"dep":"73","muni":"854","name":"VALLE DE SAN JUAN","dep_name":"TOLIMA"},"geometry":{"type":"Polygon","coordinates":[[[-75.19008306064866,4.108391067230434],[-75.24394572110116,4.10715159776143],[-75.23048005598804,4.190196052184623],[-75.17906569828338,4.278198384483828],[-75.11051322134385,4.167885601742572],[-75.19008306064866,4.108391067230434]]]}},{"type":"Feature","properties":{"dep":"73","muni":"861","name":"VENADILLO","dep_name":"TOLIMA"},"geometry":{"type":"Polygon","coordinates":[[[-75.00768450593456,4.811170256155069],[-74.87180370342942,4.773986172084982],[-74.81549274022909,4.713252168103841],[-74.78856141000284,4.6587155114677135],[-74.81671689160301,4.611615671645604],[-74.86201049243806,4.625249835804636],[-74.9256663638819,4.640123469432671],[-74.97218411609087,4.703336412351819],[-75.01747771692592,4.688462778723784],[-75.05052980402176,4.695899595537801],[-75.01258111143024,4.811170256155069],[-75.00768450593456,4.811170256155069]]]}},{"type":"Feature","properties":{"dep":"73","muni":"870","name":"VILLAHERMOSA","dep_name":"TOLIMA"},"geometry":{"type":"Polygon","coordinates":[[[-75.06644377188273,5.031795821637582],[-75.00890865730848,5.009485371195531],[-75.016253565552,4.995851207036498],[-75.04563319852609,4.995851207036498],[-75.10928906996993,4.8979331189852715],[-75.17661739553554,4.91900409995832],[-75.31861895491029,4.886777893764245],[-75.31984310628421,4.892975241109259],[-75.14846191393538,5.0169221880095485],[-75.06644377188273,5.031795821637582]]]}},{"type":"Feature","properties":{"dep":"73","muni":"873","name":"VILLARRICA","dep_name":"TOLIMA"},"geometry":{"type":"Polygon","coordinates":[[[-74.5314896214796,3.975767834047124],[-74.5131273508708,3.9534573836050715],[-74.54005868109704,3.8443840703328185],[-74.61718021765401,3.73778969599857],[-74.67226702948042,3.6968872035214746],[-74.71756063031548,3.7588606769716195],[-74.70776741932411,3.789847413696691],[-74.7065432679502,3.8022421083867197],[-74.66859457535867,3.9497389751980627],[-74.61105946078442,3.9955993455511702],[-74.5314896214796,3.975767834047124]]]}},{"type":"Feature","properties":{"dep":"13","muni":"300","name":"HATILLO DE LOBA","dep_name":"BOLÍVAR"},"geometry":{"type":"MultiPolygon","coordinates":[[[[-73.97817320046767,8.984463958287783],[-74.0712087048856,8.9485193436867],[-74.22545177799955,8.947279874217697],[-74.22667592937347,8.9485193436867],[-74.19362384227762,8.98694289722579],[-74.10058833785969,9.019169103419864],[-74.00388037932,9.03032432864089],[-73.97817320046767,8.984463958287783]]],[[[-74.26340047059108,8.9919007751018],[-74.27809028707811,8.972069263597755],[-74.36378088325253,8.973308733066759],[-74.43233336019206,9.009253347667842],[-74.26340047059108,8.9919007751018]]]]}},{"type":"Feature","properties":{"dep":"13","muni":"650","name":"SAN FERNANDO","dep_name":"BOLÍVAR"},"geometry":{"type":"Polygon","coordinates":[[[-74.30012501180869,9.203850054301295],[-74.29767670906084,9.176581725983231],[-74.32338388791317,9.120805599878102],[-74.264624621965,9.041479553861917],[-74.26340047059108,8.9919007751018],[-74.43233336019206,9.009253347667842],[-74.48007526377495,9.078663637932003],[-74.35398767226117,9.186497481735254],[-74.3919363648527,9.215005279522321],[-74.30012501180869,9.203850054301295]]]}},{"type":"Feature","properties":{"dep":"13","muni":"430","name":"MAGANGUÉ","dep_name":"BOLÍVAR"},"geometry":{"type":"Polygon","coordinates":[[[-74.73959535504603,9.425715089252812],[-74.74326780916779,9.366220554740673],[-74.67838778635003,9.30548655075953],[-74.73347459817643,9.263344588813434],[-74.72490553855899,9.179060664921236],[-74.72980214405467,9.127002947223115],[-74.68206024047178,9.067508412710977],[-74.60616285528873,9.020408572888867],[-74.53516207560136,8.99561918350881],[-74.46416129591398,8.876630114484533],[-74.46905790140967,8.824572396786412],[-74.56454170857545,8.83696709147644],[-74.63921494238457,8.977027141473766],[-74.77509574488973,9.037761145454908],[-74.84364822182926,9.107171435719069],[-74.90852824464702,9.205089523770297],[-74.94158033174287,9.2918523866005],[-74.92199390976015,9.388531005182724],[-74.80080292374204,9.441828192349849],[-74.73959535504603,9.425715089252812]]]}},{"type":"Feature","properties":{"dep":"25","muni":"307","name":"GIRARDOT","dep_name":"CUNDINAMARCA"},"geometry":{"type":"Polygon","coordinates":[[[-74.74326780916779,4.381074350411067],[-74.79713046962028,4.288114140235852],[-74.89016597403821,4.289353609704854],[-74.85588973556845,4.335213980057961],[-74.75306102015915,4.434371537578192],[-74.74326780916779,4.381074350411067]]]}},{"type":"Feature","properties":{"dep":"25","muni":"754","name":"SOACHA","dep_name":"CUNDINAMARCA"},"geometry":{"type":"Polygon","coordinates":[[[-74.22300347525172,4.628968244211645],[-74.18383063128626,4.59674203801757],[-74.17770987441666,4.486429255276313],[-74.21443441563427,4.381074350411067],[-74.23646914036483,4.400905861915113],[-74.21810686975603,4.5161765225323816],[-74.28421104394772,4.512458114125373],[-74.30379746593044,4.5546000760714715],[-74.30624576867828,4.620291957928625],[-74.27196953020852,4.619052488459621],[-74.22300347525172,4.628968244211645]]]}},{"type":"Feature","properties":{"dep":"25","muni":"175","name":"CHÍA","dep_name":"CUNDINAMARCA"},"geometry":{"type":"Polygon","coordinates":[[[-74.00632868206783,4.823564950845098],[-74.08222606725089,4.834720176066124],[-74.09446758099008,4.848354340225155],[-74.08222606725089,4.892975241109259],[-74.0773294617552,4.9115672831443025],[-74.00632868206783,4.917764630489318],[-74.00632868206783,4.823564950845098]]]}},{"type":"Feature","properties":{"dep":"25","muni":"260","name":"EL ROSAL","dep_name":"CUNDINAMARCA"},"geometry":{"type":"Polygon","coordinates":[[[-74.23034838349523,4.945032958807381],[-74.20096875052114,4.857030626508175],[-74.26095216784323,4.823564950845098],[-74.28421104394772,4.875622668543219],[-74.23034838349523,4.945032958807381]]]}},{"type":"Feature","properties":{"dep":"25","muni":"473","name":"MOSQUERA","dep_name":"CUNDINAMARCA"},"geometry":{"type":"Polygon","coordinates":[[[-74.17281326892098,4.695899595537801],[-74.22300347525172,4.628968244211645],[-74.27196953020852,4.619052488459621],[-74.29890086043476,4.71697057651085],[-74.23279668624306,4.736802088014896],[-74.17281326892098,4.695899595537801]]]}},{"type":"Feature","properties":{"dep":"25","muni":"740","name":"SIBATÉ","dep_name":"CUNDINAMARCA"},"geometry":{"type":"Polygon","coordinates":[[[-74.23646914036483,4.400905861915113],[-74.2829868925738,4.379834880942065],[-74.30012501180869,4.426934720764175],[-74.30257331455653,4.503781827842353],[-74.28421104394772,4.512458114125373],[-74.21810686975603,4.5161765225323816],[-74.23646914036483,4.400905861915113]]]}},{"type":"Feature","properties":{"dep":"25","muni":"290","name":"FUSAGASUGÁ","dep_name":"CUNDINAMARCA"},"geometry":{"type":"Polygon","coordinates":[[[-74.2829868925738,4.379834880942065],[-74.31971143379141,4.38603222828708],[-74.35153936951333,4.295550957049869],[-74.33562540165236,4.227380136254711],[-74.42988505744422,4.293072018111863],[-74.54128283247096,4.252169525634768],[-74.5498518920884,4.260845811917788],[-74.48252356652279,4.289353609704854],[-74.42009184645286,4.358763899969016],[-74.38826391073094,4.398426922977109],[-74.30012501180869,4.426934720764175],[-74.2829868925738,4.379834880942065]]]}},{"type":"Feature","properties":{"dep":"25","muni":"662","name":"SAN JUAN DE RIOSECO","dep_name":"CUNDINAMARCA"},"geometry":{"type":"Polygon","coordinates":[[[-74.57678322231465,4.88925683270225],[-74.56331755720153,4.796296622527034],[-74.59024888742776,4.742999435359911],[-74.68450854321962,4.757873068987944],[-74.70164666245451,4.835959645535127],[-74.76897498802012,4.842156992880142],[-74.7493885660374,4.952469775621397],[-74.72735384130684,4.977259165001456],[-74.64411154788026,4.896693649516267],[-74.57678322231465,4.88925683270225]]]}},{"type":"Feature","properties":{"dep":"73","muni":"349","name":"HONDA","dep_name":"TOLIMA"},"geometry":{"type":"Polygon","coordinates":[[[-74.78978556137676,5.2982817574732035],[-74.73469874955035,5.287126532252177],[-74.72980214405467,5.067740436238665],[-74.84609652457709,5.101206111901744],[-74.88404521716862,5.14706648225485],[-74.79468216687245,5.227631997740039],[-74.86078634106413,5.305718574287221],[-74.78978556137676,5.2982817574732035]]]}},{"type":"Feature","properties":{"dep":"05","muni":"631","name":"SABANETA","dep_name":"ANTIOQUIA"},"geometry":{"type":"Polygon","coordinates":[[[-75.59038055992058,6.1126131986080985],[-75.60629452778153,6.116331607015107],[-75.62588094976425,6.153515691085193],[-75.60507037640761,6.163431446837217],[-75.59038055992058,6.1126131986080985]]]}},{"type":"Feature","properties":{"dep":"05","muni":"380","name":"LA ESTRELLA","dep_name":"ANTIOQUIA"},"geometry":{"type":"Polygon","coordinates":[[[-75.64791567449483,6.172107733120237],[-75.62588094976425,6.153515691085193],[-75.60629452778153,6.116331607015107],[-75.67239870197322,6.118810545953114],[-75.67974361021675,6.163431446837217],[-75.64791567449483,6.172107733120237]]]}}]}