2026-05-31 23:20:27,386 INFO e14.universe: fetching national acta list: https://divulgacione14presidente.registraduria.gov.co/assets/temis/divipol_json/allTransmissionCodes.json
2026-05-31 23:23:02,266 INFO e14.universe: fetching national acta list: https://divulgacione14presidente.registraduria.gov.co/assets/temis/divipol_json/allTransmissionCodes.json
2026-05-31 23:28:51,470 INFO e14.universe: fetching national acta list: https://divulgacione14presidente.registraduria.gov.co/assets/temis/divipol_json/allTransmissionCodes.json
2026-05-31 23:28:51,683 INFO e14.session: primed Akamai session (thread 123873928396928): HTTP 200 cookies=['ak_bmsc']
2026-05-31 23:28:53,060 INFO e14.universe: parsed 120872 actas with filenames
2026-05-31 23:28:54,115 INFO e14.universe: wrote 120872 rows -> data/mesa_universe.csv
2026-05-31 23:29:11,856 INFO e14.download: download: 8 to fetch, 0 already done/skipped (variant=transmision)
2026-05-31 23:29:12,023 INFO e14.session: primed Akamai session (thread 138332561817728): HTTP 200 cookies=['ak_bmsc']
2026-05-31 23:29:12,204 INFO e14.session: primed Akamai session (thread 138332494956224): HTTP 200 cookies=['ak_bmsc']
2026-05-31 23:29:12,204 INFO e14.session: primed Akamai session (thread 138332482152128): HTTP 200 cookies=['ak_bmsc']
2026-05-31 23:29:12,207 INFO e14.session: primed Akamai session (thread 138332469348032): HTTP 200 cookies=['ak_bmsc']
2026-05-31 23:29:12,219 INFO e14.session: primed Akamai session (thread 138332423743168): HTTP 200 cookies=['ak_bmsc']
2026-05-31 23:29:40,223 INFO e14.download: download: 0 to fetch, 8 already done/skipped (variant=transmision)
2026-05-31 23:29:40,388 INFO e14.session: primed Akamai session (thread 128618815066240): HTTP 200 cookies=['ak_bmsc']
2026-05-31 23:31:28,451 INFO e14.download: download: 5 to fetch, 0 already done/skipped (variant=delegados)
2026-05-31 23:31:28,810 INFO e14.session: primed Akamai session (thread 129936055062656): HTTP 200 cookies=['ak_bmsc']
2026-05-31 23:31:29,150 INFO e14.session: primed Akamai session (thread 129935975315136): HTTP 200 cookies=['ak_bmsc']
2026-05-31 23:31:29,151 INFO e14.session: primed Akamai session (thread 129935949706944): HTTP 200 cookies=['ak_bmsc']
2026-05-31 23:31:29,161 INFO e14.session: primed Akamai session (thread 129935988119232): HTTP 200 cookies=['ak_bmsc']
2026-05-31 23:31:29,161 INFO e14.session: primed Akamai session (thread 129935962511040): HTTP 200 cookies=['ak_bmsc']
2026-05-31 23:31:29,161 INFO e14.session: primed Akamai session (thread 129936007100096): HTTP 200 cookies=['ak_bmsc']
2026-05-31 23:32:37,111 INFO e14.download: download: 0 to fetch, 5 already done/skipped (variant=delegados)
2026-05-31 23:32:37,337 INFO e14.session: primed Akamai session (thread 126855737888896): HTTP 200 cookies=['ak_bmsc']
2026-05-31 23:40:11,548 INFO e14.download: download: 100 to fetch, 0 already done/skipped (variant=delegados)
2026-05-31 23:40:11,899 INFO e14.session: primed Akamai session (thread 130206708310144): HTTP 200 cookies=['ak_bmsc']
2026-05-31 23:40:12,536 INFO e14.session: primed Akamai session (thread 130206642570944): HTTP 200 cookies=['ak_bmsc']
2026-05-31 23:40:12,559 INFO e14.session: primed Akamai session (thread 130206081521344): HTTP 200 cookies=['ak_bmsc']
2026-05-31 23:40:12,560 INFO e14.session: primed Akamai session (thread 130206616962752): HTTP 200 cookies=['ak_bmsc']
2026-05-31 23:40:12,562 INFO e14.session: primed Akamai session (thread 130206068717248): HTTP 200 cookies=['ak_bmsc']
2026-05-31 23:40:12,574 INFO e14.session: primed Akamai session (thread 130206055913152): HTTP 200 cookies=['ak_bmsc']
2026-05-31 23:40:12,581 INFO e14.session: primed Akamai session (thread 130206659126976): HTTP 200 cookies=['ak_bmsc']
2026-05-31 23:40:12,588 INFO e14.session: primed Akamai session (thread 130206629766848): HTTP 200 cookies=['ak_bmsc']
2026-05-31 23:40:12,588 INFO e14.session: primed Akamai session (thread 130205678868160): HTTP 200 cookies=['ak_bmsc']
2026-05-31 23:40:12,590 INFO e14.session: primed Akamai session (thread 130206604158656): HTTP 200 cookies=['ak_bmsc']
2026-05-31 23:40:12,591 INFO e14.session: primed Akamai session (thread 130205653259968): HTTP 200 cookies=['ak_bmsc']
2026-05-31 23:40:12,591 INFO e14.session: primed Akamai session (thread 130206584161984): HTTP 200 cookies=['ak_bmsc']
2026-05-31 23:40:12,591 INFO e14.session: primed Akamai session (thread 130205691672256): HTTP 200 cookies=['ak_bmsc']
2026-05-31 23:40:12,592 INFO e14.session: primed Akamai session (thread 130206094325440): HTTP 200 cookies=['ak_bmsc']
2026-05-31 23:40:12,636 INFO e14.session: primed Akamai session (thread 130205250606784): HTTP 200 cookies=['ak_bmsc']
2026-05-31 23:40:12,636 INFO e14.session: primed Akamai session (thread 130205263410880): HTTP 200 cookies=['ak_bmsc']
2026-05-31 23:40:12,637 INFO e14.session: primed Akamai session (thread 130206043109056): HTTP 200 cookies=['ak_bmsc']
2026-05-31 23:40:12,637 INFO e14.session: primed Akamai session (thread 130204860757696): HTTP 200 cookies=['ak_bmsc']
2026-05-31 23:40:12,638 INFO e14.session: primed Akamai session (thread 130205666064064): HTTP 200 cookies=['ak_bmsc']
2026-05-31 23:40:12,640 INFO e14.session: primed Akamai session (thread 130204886365888): HTTP 200 cookies=['ak_bmsc']
2026-05-31 23:40:12,641 INFO e14.session: primed Akamai session (thread 130205276214976): HTTP 200 cookies=['ak_bmsc']
2026-05-31 23:40:12,640 INFO e14.session: primed Akamai session (thread 130205289019072): HTTP 200 cookies=['ak_bmsc']
2026-05-31 23:40:12,639 INFO e14.session: primed Akamai session (thread 130205237802688): HTTP 200 cookies=['ak_bmsc']
2026-05-31 23:40:12,640 INFO e14.session: primed Akamai session (thread 130204835149504): HTTP 200 cookies=['ak_bmsc']
2026-05-31 23:40:12,641 INFO e14.session: primed Akamai session (thread 130205640455872): HTTP 200 cookies=['ak_bmsc']
2026-05-31 23:42:25,640 INFO e14.download: download: 30 to fetch, 0 already done/skipped (variant=delegados)
2026-05-31 23:42:25,887 INFO e14.session: primed Akamai session (thread 133546394366080): HTTP 200 cookies=['ak_bmsc']
2026-05-31 23:42:26,131 INFO e14.session: primed Akamai session (thread 133546252170944): HTTP 200 cookies=['ak_bmsc']
2026-05-31 23:42:26,133 INFO e14.session: primed Akamai session (thread 133546298128064): HTTP 200 cookies=['ak_bmsc']
2026-05-31 23:42:26,142 INFO e14.session: primed Akamai session (thread 133545741334208): HTTP 200 cookies=['ak_bmsc']
2026-05-31 23:42:26,142 INFO e14.session: primed Akamai session (thread 133545728530112): HTTP 200 cookies=['ak_bmsc']
2026-05-31 23:42:26,142 INFO e14.session: primed Akamai session (thread 133545754138304): HTTP 200 cookies=['ak_bmsc']
2026-05-31 23:42:26,145 INFO e14.session: primed Akamai session (thread 133545715726016): HTTP 200 cookies=['ak_bmsc']
2026-05-31 23:42:26,145 INFO e14.session: primed Akamai session (thread 133545766942400): HTTP 200 cookies=['ak_bmsc']
2026-05-31 23:42:26,146 INFO e14.session: primed Akamai session (thread 133546264975040): HTTP 200 cookies=['ak_bmsc']
2026-05-31 23:42:26,148 INFO e14.session: primed Akamai session (thread 133546310932160): HTTP 200 cookies=['ak_bmsc']
2026-05-31 23:42:26,149 INFO e14.session: primed Akamai session (thread 133545271572160): HTTP 200 cookies=['ak_bmsc']
2026-05-31 23:42:26,149 INFO e14.session: primed Akamai session (thread 133544881723072): HTTP 200 cookies=['ak_bmsc']
2026-05-31 23:42:26,151 INFO e14.session: primed Akamai session (thread 133545245963968): HTTP 200 cookies=['ak_bmsc']
2026-05-31 23:42:26,177 INFO e14.session: primed Akamai session (thread 133546348680896): HTTP 200 cookies=['ak_bmsc']
2026-05-31 23:42:26,178 INFO e14.session: primed Akamai session (thread 133545297180352): HTTP 200 cookies=['ak_bmsc']
2026-05-31 23:42:26,200 INFO e14.session: primed Akamai session (thread 133546277779136): HTTP 200 cookies=['ak_bmsc']
2026-05-31 23:42:26,200 INFO e14.session: primed Akamai session (thread 133546323736256): HTTP 200 cookies=['ak_bmsc']
2026-05-31 23:47:10,424 INFO e14.universe: fetching names tree: https://divulgacione14presidente.registraduria.gov.co/assets/temis/divipol_json/departmentsTree.json
2026-05-31 23:47:10,690 INFO e14.session: primed Akamai session (thread 125770486476928): HTTP 200 cookies=['ak_bmsc']
2026-05-31 23:47:11,149 INFO e14.universe: names dictionary: 14438 puestos
2026-05-31 23:50:59,120 INFO e14.download: download: 500 to fetch, 0 already done/skipped (variant=delegados)
2026-05-31 23:50:59,470 INFO e14.session: primed Akamai session (thread 133503268118656): HTTP 200 cookies=['ak_bmsc']
2026-05-31 23:50:59,865 INFO e14.session: primed Akamai session (thread 133503171245760): HTTP 200 cookies=['ak_bmsc']
2026-05-31 23:50:59,875 INFO e14.session: primed Akamai session (thread 133501986354880): HTTP 200 cookies=['ak_bmsc']
2026-05-31 23:50:59,876 INFO e14.session: primed Akamai session (thread 133502430508736): HTTP 200 cookies=['ak_bmsc']
2026-05-31 23:50:59,885 INFO e14.session: primed Akamai session (thread 133503124752064): HTTP 200 cookies=['ak_bmsc']
2026-05-31 23:50:59,886 INFO e14.session: primed Akamai session (thread 133502481725120): HTTP 200 cookies=['ak_bmsc']
2026-05-31 23:50:59,889 INFO e14.session: primed Akamai session (thread 133503218652864): HTTP 200 cookies=['ak_bmsc']
2026-05-31 23:50:59,890 INFO e14.session: primed Akamai session (thread 133501999158976): HTTP 200 cookies=['ak_bmsc']
2026-05-31 23:50:59,890 INFO e14.session: primed Akamai session (thread 133502468921024): HTTP 200 cookies=['ak_bmsc']
2026-05-31 23:50:59,980 INFO e14.session: primed Akamai session (thread 133503137556160): HTTP 200 cookies=['ak_bmsc']
2026-05-31 23:50:59,990 INFO e14.session: primed Akamai session (thread 133502456116928): HTTP 200 cookies=['ak_bmsc']
2026-05-31 23:51:00,001 INFO e14.session: primed Akamai session (thread 133503111947968): HTTP 200 cookies=['ak_bmsc']
2026-05-31 23:51:00,005 INFO e14.session: primed Akamai session (thread 133503196853952): HTTP 200 cookies=['ak_bmsc']
2026-05-31 23:51:00,005 INFO e14.session: primed Akamai session (thread 133503099143872): HTTP 200 cookies=['ak_bmsc']
2026-05-31 23:51:00,015 INFO e14.session: primed Akamai session (thread 133501973550784): HTTP 200 cookies=['ak_bmsc']
2026-05-31 23:51:00,016 INFO e14.session: primed Akamai session (thread 133503150360256): HTTP 200 cookies=['ak_bmsc']
2026-05-31 23:51:00,017 INFO e14.session: primed Akamai session (thread 133501609309888): HTTP 200 cookies=['ak_bmsc']
2026-05-31 23:51:00,017 INFO e14.session: primed Akamai session (thread 133502011963072): HTTP 200 cookies=['ak_bmsc']
2026-05-31 23:51:00,018 INFO e14.session: primed Akamai session (thread 133503184049856): HTTP 200 cookies=['ak_bmsc']
2026-05-31 23:51:00,028 INFO e14.session: primed Akamai session (thread 133501596505792): HTTP 200 cookies=['ak_bmsc']
2026-05-31 23:51:00,034 INFO e14.session: primed Akamai session (thread 133500804003520): HTTP 200 cookies=['ak_bmsc']
2026-05-31 23:51:00,037 INFO e14.session: primed Akamai session (thread 133499583239872): HTTP 200 cookies=['ak_bmsc']
2026-05-31 23:51:00,039 INFO e14.session: primed Akamai session (thread 133502443312832): HTTP 200 cookies=['ak_bmsc']
2026-05-31 23:51:00,040 INFO e14.session: primed Akamai session (thread 133499596043968): HTTP 200 cookies=['ak_bmsc']
2026-05-31 23:51:00,041 INFO e14.session: primed Akamai session (thread 133501570897600): HTTP 200 cookies=['ak_bmsc']
2026-05-31 23:51:00,042 INFO e14.session: primed Akamai session (thread 133501155440320): HTTP 200 cookies=['ak_bmsc']
2026-05-31 23:51:00,045 INFO e14.session: primed Akamai session (thread 133499557631680): HTTP 200 cookies=['ak_bmsc']
2026-05-31 23:51:00,045 INFO e14.session: primed Akamai session (thread 133500791199424): HTTP 200 cookies=['ak_bmsc']
2026-05-31 23:51:00,046 INFO e14.session: primed Akamai session (thread 133501206656704): HTTP 200 cookies=['ak_bmsc']
2026-05-31 23:51:00,046 INFO e14.session: primed Akamai session (thread 133500401350336): HTTP 200 cookies=['ak_bmsc']
2026-05-31 23:51:00,047 INFO e14.session: primed Akamai session (thread 133499193390784): HTTP 200 cookies=['ak_bmsc']
2026-05-31 23:51:00,061 INFO e14.session: primed Akamai session (thread 133499985893056): HTTP 200 cookies=['ak_bmsc']
2026-05-31 23:51:00,072 INFO e14.session: primed Akamai session (thread 133500375742144): HTTP 200 cookies=['ak_bmsc']
2026-05-31 23:51:00,081 INFO e14.session: primed Akamai session (thread 133499544827584): HTTP 200 cookies=['ak_bmsc']
2026-05-31 23:51:00,082 INFO e14.session: primed Akamai session (thread 133501168244416): HTTP 200 cookies=['ak_bmsc']
2026-05-31 23:51:00,083 INFO e14.session: primed Akamai session (thread 133499973088960): HTTP 200 cookies=['ak_bmsc']
2026-05-31 23:51:00,083 INFO e14.session: primed Akamai session (thread 133501558093504): HTTP 200 cookies=['ak_bmsc']
2026-05-31 23:51:00,083 INFO e14.session: primed Akamai session (thread 133499998697152): HTTP 200 cookies=['ak_bmsc']
2026-05-31 23:51:00,084 INFO e14.session: primed Akamai session (thread 133499570435776): HTTP 200 cookies=['ak_bmsc']
2026-05-31 23:51:00,086 INFO e14.session: primed Akamai session (thread 133501960746688): HTTP 200 cookies=['ak_bmsc']
2026-05-31 23:51:00,087 INFO e14.session: primed Akamai session (thread 133500752787136): HTTP 200 cookies=['ak_bmsc']
2026-05-31 23:51:00,089 INFO e14.session: primed Akamai session (thread 133500362938048): HTTP 200 cookies=['ak_bmsc']
2026-05-31 23:51:00,089 INFO e14.session: primed Akamai session (thread 133501583701696): HTTP 200 cookies=['ak_bmsc']
2026-05-31 23:51:00,106 INFO e14.session: primed Akamai session (thread 133501181048512): HTTP 200 cookies=['ak_bmsc']
2026-05-31 23:51:00,112 INFO e14.session: primed Akamai session (thread 133501193852608): HTTP 200 cookies=['ak_bmsc']
2026-05-31 23:51:00,113 INFO e14.session: primed Akamai session (thread 133499960284864): HTTP 200 cookies=['ak_bmsc']
2026-05-31 23:51:00,115 INFO e14.session: primed Akamai session (thread 133500350133952): HTTP 200 cookies=['ak_bmsc']
2026-05-31 23:51:00,115 INFO e14.session: primed Akamai session (thread 133500388546240): HTTP 200 cookies=['ak_bmsc']
2026-05-31 23:51:00,118 INFO e14.session: primed Akamai session (thread 133499947480768): HTTP 200 cookies=['ak_bmsc']
2026-05-31 23:52:01,752 INFO e14.download: download: 1000 to fetch, 0 already done/skipped (variant=delegados)
2026-05-31 23:52:02,016 INFO e14.session: primed Akamai session (thread 134925802446976): HTTP 200 cookies=['ak_bmsc']
2026-05-31 23:52:02,442 INFO e14.session: primed Akamai session (thread 134925323859648): HTTP 200 cookies=['ak_bmsc']
2026-05-31 23:52:02,461 INFO e14.session: primed Akamai session (thread 134925298251456): HTTP 200 cookies=['ak_bmsc']
2026-05-31 23:52:02,463 INFO e14.session: primed Akamai session (thread 134925285447360): HTTP 200 cookies=['ak_bmsc']
2026-05-31 23:52:02,473 INFO e14.session: primed Akamai session (thread 134925272643264): HTTP 200 cookies=['ak_bmsc']
2026-05-31 23:52:02,488 INFO e14.session: primed Akamai session (thread 134924815685312): HTTP 200 cookies=['ak_bmsc']
2026-05-31 23:52:02,493 INFO e14.session: primed Akamai session (thread 134925731755712): HTTP 200 cookies=['ak_bmsc']
2026-05-31 23:52:02,495 INFO e14.session: primed Akamai session (thread 134925684520640): HTTP 200 cookies=['ak_bmsc']
2026-05-31 23:52:02,496 INFO e14.session: primed Akamai session (thread 134924828489408): HTTP 200 cookies=['ak_bmsc']
2026-05-31 23:52:02,500 INFO e14.session: primed Akamai session (thread 134924854097600): HTTP 200 cookies=['ak_bmsc']
2026-05-31 23:52:02,501 INFO e14.session: primed Akamai session (thread 134924438640320): HTTP 200 cookies=['ak_bmsc']
2026-05-31 23:52:02,502 INFO e14.session: primed Akamai session (thread 134920801957568): HTTP 200 cookies=['ak_bmsc']
2026-05-31 23:52:02,502 INFO e14.session: primed Akamai session (thread 134924413032128): HTTP 200 cookies=['ak_bmsc']
2026-05-31 23:52:02,505 INFO e14.session: primed Akamai session (thread 134925706147520): HTTP 200 cookies=['ak_bmsc']
2026-05-31 23:52:02,503 INFO e14.session: primed Akamai session (thread 134924425836224): HTTP 200 cookies=['ak_bmsc']
2026-05-31 23:52:02,505 INFO e14.session: primed Akamai session (thread 134924451444416): HTTP 200 cookies=['ak_bmsc']
2026-05-31 23:52:02,549 INFO e14.session: primed Akamai session (thread 134924400228032): HTTP 200 cookies=['ak_bmsc']
2026-05-31 23:52:02,553 INFO e14.session: primed Akamai session (thread 134921607263936): HTTP 200 cookies=['ak_bmsc']
2026-05-31 23:52:02,555 INFO e14.session: primed Akamai session (thread 134922399766208): HTTP 200 cookies=['ak_bmsc']
2026-05-31 23:52:02,581 INFO e14.session: primed Akamai session (thread 134924841293504): HTTP 200 cookies=['ak_bmsc']
2026-05-31 23:52:02,581 INFO e14.session: primed Akamai session (thread 134924035987136): HTTP 200 cookies=['ak_bmsc']
2026-05-31 23:52:02,582 INFO e14.session: primed Akamai session (thread 134925718951616): HTTP 200 cookies=['ak_bmsc']
2026-05-31 23:52:02,582 INFO e14.session: primed Akamai session (thread 134925311055552): HTTP 200 cookies=['ak_bmsc']
2026-05-31 23:52:02,583 INFO e14.session: primed Akamai session (thread 134925751457472): HTTP 200 cookies=['ak_bmsc']
2026-05-31 23:52:02,582 INFO e14.session: primed Akamai session (thread 134921594459840): HTTP 200 cookies=['ak_bmsc']
2026-05-31 23:52:02,585 INFO e14.session: primed Akamai session (thread 134924023183040): HTTP 200 cookies=['ak_bmsc']
2026-05-31 23:52:02,585 INFO e14.session: primed Akamai session (thread 134921230218944): HTTP 200 cookies=['ak_bmsc']
2026-05-31 23:52:02,585 INFO e14.session: primed Akamai session (thread 134924010378944): HTTP 200 cookies=['ak_bmsc']
2026-05-31 23:52:02,586 INFO e14.session: primed Akamai session (thread 134924802881216): HTTP 200 cookies=['ak_bmsc']
2026-05-31 23:52:02,626 INFO e14.session: primed Akamai session (thread 134922869528256): HTTP 200 cookies=['ak_bmsc']
2026-05-31 23:52:02,637 INFO e14.session: primed Akamai session (thread 134922856724160): HTTP 200 cookies=['ak_bmsc']
2026-05-31 23:52:02,639 INFO e14.session: primed Akamai session (thread 134922895136448): HTTP 200 cookies=['ak_bmsc']
2026-05-31 23:52:02,640 INFO e14.session: primed Akamai session (thread 134923997574848): HTTP 200 cookies=['ak_bmsc']
2026-05-31 23:52:02,641 INFO e14.session: primed Akamai session (thread 134923646138048): HTTP 200 cookies=['ak_bmsc']
2026-05-31 23:52:02,643 INFO e14.session: primed Akamai session (thread 134924048791232): HTTP 200 cookies=['ak_bmsc']
2026-05-31 23:52:02,644 INFO e14.session: primed Akamai session (thread 134923607725760): HTTP 200 cookies=['ak_bmsc']
2026-05-31 23:52:02,645 INFO e14.session: primed Akamai session (thread 134921581655744): HTTP 200 cookies=['ak_bmsc']
2026-05-31 23:52:02,646 INFO e14.session: primed Akamai session (thread 134923377702592): HTTP 200 cookies=['ak_bmsc']
2026-05-31 23:52:02,670 INFO e14.session: primed Akamai session (thread 134920197977792): HTTP 200 cookies=['ak_bmsc']
2026-05-31 23:52:02,673 INFO e14.session: primed Akamai session (thread 134921984308928): HTTP 200 cookies=['ak_bmsc']
2026-05-31 23:52:02,674 INFO e14.session: primed Akamai session (thread 134922035525312): HTTP 200 cookies=['ak_bmsc']
2026-05-31 23:52:02,674 INFO e14.session: primed Akamai session (thread 134922907940544): HTTP 200 cookies=['ak_bmsc']
2026-05-31 23:52:02,677 INFO e14.session: primed Akamai session (thread 134922425374400): HTTP 200 cookies=['ak_bmsc']
2026-05-31 23:52:02,680 INFO e14.session: primed Akamai session (thread 134923326486208): HTTP 200 cookies=['ak_bmsc']
2026-05-31 23:52:02,681 INFO e14.session: primed Akamai session (thread 134920827565760): HTTP 200 cookies=['ak_bmsc']
2026-05-31 23:52:02,755 INFO e14.session: primed Akamai session (thread 134923594921664): HTTP 200 cookies=['ak_bmsc']
2026-05-31 23:52:02,758 INFO e14.session: primed Akamai session (thread 134921217414848): HTTP 200 cookies=['ak_bmsc']
2026-05-31 23:52:02,761 INFO e14.session: primed Akamai session (thread 134920185173696): HTTP 200 cookies=['ak_bmsc']
2026-05-31 23:52:02,793 INFO e14.session: primed Akamai session (thread 134919820932800): HTTP 200 cookies=['ak_bmsc']
2026-05-31 23:52:02,793 INFO e14.session: primed Akamai session (thread 134920456697536): HTTP 200 cookies=['ak_bmsc']
2026-05-31 23:52:02,815 INFO e14.session: primed Akamai session (thread 134923352094400): HTTP 200 cookies=['ak_bmsc']
2026-05-31 23:52:02,821 INFO e14.session: primed Akamai session (thread 134920223585984): HTTP 200 cookies=['ak_bmsc']
2026-05-31 23:52:02,823 INFO e14.session: primed Akamai session (thread 134921179002560): HTTP 200 cookies=['ak_bmsc']
2026-05-31 23:52:02,830 INFO e14.session: primed Akamai session (thread 134919581193920): HTTP 200 cookies=['ak_bmsc']
2026-05-31 23:52:02,831 INFO e14.session: primed Akamai session (thread 134920469501632): HTTP 200 cookies=['ak_bmsc']
2026-05-31 23:52:02,834 INFO e14.session: primed Akamai session (thread 134922882332352): HTTP 200 cookies=['ak_bmsc']
2026-05-31 23:52:02,838 INFO e14.session: primed Akamai session (thread 134919795324608): HTTP 200 cookies=['ak_bmsc']
2026-05-31 23:52:02,839 INFO e14.session: primed Akamai session (thread 134920546326208): HTTP 200 cookies=['ak_bmsc']
2026-05-31 23:52:02,848 INFO e14.session: primed Akamai session (thread 134919351170752): HTTP 200 cookies=['ak_bmsc']
2026-05-31 23:52:02,850 INFO e14.session: primed Akamai session (thread 134922022721216): HTTP 200 cookies=['ak_bmsc']
2026-05-31 23:52:02,854 INFO e14.session: primed Akamai session (thread 134920172369600): HTTP 200 cookies=['ak_bmsc']
2026-05-31 23:52:02,855 INFO e14.session: primed Akamai session (thread 134919808128704): HTTP 200 cookies=['ak_bmsc']
2026-05-31 23:52:02,858 INFO e14.session: primed Akamai session (thread 134919769716416): HTTP 200 cookies=['ak_bmsc']
2026-05-31 23:52:02,859 INFO e14.session: primed Akamai session (thread 134923364898496): HTTP 200 cookies=['ak_bmsc']
2026-05-31 23:52:02,859 INFO e14.session: primed Akamai session (thread 134923339290304): HTTP 200 cookies=['ak_bmsc']
2026-05-31 23:52:02,865 INFO e14.session: primed Akamai session (thread 134919593998016): HTTP 200 cookies=['ak_bmsc']
2026-05-31 23:52:02,866 INFO e14.session: primed Akamai session (thread 134920482305728): HTTP 200 cookies=['ak_bmsc']
2026-05-31 23:52:02,867 INFO e14.session: primed Akamai session (thread 134919338366656): HTTP 200 cookies=['ak_bmsc']
2026-05-31 23:52:02,874 INFO e14.session: primed Akamai session (thread 134919782520512): HTTP 200 cookies=['ak_bmsc']
2026-05-31 23:52:02,875 INFO e14.session: primed Akamai session (thread 134921997113024): HTTP 200 cookies=['ak_bmsc']
2026-05-31 23:52:02,878 INFO e14.session: primed Akamai session (thread 134920789153472): HTTP 200 cookies=['ak_bmsc']
2026-05-31 23:52:02,878 INFO e14.session: primed Akamai session (thread 134921191806656): HTTP 200 cookies=['ak_bmsc']
2026-05-31 23:52:02,879 INFO e14.session: primed Akamai session (thread 134919619606208): HTTP 200 cookies=['ak_bmsc']
2026-05-31 23:52:02,880 INFO e14.session: primed Akamai session (thread 134921620068032): HTTP 200 cookies=['ak_bmsc']
2026-05-31 23:52:02,880 INFO e14.session: primed Akamai session (thread 134923620529856): HTTP 200 cookies=['ak_bmsc']
2026-05-31 23:52:02,880 INFO e14.session: primed Akamai session (thread 134923633333952): HTTP 200 cookies=['ak_bmsc']
2026-05-31 23:52:02,880 INFO e14.session: primed Akamai session (thread 134919606802112): HTTP 200 cookies=['ak_bmsc']
2026-05-31 23:52:02,881 INFO e14.session: primed Akamai session (thread 134922438178496): HTTP 200 cookies=['ak_bmsc']
2026-05-31 23:52:02,885 INFO e14.session: primed Akamai session (thread 134920210781888): HTTP 200 cookies=['ak_bmsc']
2026-05-31 23:52:02,886 INFO e14.session: primed Akamai session (thread 134920507913920): HTTP 200 cookies=['ak_bmsc']
2026-05-31 23:52:02,886 INFO e14.session: primed Akamai session (thread 134922009917120): HTTP 200 cookies=['ak_bmsc']
2026-05-31 23:52:02,890 INFO e14.session: primed Akamai session (thread 134920520718016): HTTP 200 cookies=['ak_bmsc']
2026-05-31 23:52:02,891 INFO e14.session: primed Akamai session (thread 134920776349376): HTTP 200 cookies=['ak_bmsc']
2026-05-31 23:52:02,895 INFO e14.session: primed Akamai session (thread 134919325562560): HTTP 200 cookies=['ak_bmsc']
2026-05-31 23:52:02,898 INFO e14.session: primed Akamai session (thread 134919312758464): HTTP 200 cookies=['ak_bmsc']
2026-05-31 23:52:02,899 INFO e14.session: primed Akamai session (thread 134919568389824): HTTP 200 cookies=['ak_bmsc']
2026-05-31 23:52:02,921 INFO e14.session: primed Akamai session (thread 134921632872128): HTTP 200 cookies=['ak_bmsc']
2026-05-31 23:52:02,936 INFO e14.session: primed Akamai session (thread 134920495109824): HTTP 200 cookies=['ak_bmsc']
2026-05-31 23:52:02,941 INFO e14.session: primed Akamai session (thread 134920814761664): HTTP 200 cookies=['ak_bmsc']
2026-05-31 23:52:02,954 INFO e14.session: primed Akamai session (thread 134920559130304): HTTP 200 cookies=['ak_bmsc']
2026-05-31 23:52:02,970 INFO e14.session: primed Akamai session (thread 134922386962112): HTTP 200 cookies=['ak_bmsc']
2026-05-31 23:52:02,977 INFO e14.session: primed Akamai session (thread 134922412570304): HTTP 200 cookies=['ak_bmsc']
2026-05-31 23:52:02,985 INFO e14.session: primed Akamai session (thread 134920533522112): HTTP 200 cookies=['ak_bmsc']
2026-05-31 23:52:02,995 INFO e14.session: primed Akamai session (thread 134920443893440): HTTP 200 cookies=['ak_bmsc']
2026-05-31 23:52:02,998 INFO e14.session: primed Akamai session (thread 134919216953024): HTTP 200 cookies=['ak_bmsc']
2026-05-31 23:52:03,019 INFO e14.session: primed Akamai session (thread 134919204148928): HTTP 200 cookies=['ak_bmsc']
2026-05-31 23:52:05,331 INFO e14.session: primed Akamai session (thread 134921204610752): HTTP 200 cookies=['ak_bmsc']
2026-05-31 23:59:31,612 INFO e14.download: download: 120872 to fetch, 0 already done/skipped (variant=delegados)
2026-05-31 23:59:31,840 INFO e14.session: primed Akamai session (thread 123367702958208): HTTP 200 cookies=['ak_bmsc']
2026-05-31 23:59:32,506 INFO e14.session: primed Akamai session (thread 123366518269632): HTTP 200 cookies=['ak_bmsc']
2026-05-31 23:59:32,644 INFO e14.session: primed Akamai session (thread 123367130642112): HTTP 200 cookies=['ak_bmsc']
2026-05-31 23:59:32,654 INFO e14.session: primed Akamai session (thread 123365998184128): HTTP 200 cookies=['ak_bmsc']
2026-05-31 23:59:32,693 INFO e14.session: primed Akamai session (thread 123366014969536): HTTP 200 cookies=['ak_bmsc']
2026-05-31 23:59:32,716 INFO e14.session: primed Akamai session (thread 123365612316352): HTTP 200 cookies=['ak_bmsc']
2026-05-31 23:59:32,740 INFO e14.session: primed Akamai session (thread 123366560233152): HTTP 200 cookies=['ak_bmsc']
2026-05-31 23:59:32,760 INFO e14.session: primed Akamai session (thread 123366023362240): HTTP 200 cookies=['ak_bmsc']
2026-05-31 23:59:32,762 INFO e14.session: primed Akamai session (thread 123367541667520): HTTP 200 cookies=['ak_bmsc']
2026-05-31 23:59:32,784 INFO e14.session: primed Akamai session (thread 123366006576832): HTTP 200 cookies=['ak_bmsc']
2026-05-31 23:59:32,785 INFO e14.session: primed Akamai session (thread 123367550060224): HTTP 200 cookies=['ak_bmsc']
2026-05-31 23:59:32,785 INFO e14.session: primed Akamai session (thread 123367147427520): HTTP 200 cookies=['ak_bmsc']
2026-05-31 23:59:32,793 INFO e14.session: primed Akamai session (thread 123367155820224): HTTP 200 cookies=['ak_bmsc']
2026-05-31 23:59:32,802 INFO e14.session: primed Akamai session (thread 123367516489408): HTTP 200 cookies=['ak_bmsc']
2026-05-31 23:59:32,803 INFO e14.session: primed Akamai session (thread 123367164212928): HTTP 200 cookies=['ak_bmsc']
2026-05-31 23:59:32,803 INFO e14.session: primed Akamai session (thread 123365620709056): HTTP 200 cookies=['ak_bmsc']
2026-05-31 23:59:32,804 INFO e14.session: primed Akamai session (thread 123366526662336): HTTP 200 cookies=['ak_bmsc']
2026-05-31 23:59:32,825 INFO e14.session: primed Akamai session (thread 123365595530944): HTTP 200 cookies=['ak_bmsc']
2026-05-31 23:59:32,825 INFO e14.session: primed Akamai session (thread 123366551840448): HTTP 200 cookies=['ak_bmsc']
2026-05-31 23:59:32,845 INFO e14.session: primed Akamai session (thread 123366509876928): HTTP 200 cookies=['ak_bmsc']
2026-05-31 23:59:32,850 INFO e14.session: primed Akamai session (thread 123367139034816): HTTP 200 cookies=['ak_bmsc']
2026-05-31 23:59:32,857 INFO e14.session: primed Akamai session (thread 123365603923648): HTTP 200 cookies=['ak_bmsc']
2026-05-31 23:59:32,862 INFO e14.session: primed Akamai session (thread 123365973006016): HTTP 200 cookies=['ak_bmsc']
2026-05-31 23:59:32,863 INFO e14.session: primed Akamai session (thread 123366535055040): HTTP 200 cookies=['ak_bmsc']
2026-05-31 23:59:32,984 INFO e14.session: primed Akamai session (thread 123365981398720): HTTP 200 cookies=['ak_bmsc']
2026-05-31 23:59:32,985 INFO e14.session: primed Akamai session (thread 123366543447744): HTTP 200 cookies=['ak_bmsc']
2026-05-31 23:59:32,985 INFO e14.session: primed Akamai session (thread 123363557086912): HTTP 200 cookies=['ak_bmsc']
2026-05-31 23:59:32,986 INFO e14.session: primed Akamai session (thread 123364379178688): HTTP 200 cookies=['ak_bmsc']
2026-05-31 23:59:32,987 INFO e14.session: primed Akamai session (thread 123365008336576): HTTP 200 cookies=['ak_bmsc']
2026-05-31 23:59:32,987 INFO e14.session: primed Akamai session (thread 123365016729280): HTTP 200 cookies=['ak_bmsc']
2026-05-31 23:59:32,988 INFO e14.session: primed Akamai session (thread 123367122249408): HTTP 200 cookies=['ak_bmsc']
2026-05-31 23:59:32,994 INFO e14.session: primed Akamai session (thread 123364404356800): HTTP 200 cookies=['ak_bmsc']
2026-05-31 23:59:32,995 INFO e14.session: primed Akamai session (thread 123367524882112): HTTP 200 cookies=['ak_bmsc']
2026-05-31 23:59:33,002 INFO e14.session: primed Akamai session (thread 123364370785984): HTTP 200 cookies=['ak_bmsc']
2026-05-31 23:59:33,011 INFO e14.session: primed Akamai session (thread 123365587138240): HTTP 200 cookies=['ak_bmsc']
2026-05-31 23:59:33,013 INFO e14.session: primed Akamai session (thread 123364966373056): HTTP 200 cookies=['ak_bmsc']
2026-05-31 23:59:33,022 INFO e14.session: primed Akamai session (thread 123363221542592): HTTP 200 cookies=['ak_bmsc']
2026-05-31 23:59:33,036 INFO e14.session: primed Akamai session (thread 123367533274816): HTTP 200 cookies=['ak_bmsc']
2026-05-31 23:59:33,037 INFO e14.session: primed Akamai session (thread 123367113856704): HTTP 200 cookies=['ak_bmsc']
2026-05-31 23:59:33,043 INFO e14.session: primed Akamai session (thread 123362315589312): HTTP 200 cookies=['ak_bmsc']
2026-05-31 23:59:33,044 INFO e14.session: primed Akamai session (thread 123364991551168): HTTP 200 cookies=['ak_bmsc']
2026-05-31 23:59:33,054 INFO e14.session: primed Akamai session (thread 123363859093184): HTTP 200 cookies=['ak_bmsc']
2026-05-31 23:59:33,056 INFO e14.session: primed Akamai session (thread 123365570352832): HTTP 200 cookies=['ak_bmsc']
2026-05-31 23:59:33,063 INFO e14.session: primed Akamai session (thread 123364974765760): HTTP 200 cookies=['ak_bmsc']
2026-05-31 23:59:33,065 INFO e14.session: primed Akamai session (thread 123363255113408): HTTP 200 cookies=['ak_bmsc']
2026-05-31 23:59:33,070 INFO e14.session: primed Akamai session (thread 123364412749504): HTTP 200 cookies=['ak_bmsc']
2026-05-31 23:59:33,077 INFO e14.session: primed Akamai session (thread 123363867485888): HTTP 200 cookies=['ak_bmsc']
2026-05-31 23:59:33,084 INFO e14.session: primed Akamai session (thread 123363875878592): HTTP 200 cookies=['ak_bmsc']
2026-05-31 23:59:33,085 INFO e14.session: primed Akamai session (thread 123364387571392): HTTP 200 cookies=['ak_bmsc']
2026-05-31 23:59:33,085 INFO e14.session: primed Akamai session (thread 123365578745536): HTTP 200 cookies=['ak_bmsc']
2026-05-31 23:59:33,097 INFO e14.session: primed Akamai session (thread 123363850700480): HTTP 200 cookies=['ak_bmsc']
2026-05-31 23:59:33,098 INFO e14.session: primed Akamai session (thread 123362298803904): HTTP 200 cookies=['ak_bmsc']
2026-05-31 23:59:33,110 INFO e14.session: primed Akamai session (thread 123363271898816): HTTP 200 cookies=['ak_bmsc']
2026-05-31 23:59:33,111 INFO e14.session: primed Akamai session (thread 123363825522368): HTTP 200 cookies=['ak_bmsc']
2026-05-31 23:59:33,117 INFO e14.session: primed Akamai session (thread 123364395964096): HTTP 200 cookies=['ak_bmsc']
2026-05-31 23:59:33,117 INFO e14.session: primed Akamai session (thread 123362323982016): HTTP 200 cookies=['ak_bmsc']
2026-05-31 23:59:33,124 INFO e14.session: primed Akamai session (thread 123365989791424): HTTP 200 cookies=['ak_bmsc']
2026-05-31 23:59:33,124 INFO e14.session: primed Akamai session (thread 123364983158464): HTTP 200 cookies=['ak_bmsc']
2026-05-31 23:59:33,132 INFO e14.session: primed Akamai session (thread 123362332374720): HTTP 200 cookies=['ak_bmsc']
2026-05-31 23:59:33,134 INFO e14.session: primed Akamai session (thread 123363582265024): HTTP 200 cookies=['ak_bmsc']
2026-05-31 23:59:33,135 INFO e14.session: primed Akamai session (thread 123364999943872): HTTP 200 cookies=['ak_bmsc']
2026-05-31 23:59:33,136 INFO e14.session: primed Akamai session (thread 123363263506112): HTTP 200 cookies=['ak_bmsc']
2026-05-31 23:59:33,136 INFO e14.session: primed Akamai session (thread 123363573872320): HTTP 200 cookies=['ak_bmsc']
2026-05-31 23:59:33,144 INFO e14.session: primed Akamai session (thread 123364362393280): HTTP 200 cookies=['ak_bmsc']
2026-05-31 23:59:33,297 INFO e14.session: primed Akamai session (thread 123363842307776): HTTP 200 cookies=['ak_bmsc']
2026-06-01 00:00:37,439 INFO e14.session: primed Akamai session (thread 123363271898816): HTTP 200 cookies=['ak_bmsc', 'bm_sv']
2026-06-01 00:00:37,730 INFO e14.session: primed Akamai session (thread 123366543447744): HTTP 200 cookies=['ak_bmsc', 'bm_sv']
2026-06-01 00:00:37,811 INFO e14.session: primed Akamai session (thread 123366509876928): HTTP 200 cookies=['ak_bmsc', 'bm_sv']
2026-06-01 00:00:38,142 INFO e14.session: primed Akamai session (thread 123366535055040): HTTP 200 cookies=['ak_bmsc', 'bm_sv']
2026-06-01 00:00:38,155 INFO e14.session: primed Akamai session (thread 123362332374720): HTTP 200 cookies=['ak_bmsc', 'bm_sv']
2026-06-01 00:00:38,493 INFO e14.session: primed Akamai session (thread 123363825522368): HTTP 200 cookies=['ak_bmsc', 'bm_sv']
2026-06-01 00:00:38,817 INFO e14.session: primed Akamai session (thread 123367147427520): HTTP 200 cookies=['ak_bmsc', 'bm_sv']
2026-06-01 00:00:38,983 INFO e14.session: primed Akamai session (thread 123363221542592): HTTP 200 cookies=['ak_bmsc', 'bm_sv']
2026-06-01 00:00:38,985 INFO e14.session: primed Akamai session (thread 123367541667520): HTTP 200 cookies=['ak_bmsc', 'bm_sv']
2026-06-01 00:00:38,988 INFO e14.session: primed Akamai session (thread 123363263506112): HTTP 200 cookies=['ak_bmsc', 'bm_sv']
2026-06-01 00:00:39,151 INFO e14.session: primed Akamai session (thread 123366023362240): HTTP 200 cookies=['ak_bmsc', 'bm_sv']
2026-06-01 00:00:39,162 INFO e14.session: primed Akamai session (thread 123365981398720): HTTP 200 cookies=['ak_bmsc', 'bm_sv']
2026-06-01 00:00:40,126 INFO e14.session: primed Akamai session (thread 123363557086912): HTTP 200 cookies=['ak_bmsc', 'bm_sv']
2026-06-01 00:00:46,569 INFO e14.session: primed Akamai session (thread 123365570352832): HTTP 200 cookies=['ak_bmsc', 'bm_sv']
2026-06-01 00:00:48,319 INFO e14.session: primed Akamai session (thread 123364412749504): HTTP 200 cookies=['ak_bmsc', 'bm_sv']
2026-06-01 00:00:48,908 INFO e14.session: primed Akamai session (thread 123367122249408): HTTP 200 cookies=['ak_bmsc', 'bm_sv']
2026-06-01 00:00:50,095 INFO e14.session: primed Akamai session (thread 123366518269632): HTTP 200 cookies=['ak_bmsc', 'bm_sv']
2026-06-01 00:01:02,613 INFO e14.session: primed Akamai session (thread 123364991551168): HTTP 200 cookies=['ak_bmsc', 'bm_sv']
2026-06-01 00:01:14,683 INFO e14.session: primed Akamai session (thread 123364966373056): HTTP 200 cookies=['ak_bmsc', 'bm_sv']
2026-06-01 00:01:15,307 INFO e14.session: primed Akamai session (thread 123367130642112): HTTP 200 cookies=['ak_bmsc', 'bm_sv']
2026-06-01 00:01:19,332 INFO e14.session: primed Akamai session (thread 123364983158464): HTTP 200 cookies=['ak_bmsc', 'bm_sv']
2026-06-01 00:01:19,846 INFO e14.session: primed Akamai session (thread 123364974765760): HTTP 200 cookies=['ak_bmsc', 'bm_sv']
2026-06-01 00:01:21,798 INFO e14.session: primed Akamai session (thread 123367533274816): HTTP 200 cookies=['ak_bmsc', 'bm_sv']
2026-06-01 00:01:22,426 INFO e14.session: primed Akamai session (thread 123365612316352): HTTP 200 cookies=['ak_bmsc', 'bm_sv']
2026-06-01 00:01:24,647 INFO e14.session: primed Akamai session (thread 123363875878592): HTTP 200 cookies=['ak_bmsc', 'bm_sv']
2026-06-01 00:01:31,554 INFO e14.session: primed Akamai session (thread 123364999943872): HTTP 200 cookies=['ak_bmsc', 'bm_sv']
2026-06-01 00:01:40,320 INFO e14.session: primed Akamai session (thread 123365620709056): HTTP 200 cookies=['ak_bmsc', 'bm_sv']
2026-06-01 00:01:40,577 INFO e14.session: primed Akamai session (thread 123365595530944): HTTP 200 cookies=['ak_bmsc', 'bm_sv']
2026-06-01 00:01:42,151 INFO e14.session: primed Akamai session (thread 123367541667520): HTTP 200 cookies=['ak_bmsc', 'bm_sv']
2026-06-01 00:01:42,220 INFO e14.session: primed Akamai session (thread 123362332374720): HTTP 200 cookies=['ak_bmsc', 'bm_sv']
2026-06-01 00:01:42,292 INFO e14.session: primed Akamai session (thread 123366006576832): HTTP 200 cookies=['ak_bmsc', 'bm_sv']
2026-06-01 00:01:42,424 INFO e14.session: primed Akamai session (thread 123363263506112): HTTP 200 cookies=['ak_bmsc', 'bm_sv']
2026-06-01 00:01:42,779 INFO e14.session: primed Akamai session (thread 123365981398720): HTTP 200 cookies=['ak_bmsc', 'bm_sv']
2026-06-01 00:01:42,869 INFO e14.session: primed Akamai session (thread 123366535055040): HTTP 200 cookies=['ak_bmsc', 'bm_sv']
2026-06-01 00:01:42,895 INFO e14.session: primed Akamai session (thread 123363271898816): HTTP 200 cookies=['ak_bmsc', 'bm_sv']
2026-06-01 00:01:43,221 INFO e14.session: primed Akamai session (thread 123363825522368): HTTP 200 cookies=['ak_bmsc', 'bm_sv']
2026-06-01 00:01:43,361 INFO e14.session: primed Akamai session (thread 123367147427520): HTTP 200 cookies=['ak_bmsc', 'bm_sv']
2026-06-01 00:01:43,513 INFO e14.session: primed Akamai session (thread 123366023362240): HTTP 200 cookies=['ak_bmsc', 'bm_sv']
2026-06-01 00:01:43,584 INFO e14.session: primed Akamai session (thread 123365989791424): HTTP 200 cookies=['ak_bmsc', 'bm_sv']
2026-06-01 00:01:43,647 INFO e14.session: primed Akamai session (thread 123363221542592): HTTP 200 cookies=['ak_bmsc', 'bm_sv']
2026-06-01 00:01:43,857 INFO e14.session: primed Akamai session (thread 123366014969536): HTTP 200 cookies=['ak_bmsc', 'bm_sv']
2026-06-01 00:01:44,204 INFO e14.session: primed Akamai session (thread 123366509876928): HTTP 200 cookies=['ak_bmsc', 'bm_sv']
2026-06-01 00:01:44,206 INFO e14.session: primed Akamai session (thread 123366543447744): HTTP 200 cookies=['ak_bmsc', 'bm_sv']
2026-06-01 00:01:45,551 INFO e14.session: primed Akamai session (thread 123363557086912): HTTP 200 cookies=['ak_bmsc', 'bm_sv']
2026-06-01 00:01:46,449 INFO e14.session: primed Akamai session (thread 123367155820224): HTTP 200 cookies=['ak_bmsc', 'bm_sv']
2026-06-01 00:01:48,328 INFO e14.session: primed Akamai session (thread 123363859093184): HTTP 200 cookies=['ak_bmsc', 'bm_sv']
2026-06-01 00:01:48,541 INFO e14.session: primed Akamai session (thread 123364404356800): HTTP 200 cookies=['ak_bmsc', 'bm_sv']
2026-06-01 00:01:52,461 INFO e14.session: primed Akamai session (thread 123362315589312): HTTP 200 cookies=['ak_bmsc', 'bm_sv']
2026-06-01 00:01:52,490 INFO e14.session: primed Akamai session (thread 123366526662336): HTTP 200 cookies=['ak_bmsc', 'bm_sv']
2026-06-01 00:01:55,228 INFO e14.session: primed Akamai session (thread 123367122249408): HTTP 200 cookies=['ak_bmsc', 'bm_sv']
2026-06-01 00:02:02,803 INFO e14.session: primed Akamai session (thread 123364395964096): HTTP 200 cookies=['ak_bmsc', 'bm_sv']
2026-06-01 00:02:46,975 INFO e14.session: primed Akamai session (thread 123363573872320): HTTP 200 cookies=['ak_bmsc', 'bm_sv']
2026-06-01 00:02:47,597 INFO e14.session: primed Akamai session (thread 123362332374720): HTTP 200 cookies=['ak_bmsc', 'bm_sv']
2026-06-01 00:02:47,612 INFO e14.session: primed Akamai session (thread 123367541667520): HTTP 200 cookies=['ak_bmsc', 'bm_sv']
2026-06-01 00:02:49,236 INFO e14.session: primed Akamai session (thread 123367524882112): HTTP 200 cookies=['ak_bmsc', 'bm_sv']
2026-06-01 00:02:49,353 INFO e14.session: primed Akamai session (thread 123365981398720): HTTP 200 cookies=['ak_bmsc', 'bm_sv']
2026-06-01 00:02:49,627 INFO e14.session: primed Akamai session (thread 123363271898816): HTTP 200 cookies=['ak_bmsc', 'bm_sv']
2026-06-01 00:02:50,396 INFO e14.session: primed Akamai session (thread 123366543447744): HTTP 200 cookies=['ak_bmsc', 'bm_sv']
2026-06-01 00:02:50,549 INFO e14.session: primed Akamai session (thread 123366023362240): HTTP 200 cookies=['ak_bmsc', 'bm_sv']
2026-06-01 00:02:50,717 INFO e14.session: primed Akamai session (thread 123367113856704): HTTP 200 cookies=['ak_bmsc', 'bm_sv']
2026-06-01 00:02:51,708 INFO e14.session: primed Akamai session (thread 123365595530944): HTTP 200 cookies=['ak_bmsc', 'bm_sv']
2026-06-01 00:02:52,274 INFO e14.session: primed Akamai session (thread 123363557086912): HTTP 200 cookies=['ak_bmsc', 'bm_sv']
2026-06-01 00:02:54,609 INFO e14.session: primed Akamai session (thread 123364387571392): HTTP 200 cookies=['ak_bmsc', 'bm_sv']
2026-06-01 00:02:58,769 INFO e14.session: primed Akamai session (thread 123367533274816): HTTP 200 cookies=['ak_bmsc', 'bm_sv']
2026-06-01 00:03:00,797 INFO e14.session: primed Akamai session (thread 123367122249408): HTTP 200 cookies=['ak_bmsc', 'bm_sv']
2026-06-01 00:03:01,871 INFO e14.session: primed Akamai session (thread 123364362393280): HTTP 200 cookies=['ak_bmsc', 'bm_sv']
2026-06-01 00:03:02,911 INFO e14.session: primed Akamai session (thread 123366551840448): HTTP 200 cookies=['ak_bmsc', 'bm_sv']
2026-06-01 00:03:05,555 INFO e14.session: primed Akamai session (thread 123364370785984): HTTP 200 cookies=['ak_bmsc', 'bm_sv']
2026-06-01 00:03:08,070 INFO e14.session: primed Akamai session (thread 123367130642112): HTTP 200 cookies=['ak_bmsc', 'bm_sv']
2026-06-01 00:03:08,335 INFO e14.session: primed Akamai session (thread 123363850700480): HTTP 200 cookies=['ak_bmsc', 'bm_sv']
2026-06-01 00:03:15,737 INFO e14.session: primed Akamai session (thread 123366560233152): HTTP 200 cookies=['ak_bmsc', 'bm_sv']
2026-06-01 00:03:16,026 INFO e14.session: primed Akamai session (thread 123364966373056): HTTP 200 cookies=['ak_bmsc', 'bm_sv']
2026-06-01 00:03:16,419 INFO e14.session: primed Akamai session (thread 123365578745536): HTTP 200 cookies=['ak_bmsc', 'bm_sv']
2026-06-01 00:03:18,552 INFO e14.session: primed Akamai session (thread 123364404356800): HTTP 200 cookies=['ak_bmsc', 'bm_sv']
2026-06-01 00:03:33,352 INFO e14.session: primed Akamai session (thread 123363825522368): HTTP 200 cookies=['ak_bmsc', 'bm_sv']
2026-06-01 00:03:43,809 INFO e14.session: primed Akamai session (thread 123364983158464): HTTP 200 cookies=['ak_bmsc', 'bm_sv']
2026-06-01 00:03:50,760 INFO e14.session: primed Akamai session (thread 123363573872320): HTTP 200 cookies=['ak_bmsc', 'bm_sv']
2026-06-01 00:03:52,194 INFO e14.session: primed Akamai session (thread 123365989791424): HTTP 200 cookies=['ak_bmsc', 'bm_sv']
2026-06-01 00:03:52,598 INFO e14.session: primed Akamai session (thread 123367524882112): HTTP 200 cookies=['ak_bmsc', 'bm_sv']
2026-06-01 00:03:54,770 INFO e14.session: primed Akamai session (thread 123367113856704): HTTP 200 cookies=['ak_bmsc', 'bm_sv']
2026-06-01 00:03:58,550 INFO e14.session: primed Akamai session (thread 123364387571392): HTTP 200 cookies=['ak_bmsc', 'bm_sv']
2026-06-01 00:03:58,935 INFO e14.session: primed Akamai session (thread 123365981398720): HTTP 200 cookies=['ak_bmsc', 'bm_sv']
2026-06-01 00:03:59,069 INFO e14.session: primed Akamai session (thread 123365595530944): HTTP 200 cookies=['ak_bmsc', 'bm_sv']
2026-06-01 00:04:00,801 INFO e14.session: primed Akamai session (thread 123366543447744): HTTP 200 cookies=['ak_bmsc', 'bm_sv']
2026-06-01 00:04:01,805 INFO e14.session: primed Akamai session (thread 123363557086912): HTTP 200 cookies=['ak_bmsc', 'bm_sv']
2026-06-01 00:04:03,572 INFO e14.session: primed Akamai session (thread 123367533274816): HTTP 200 cookies=['ak_bmsc', 'bm_sv']
2026-06-01 00:04:04,315 INFO e14.session: primed Akamai session (thread 123363859093184): HTTP 200 cookies=['ak_bmsc', 'bm_sv']
2026-06-01 00:04:06,408 INFO e14.session: primed Akamai session (thread 123364362393280): HTTP 200 cookies=['ak_bmsc', 'bm_sv']
2026-06-01 00:04:07,705 INFO e14.session: primed Akamai session (thread 123366551840448): HTTP 200 cookies=['ak_bmsc', 'bm_sv']
2026-06-01 00:04:11,305 INFO e14.session: primed Akamai session (thread 123367130642112): HTTP 200 cookies=['ak_bmsc', 'bm_sv']
2026-06-01 00:04:11,615 INFO e14.session: primed Akamai session (thread 123367122249408): HTTP 200 cookies=['ak_bmsc', 'bm_sv']
2026-06-01 00:04:11,955 INFO e14.session: primed Akamai session (thread 123363850700480): HTTP 200 cookies=['ak_bmsc', 'bm_sv']
2026-06-01 00:04:17,858 INFO e14.session: primed Akamai session (thread 123364395964096): HTTP 200 cookies=['ak_bmsc', 'bm_sv']
2026-06-01 00:04:26,227 INFO e14.session: primed Akamai session (thread 123366509876928): HTTP 200 cookies=['ak_bmsc', 'bm_sv']
2026-06-01 00:04:55,544 INFO e14.session: primed Akamai session (thread 123365989791424): HTTP 200 cookies=['ak_bmsc', 'bm_sv']
2026-06-01 00:04:58,478 INFO e14.session: primed Akamai session (thread 123367524882112): HTTP 200 cookies=['ak_bmsc', 'bm_sv']
2026-06-01 00:05:07,987 INFO e14.session: primed Akamai session (thread 123363859093184): HTTP 200 cookies=['ak_bmsc', 'bm_sv']
2026-06-01 00:05:08,398 INFO e14.session: primed Akamai session (thread 123365595530944): HTTP 200 cookies=['ak_bmsc', 'bm_sv']
2026-06-01 00:05:22,891 INFO e14.session: primed Akamai session (thread 123366551840448): HTTP 200 cookies=['ak_bmsc', 'bm_sv']
2026-06-01 00:05:23,174 INFO e14.session: primed Akamai session (thread 123364395964096): HTTP 200 cookies=['ak_bmsc', 'bm_sv']
2026-06-01 00:05:23,372 INFO e14.session: primed Akamai session (thread 123362315589312): HTTP 200 cookies=['ak_bmsc', 'bm_sv']
2026-06-01 00:05:29,110 INFO e14.session: primed Akamai session (thread 123366509876928): HTTP 200 cookies=['ak_bmsc', 'bm_sv']
2026-06-01 00:05:29,293 INFO e14.session: primed Akamai session (thread 123367122249408): HTTP 200 cookies=['ak_bmsc', 'bm_sv']
2026-06-01 00:05:31,073 INFO e14.session: primed Akamai session (thread 123364412749504): HTTP 200 cookies=['ak_bmsc', 'bm_sv']
2026-06-01 00:07:10,820 INFO e14.download: download: 120872 to fetch, 0 already done/skipped (variant=delegados)
2026-06-01 00:07:11,005 INFO e14.session: primed Akamai session (thread 128941806235776): HTTP 200 cookies=['ak_bmsc']
2026-06-01 00:07:11,277 INFO e14.session: primed Akamai session (thread 128941646083776): HTTP 200 cookies=['ak_bmsc']
2026-06-01 00:07:11,281 INFO e14.session: primed Akamai session (thread 128941410997952): HTTP 200 cookies=['ak_bmsc']
2026-06-01 00:07:11,285 INFO e14.session: primed Akamai session (thread 128940807018176): HTTP 200 cookies=['ak_bmsc']
2026-06-01 00:07:11,303 INFO e14.session: primed Akamai session (thread 128941419390656): HTTP 200 cookies=['ak_bmsc']
2026-06-01 00:07:11,325 INFO e14.session: primed Akamai session (thread 128940790232768): HTTP 200 cookies=['ak_bmsc']
2026-06-01 00:07:11,363 INFO e14.session: primed Akamai session (thread 128941377427136): HTTP 200 cookies=['ak_bmsc']
2026-06-01 00:07:11,364 INFO e14.session: primed Akamai session (thread 128941394212544): HTTP 200 cookies=['ak_bmsc']
2026-06-01 00:07:11,390 INFO e14.session: primed Akamai session (thread 128940798625472): HTTP 200 cookies=['ak_bmsc']
2026-06-01 00:07:11,396 INFO e14.session: primed Akamai session (thread 128940781840064): HTTP 200 cookies=['ak_bmsc']
2026-06-01 00:07:11,397 INFO e14.session: primed Akamai session (thread 128941402605248): HTTP 200 cookies=['ak_bmsc']
2026-06-01 00:07:11,414 INFO e14.session: primed Akamai session (thread 128940286932672): HTTP 200 cookies=['ak_bmsc']
2026-06-01 00:07:11,419 INFO e14.session: primed Akamai session (thread 128941637691072): HTTP 200 cookies=['ak_bmsc']
2026-06-01 00:07:11,423 INFO e14.session: primed Akamai session (thread 128941385819840): HTTP 200 cookies=['ak_bmsc']
2026-06-01 00:07:11,426 INFO e14.session: primed Akamai session (thread 128940278539968): HTTP 200 cookies=['ak_bmsc']
2026-06-01 00:07:11,443 INFO e14.session: primed Akamai session (thread 128940773447360): HTTP 200 cookies=['ak_bmsc']
2026-06-01 00:07:11,446 INFO e14.session: primed Akamai session (thread 128940244969152): HTTP 200 cookies=['ak_bmsc']
2026-06-01 00:07:11,455 INFO e14.session: primed Akamai session (thread 128940823803584): HTTP 200 cookies=['ak_bmsc']
2026-06-01 00:07:11,462 INFO e14.session: primed Akamai session (thread 128940261754560): HTTP 200 cookies=['ak_bmsc']
2026-06-01 00:07:11,466 INFO e14.session: primed Akamai session (thread 128941654476480): HTTP 200 cookies=['ak_bmsc']
2026-06-01 00:07:11,469 INFO e14.session: primed Akamai session (thread 128940815410880): HTTP 200 cookies=['ak_bmsc']
2026-06-01 00:07:11,478 INFO e14.session: primed Akamai session (thread 128940236576448): HTTP 200 cookies=['ak_bmsc']
2026-06-01 00:07:11,479 INFO e14.session: primed Akamai session (thread 128941427783360): HTTP 200 cookies=['ak_bmsc']
2026-06-01 00:07:11,484 INFO e14.session: primed Akamai session (thread 128938785359552): HTTP 200 cookies=['ak_bmsc']
2026-06-01 00:07:11,485 INFO e14.session: primed Akamai session (thread 128939733276352): HTTP 200 cookies=['ak_bmsc']
2026-06-01 00:07:11,495 INFO e14.session: primed Akamai session (thread 128939716490944): HTTP 200 cookies=['ak_bmsc']
2026-06-01 00:07:11,496 INFO e14.session: primed Akamai session (thread 128939179620032): HTTP 200 cookies=['ak_bmsc']
2026-06-01 00:07:11,517 INFO e14.session: primed Akamai session (thread 128938793752256): HTTP 200 cookies=['ak_bmsc']
2026-06-01 00:07:11,522 INFO e14.session: primed Akamai session (thread 128939162834624): HTTP 200 cookies=['ak_bmsc']
2026-06-01 00:07:11,524 INFO e14.session: primed Akamai session (thread 128940270147264): HTTP 200 cookies=['ak_bmsc']
2026-06-01 00:07:11,527 INFO e14.session: primed Akamai session (thread 128939213190848): HTTP 200 cookies=['ak_bmsc']
2026-06-01 00:07:11,532 INFO e14.session: primed Akamai session (thread 128939741669056): HTTP 200 cookies=['ak_bmsc']
2026-06-01 00:07:11,532 INFO e14.session: primed Akamai session (thread 128939724883648): HTTP 200 cookies=['ak_bmsc']
2026-06-01 00:07:11,534 INFO e14.session: primed Akamai session (thread 128940253361856): HTTP 200 cookies=['ak_bmsc']
2026-06-01 00:07:11,534 INFO e14.session: primed Akamai session (thread 128938525316800): HTTP 200 cookies=['ak_bmsc']
2026-06-01 00:07:11,539 INFO e14.session: primed Akamai session (thread 128939171227328): HTTP 200 cookies=['ak_bmsc']
2026-06-01 00:07:11,539 INFO e14.session: primed Akamai session (thread 128939699705536): HTTP 200 cookies=['ak_bmsc']
2026-06-01 00:07:11,542 INFO e14.session: primed Akamai session (thread 128938810537664): HTTP 200 cookies=['ak_bmsc']
2026-06-01 00:07:11,549 INFO e14.session: primed Akamai session (thread 128939750061760): HTTP 200 cookies=['ak_bmsc']
2026-06-01 00:07:11,564 INFO e14.session: primed Akamai session (thread 128938533709504): HTTP 200 cookies=['ak_bmsc']
2026-06-01 00:07:11,566 INFO e14.session: primed Akamai session (thread 128939708098240): HTTP 200 cookies=['ak_bmsc']
2026-06-01 00:07:11,571 INFO e14.session: primed Akamai session (thread 128938776966848): HTTP 200 cookies=['ak_bmsc']
2026-06-01 00:07:11,573 INFO e14.session: primed Akamai session (thread 128939204798144): HTTP 200 cookies=['ak_bmsc']
2026-06-01 00:07:11,579 INFO e14.session: primed Akamai session (thread 128939188012736): HTTP 200 cookies=['ak_bmsc']
2026-06-01 00:07:11,580 INFO e14.session: primed Akamai session (thread 128938802144960): HTTP 200 cookies=['ak_bmsc']
2026-06-01 00:07:11,585 INFO e14.session: primed Akamai session (thread 128938760181440): HTTP 200 cookies=['ak_bmsc']
2026-06-01 00:07:11,589 INFO e14.session: primed Akamai session (thread 128938516924096): HTTP 200 cookies=['ak_bmsc']
2026-06-01 00:07:11,602 INFO e14.session: primed Akamai session (thread 128938491745984): HTTP 200 cookies=['ak_bmsc']
2026-06-01 00:07:11,610 INFO e14.session: primed Akamai session (thread 128937988445888): HTTP 200 cookies=['ak_bmsc']
2026-06-01 00:07:11,616 INFO e14.session: primed Akamai session (thread 128937996838592): HTTP 200 cookies=['ak_bmsc']
2026-06-01 00:07:11,628 INFO e14.session: primed Akamai session (thread 128938768574144): HTTP 200 cookies=['ak_bmsc']
2026-06-01 00:07:11,638 INFO e14.session: primed Akamai session (thread 128937980053184): HTTP 200 cookies=['ak_bmsc']
2026-06-01 00:07:11,639 INFO e14.session: primed Akamai session (thread 128938005231296): HTTP 200 cookies=['ak_bmsc']
2026-06-01 00:07:11,640 INFO e14.session: primed Akamai session (thread 128939196405440): HTTP 200 cookies=['ak_bmsc']
2026-06-01 00:07:11,641 INFO e14.session: primed Akamai session (thread 128938500138688): HTTP 200 cookies=['ak_bmsc']
2026-06-01 00:07:11,647 INFO e14.session: primed Akamai session (thread 128938542102208): HTTP 200 cookies=['ak_bmsc']
2026-06-01 00:07:11,670 INFO e14.session: primed Akamai session (thread 128937971660480): HTTP 200 cookies=['ak_bmsc']
2026-06-01 00:07:11,681 INFO e14.session: primed Akamai session (thread 128938508531392): HTTP 200 cookies=['ak_bmsc']
2026-06-01 00:07:11,707 INFO e14.session: primed Akamai session (thread 128937954875072): HTTP 200 cookies=['ak_bmsc']
2026-06-01 00:07:11,713 INFO e14.session: primed Akamai session (thread 128937963267776): HTTP 200 cookies=['ak_bmsc']
2026-06-01 00:07:11,750 INFO e14.session: primed Akamai session (thread 128937065707200): HTTP 200 cookies=['ak_bmsc']
2026-06-01 00:07:11,765 INFO e14.session: primed Akamai session (thread 128937048921792): HTTP 200 cookies=['ak_bmsc']
2026-06-01 00:07:11,825 INFO e14.session: primed Akamai session (thread 128937015350976): HTTP 200 cookies=['ak_bmsc']
2026-06-01 00:07:11,842 INFO e14.session: primed Akamai session (thread 128937057314496): HTTP 200 cookies=['ak_bmsc']
2026-06-01 00:07:11,847 INFO e14.session: primed Akamai session (thread 128937032136384): HTTP 200 cookies=['ak_bmsc']
2026-06-01 00:07:11,874 INFO e14.session: primed Akamai session (thread 128937040529088): HTTP 200 cookies=['ak_bmsc']
2026-06-01 00:07:11,887 INFO e14.session: primed Akamai session (thread 128937023743680): HTTP 200 cookies=['ak_bmsc']
2026-06-01 00:07:11,932 INFO e14.session: primed Akamai session (thread 128936520443584): HTTP 200 cookies=['ak_bmsc']
2026-06-01 00:07:11,945 INFO e14.session: primed Akamai session (thread 128936486872768): HTTP 200 cookies=['ak_bmsc']
2026-06-01 00:07:11,953 INFO e14.session: primed Akamai session (thread 128936503658176): HTTP 200 cookies=['ak_bmsc']
2026-06-01 00:07:11,954 INFO e14.session: primed Akamai session (thread 128936495265472): HTTP 200 cookies=['ak_bmsc']
2026-06-01 00:07:11,970 INFO e14.session: primed Akamai session (thread 128935975179968): HTTP 200 cookies=['ak_bmsc']
2026-06-01 00:07:12,039 INFO e14.session: primed Akamai session (thread 128936512050880): HTTP 200 cookies=['ak_bmsc']
2026-06-01 00:07:12,103 INFO e14.session: primed Akamai session (thread 128936478480064): HTTP 200 cookies=['ak_bmsc']
2026-06-01 00:07:12,105 INFO e14.session: primed Akamai session (thread 128935941609152): HTTP 200 cookies=['ak_bmsc']
2026-06-01 00:07:12,112 INFO e14.session: primed Akamai session (thread 128935429916352): HTTP 200 cookies=['ak_bmsc']
2026-06-01 00:07:12,113 INFO e14.session: primed Akamai session (thread 128935404738240): HTTP 200 cookies=['ak_bmsc']
2026-06-01 00:07:12,117 INFO e14.session: primed Akamai session (thread 128935958394560): HTTP 200 cookies=['ak_bmsc']
2026-06-01 00:07:12,140 INFO e14.session: primed Akamai session (thread 128935950001856): HTTP 200 cookies=['ak_bmsc']
2026-06-01 00:07:12,150 INFO e14.session: primed Akamai session (thread 128935991965376): HTTP 200 cookies=['ak_bmsc']
2026-06-01 00:07:12,163 INFO e14.session: primed Akamai session (thread 128935966787264): HTTP 200 cookies=['ak_bmsc']
2026-06-01 00:07:12,173 INFO e14.session: primed Akamai session (thread 128935446701760): HTTP 200 cookies=['ak_bmsc']
2026-06-01 00:07:12,188 INFO e14.session: primed Akamai session (thread 128935983572672): HTTP 200 cookies=['ak_bmsc']
2026-06-01 00:07:12,234 INFO e14.session: primed Akamai session (thread 128935421523648): HTTP 200 cookies=['ak_bmsc']
2026-06-01 00:07:12,236 INFO e14.session: primed Akamai session (thread 128934918223552): HTTP 200 cookies=['ak_bmsc']
2026-06-01 00:07:12,238 INFO e14.session: primed Akamai session (thread 128935455094464): HTTP 200 cookies=['ak_bmsc']
2026-06-01 00:07:12,253 INFO e14.session: primed Akamai session (thread 128935413130944): HTTP 200 cookies=['ak_bmsc']
2026-06-01 00:07:12,272 INFO e14.session: primed Akamai session (thread 128935438309056): HTTP 200 cookies=['ak_bmsc']
2026-06-01 00:07:12,291 INFO e14.session: primed Akamai session (thread 128934893045440): HTTP 200 cookies=['ak_bmsc']
2026-06-01 00:07:12,312 INFO e14.session: primed Akamai session (thread 128934909830848): HTTP 200 cookies=['ak_bmsc']
2026-06-01 00:07:12,383 INFO e14.session: primed Akamai session (thread 128934901438144): HTTP 200 cookies=['ak_bmsc']
2026-06-01 00:07:12,425 INFO e14.session: primed Akamai session (thread 128934876260032): HTTP 200 cookies=['ak_bmsc']
2026-06-01 00:07:12,448 INFO e14.session: primed Akamai session (thread 128934381352640): HTTP 200 cookies=['ak_bmsc']
2026-06-01 00:07:12,572 INFO e14.session: primed Akamai session (thread 128934372959936): HTTP 200 cookies=['ak_bmsc']
2026-06-01 00:07:12,602 INFO e14.session: primed Akamai session (thread 128934884652736): HTTP 200 cookies=['ak_bmsc']
2026-06-01 00:07:12,604 INFO e14.session: primed Akamai session (thread 128934867867328): HTTP 200 cookies=['ak_bmsc']
2026-06-01 00:07:13,118 INFO e14.session: primed Akamai session (thread 128934364567232): HTTP 200 cookies=['ak_bmsc']
2026-06-01 00:07:13,514 INFO e14.session: primed Akamai session (thread 128934356174528): HTTP 200 cookies=['ak_bmsc']
2026-06-01 00:07:13,552 INFO e14.session: primed Akamai session (thread 128934179927744): HTTP 200 cookies=['ak_bmsc']
2026-06-01 00:07:13,586 INFO e14.session: primed Akamai session (thread 128934137964224): HTTP 200 cookies=['ak_bmsc']
2026-06-01 00:07:13,704 INFO e14.session: primed Akamai session (thread 128934045644480): HTTP 200 cookies=['ak_bmsc']
2026-06-01 00:07:13,757 INFO e14.session: primed Akamai session (thread 128934314211008): HTTP 200 cookies=['ak_bmsc']
2026-06-01 00:07:13,793 INFO e14.session: primed Akamai session (thread 128934163142336): HTTP 200 cookies=['ak_bmsc']
2026-06-01 00:07:13,852 INFO e14.session: primed Akamai session (thread 128933970110144): HTTP 200 cookies=['ak_bmsc']
2026-06-01 00:07:13,865 INFO e14.session: primed Akamai session (thread 128934347781824): HTTP 200 cookies=['ak_bmsc']
2026-06-01 00:07:13,873 INFO e14.session: primed Akamai session (thread 128934213498560): HTTP 200 cookies=['ak_bmsc']
2026-06-01 00:07:13,906 INFO e14.session: primed Akamai session (thread 128936528836288): HTTP 200 cookies=['ak_bmsc']
2026-06-01 00:07:13,911 INFO e14.session: primed Akamai session (thread 128934339389120): HTTP 200 cookies=['ak_bmsc']
2026-06-01 00:07:13,937 INFO e14.session: primed Akamai session (thread 128934238676672): HTTP 200 cookies=['ak_bmsc']
2026-06-01 00:07:13,938 INFO e14.session: primed Akamai session (thread 128934221891264): HTTP 200 cookies=['ak_bmsc']
2026-06-01 00:07:13,960 INFO e14.session: primed Akamai session (thread 128933877790400): HTTP 200 cookies=['ak_bmsc']
2026-06-01 00:07:13,965 INFO e14.session: primed Akamai session (thread 128933936539328): HTTP 200 cookies=['ak_bmsc']
2026-06-01 00:07:14,128 INFO e14.session: primed Akamai session (thread 128933919753920): HTTP 200 cookies=['ak_bmsc']
2026-06-01 00:07:14,160 INFO e14.session: primed Akamai session (thread 128934112786112): HTTP 200 cookies=['ak_bmsc']
2026-06-01 00:07:14,214 INFO e14.session: primed Akamai session (thread 128934196713152): HTTP 200 cookies=['ak_bmsc']
2026-06-01 00:07:14,230 INFO e14.session: primed Akamai session (thread 128933835826880): HTTP 200 cookies=['ak_bmsc']
2026-06-01 00:07:14,232 INFO e14.session: primed Akamai session (thread 128934079215296): HTTP 200 cookies=['ak_bmsc']
2026-06-01 00:07:14,243 INFO e14.session: primed Akamai session (thread 128933894575808): HTTP 200 cookies=['ak_bmsc']
2026-06-01 00:07:14,265 INFO e14.session: primed Akamai session (thread 128933995288256): HTTP 200 cookies=['ak_bmsc']
2026-06-01 00:07:14,289 INFO e14.session: primed Akamai session (thread 128934104393408): HTTP 200 cookies=['ak_bmsc']
2026-06-01 00:07:14,297 INFO e14.session: primed Akamai session (thread 128934247069376): HTTP 200 cookies=['ak_bmsc']
2026-06-01 00:07:14,317 INFO e14.session: primed Akamai session (thread 128933911361216): HTTP 200 cookies=['ak_bmsc']
2026-06-01 00:07:14,319 INFO e14.session: primed Akamai session (thread 128934054037184): HTTP 200 cookies=['ak_bmsc']
2026-06-01 00:07:14,329 INFO e14.session: primed Akamai session (thread 128934263854784): HTTP 200 cookies=['ak_bmsc']
2026-06-01 00:07:14,332 INFO e14.session: primed Akamai session (thread 128934070822592): HTTP 200 cookies=['ak_bmsc']
2026-06-01 00:07:14,346 INFO e14.session: primed Akamai session (thread 128934305818304): HTTP 200 cookies=['ak_bmsc']
2026-06-01 00:07:14,377 INFO e14.session: primed Akamai session (thread 128934297425600): HTTP 200 cookies=['ak_bmsc']
2026-06-01 00:07:14,378 INFO e14.session: primed Akamai session (thread 128933844219584): HTTP 200 cookies=['ak_bmsc']
2026-06-01 00:07:14,382 INFO e14.session: primed Akamai session (thread 128933928146624): HTTP 200 cookies=['ak_bmsc']
2026-06-01 00:07:14,384 INFO e14.session: primed Akamai session (thread 128934154749632): HTTP 200 cookies=['ak_bmsc']
2026-06-01 00:07:14,388 INFO e14.session: primed Akamai session (thread 128934322603712): HTTP 200 cookies=['ak_bmsc']
2026-06-01 00:07:14,410 INFO e14.session: primed Akamai session (thread 128933902968512): HTTP 200 cookies=['ak_bmsc']
2026-06-01 00:07:14,451 INFO e14.session: primed Akamai session (thread 128934272247488): HTTP 200 cookies=['ak_bmsc']
2026-06-01 00:07:14,452 INFO e14.session: primed Akamai session (thread 128933944932032): HTTP 200 cookies=['ak_bmsc']
2026-06-01 00:07:14,462 INFO e14.session: primed Akamai session (thread 128934289032896): HTTP 200 cookies=['ak_bmsc']
2026-06-01 00:07:14,474 INFO e14.session: primed Akamai session (thread 128933961717440): HTTP 200 cookies=['ak_bmsc']
2026-06-01 00:07:14,534 INFO e14.session: primed Akamai session (thread 128934330996416): HTTP 200 cookies=['ak_bmsc']
2026-06-01 00:07:14,546 INFO e14.session: primed Akamai session (thread 128934037251776): HTTP 200 cookies=['ak_bmsc']
2026-06-01 00:07:14,582 INFO e14.session: primed Akamai session (thread 128934003680960): HTTP 200 cookies=['ak_bmsc']
2026-06-01 00:07:14,605 INFO e14.session: primed Akamai session (thread 128934255462080): HTTP 200 cookies=['ak_bmsc']
2026-06-01 00:07:14,611 INFO e14.session: primed Akamai session (thread 128934280640192): HTTP 200 cookies=['ak_bmsc']
2026-06-01 00:07:14,647 INFO e14.session: primed Akamai session (thread 128934096000704): HTTP 200 cookies=['ak_bmsc']
2026-06-01 00:07:14,665 INFO e14.session: primed Akamai session (thread 128933986895552): HTTP 200 cookies=['ak_bmsc']
2026-06-01 00:07:14,733 INFO e14.session: primed Akamai session (thread 128933861004992): HTTP 200 cookies=['ak_bmsc']
2026-06-01 00:07:14,734 INFO e14.session: primed Akamai session (thread 128934146356928): HTTP 200 cookies=['ak_bmsc']
2026-06-01 00:07:14,740 INFO e14.session: primed Akamai session (thread 128934028859072): HTTP 200 cookies=['ak_bmsc']
2026-06-01 00:07:14,765 INFO e14.session: primed Akamai session (thread 128934087608000): HTTP 200 cookies=['ak_bmsc']
2026-06-01 00:07:14,799 INFO e14.session: primed Akamai session (thread 128933886183104): HTTP 200 cookies=['ak_bmsc']
2026-06-01 00:07:14,802 INFO e14.session: primed Akamai session (thread 128934230283968): HTTP 200 cookies=['ak_bmsc']
2026-06-01 00:07:14,802 INFO e14.session: primed Akamai session (thread 128934020466368): HTTP 200 cookies=['ak_bmsc']
2026-06-01 00:07:14,817 INFO e14.session: primed Akamai session (thread 128933869397696): HTTP 200 cookies=['ak_bmsc']
2026-06-01 00:07:14,822 INFO e14.session: primed Akamai session (thread 128933978502848): HTTP 200 cookies=['ak_bmsc']
2026-06-01 00:07:14,827 INFO e14.session: primed Akamai session (thread 128934129571520): HTTP 200 cookies=['ak_bmsc']
2026-06-01 00:07:14,869 INFO e14.session: primed Akamai session (thread 128934121178816): HTTP 200 cookies=['ak_bmsc']
2026-06-01 00:07:14,873 INFO e14.session: primed Akamai session (thread 128933953324736): HTTP 200 cookies=['ak_bmsc']
2026-06-01 00:07:14,879 INFO e14.session: primed Akamai session (thread 128934205105856): HTTP 200 cookies=['ak_bmsc']
2026-06-01 00:07:14,942 INFO e14.session: primed Akamai session (thread 128934171535040): HTTP 200 cookies=['ak_bmsc']
2026-06-01 00:07:15,017 INFO e14.session: primed Akamai session (thread 128933852612288): HTTP 200 cookies=['ak_bmsc']
2026-06-01 00:07:15,036 INFO e14.session: primed Akamai session (thread 128934012073664): HTTP 200 cookies=['ak_bmsc']
2026-06-01 00:07:16,181 INFO e14.session: primed Akamai session (thread 128934062429888): HTTP 200 cookies=['ak_bmsc']
2026-06-01 00:07:19,490 INFO e14.session: primed Akamai session (thread 128934188320448): HTTP 200 cookies=['ak_bmsc']
2026-06-01 00:08:13,367 INFO e14.session: primed Akamai session (thread 128937988445888): HTTP 200 cookies=['ak_bmsc', 'bm_sv']
2026-06-01 00:08:14,015 INFO e14.session: primed Akamai session (thread 128940286932672): HTTP 200 cookies=['ak_bmsc', 'bm_sv']
2026-06-01 00:08:14,436 INFO e14.session: primed Akamai session (thread 128937057314496): HTTP 200 cookies=['ak_bmsc', 'bm_sv']
2026-06-01 00:08:14,668 INFO e14.session: primed Akamai session (thread 128937065707200): HTTP 200 cookies=['ak_bmsc', 'bm_sv']
2026-06-01 00:08:14,711 INFO e14.session: primed Akamai session (thread 128938500138688): HTTP 200 cookies=['ak_bmsc', 'bm_sv']
2026-06-01 00:08:14,716 INFO e14.session: primed Akamai session (thread 128940807018176): HTTP 200 cookies=['ak_bmsc', 'bm_sv']
2026-06-01 00:08:14,805 INFO e14.session: primed Akamai session (thread 128937023743680): HTTP 200 cookies=['ak_bmsc', 'bm_sv']
2026-06-01 00:08:15,432 INFO e14.session: primed Akamai session (thread 128937032136384): HTTP 200 cookies=['ak_bmsc', 'bm_sv']
2026-06-01 00:08:16,073 INFO e14.session: primed Akamai session (thread 128941410997952): HTTP 200 cookies=['ak_bmsc', 'bm_sv']
2026-06-01 00:08:16,732 INFO e14.session: primed Akamai session (thread 128934305818304): HTTP 200 cookies=['ak_bmsc', 'bm_sv']
2026-06-01 00:08:16,828 INFO e14.session: primed Akamai session (thread 128940823803584): HTTP 200 cookies=['ak_bmsc', 'bm_sv']
2026-06-01 00:08:17,236 INFO e14.session: primed Akamai session (thread 128937971660480): HTTP 200 cookies=['ak_bmsc', 'bm_sv']
2026-06-01 00:08:17,297 INFO e14.session: primed Akamai session (thread 128936520443584): HTTP 200 cookies=['ak_bmsc', 'bm_sv']
2026-06-01 00:08:17,331 INFO e14.session: primed Akamai session (thread 128939741669056): HTTP 200 cookies=['ak_bmsc', 'bm_sv']
2026-06-01 00:08:17,889 INFO e14.session: primed Akamai session (thread 128939188012736): HTTP 200 cookies=['ak_bmsc', 'bm_sv']
2026-06-01 00:08:18,870 INFO e14.session: primed Akamai session (thread 128940278539968): HTTP 200 cookies=['ak_bmsc', 'bm_sv']
2026-06-01 00:08:20,356 INFO e14.session: primed Akamai session (thread 128934339389120): HTTP 200 cookies=['ak_bmsc', 'bm_sv']
2026-06-01 00:08:22,662 INFO e14.session: primed Akamai session (thread 128939204798144): HTTP 200 cookies=['ak_bmsc', 'bm_sv']
2026-06-01 00:08:23,686 INFO e14.session: primed Akamai session (thread 128934221891264): HTTP 200 cookies=['ak_bmsc', 'bm_sv']
2026-06-01 00:08:24,129 INFO e14.session: primed Akamai session (thread 128939171227328): HTTP 200 cookies=['ak_bmsc', 'bm_sv']
2026-06-01 00:08:24,743 INFO e14.session: primed Akamai session (thread 128941419390656): HTTP 200 cookies=['ak_bmsc', 'bm_sv']
2026-06-01 00:08:25,972 INFO e14.session: primed Akamai session (thread 128940798625472): HTTP 200 cookies=['ak_bmsc', 'bm_sv']
2026-06-01 00:08:27,292 INFO e14.session: primed Akamai session (thread 128934205105856): HTTP 200 cookies=['ak_bmsc', 'bm_sv']
2026-06-01 00:08:27,295 INFO e14.session: primed Akamai session (thread 128936478480064): HTTP 200 cookies=['ak_bmsc', 'bm_sv']
2026-06-01 00:08:27,891 INFO e14.session: primed Akamai session (thread 128941377427136): HTTP 200 cookies=['ak_bmsc', 'bm_sv']
2026-06-01 00:08:28,634 INFO e14.session: primed Akamai session (thread 128933961717440): HTTP 200 cookies=['ak_bmsc', 'bm_sv']
2026-06-01 00:08:28,732 INFO e14.session: primed Akamai session (thread 128933953324736): HTTP 200 cookies=['ak_bmsc', 'bm_sv']
2026-06-01 00:08:31,264 INFO e14.session: primed Akamai session (thread 128934070822592): HTTP 200 cookies=['ak_bmsc', 'bm_sv']
2026-06-01 00:08:32,226 INFO e14.session: primed Akamai session (thread 128935991965376): HTTP 200 cookies=['ak_bmsc', 'bm_sv']
2026-06-01 00:08:32,636 INFO e14.session: primed Akamai session (thread 128938785359552): HTTP 200 cookies=['ak_bmsc', 'bm_sv']
2026-06-01 00:08:34,665 INFO e14.session: primed Akamai session (thread 128933978502848): HTTP 200 cookies=['ak_bmsc', 'bm_sv']
2026-06-01 00:08:34,742 INFO e14.session: primed Akamai session (thread 128934918223552): HTTP 200 cookies=['ak_bmsc', 'bm_sv']
2026-06-01 00:08:35,490 INFO e14.session: primed Akamai session (thread 128934079215296): HTTP 200 cookies=['ak_bmsc', 'bm_sv']
2026-06-01 00:08:35,605 INFO e14.session: primed Akamai session (thread 128935429916352): HTTP 200 cookies=['ak_bmsc', 'bm_sv']
2026-06-01 00:08:35,785 INFO e14.session: primed Akamai session (thread 128938516924096): HTTP 200 cookies=['ak_bmsc', 'bm_sv']
2026-06-01 00:08:35,848 INFO e14.session: primed Akamai session (thread 128935950001856): HTTP 200 cookies=['ak_bmsc', 'bm_sv']
2026-06-01 00:08:36,371 INFO e14.session: primed Akamai session (thread 128933894575808): HTTP 200 cookies=['ak_bmsc', 'bm_sv']
2026-06-01 00:08:38,591 INFO e14.session: primed Akamai session (thread 128940773447360): HTTP 200 cookies=['ak_bmsc', 'bm_sv']
2026-06-01 00:08:39,226 INFO e14.session: primed Akamai session (thread 128936512050880): HTTP 200 cookies=['ak_bmsc', 'bm_sv']
2026-06-01 00:08:44,779 INFO e14.session: primed Akamai session (thread 128933944932032): HTTP 200 cookies=['ak_bmsc', 'bm_sv']
2026-06-01 00:08:44,913 INFO e14.session: primed Akamai session (thread 128938525316800): HTTP 200 cookies=['ak_bmsc', 'bm_sv']
2026-06-01 00:08:45,981 INFO e14.session: primed Akamai session (thread 128935455094464): HTTP 200 cookies=['ak_bmsc', 'bm_sv']
2026-06-01 00:08:46,458 INFO e14.session: primed Akamai session (thread 128934045644480): HTTP 200 cookies=['ak_bmsc', 'bm_sv']
2026-06-01 00:08:46,990 INFO e14.session: primed Akamai session (thread 128934893045440): HTTP 200 cookies=['ak_bmsc', 'bm_sv']
2026-06-01 00:08:47,250 INFO e14.session: primed Akamai session (thread 128939724883648): HTTP 200 cookies=['ak_bmsc', 'bm_sv']
2026-06-01 00:08:47,345 INFO e14.session: primed Akamai session (thread 128937963267776): HTTP 200 cookies=['ak_bmsc', 'bm_sv']
2026-06-01 00:08:49,261 INFO e14.session: primed Akamai session (thread 128934171535040): HTTP 200 cookies=['ak_bmsc', 'bm_sv']
2026-06-01 00:08:49,444 INFO e14.session: primed Akamai session (thread 128940261754560): HTTP 200 cookies=['ak_bmsc', 'bm_sv']
2026-06-01 00:08:49,597 INFO e14.session: primed Akamai session (thread 128934230283968): HTTP 200 cookies=['ak_bmsc', 'bm_sv']
2026-06-01 00:08:51,620 INFO e14.session: primed Akamai session (thread 128934188320448): HTTP 200 cookies=['ak_bmsc', 'bm_sv']
2026-06-01 00:08:52,283 INFO e14.session: primed Akamai session (thread 128935446701760): HTTP 200 cookies=['ak_bmsc', 'bm_sv']
2026-06-01 00:08:52,864 INFO e14.session: primed Akamai session (thread 128934381352640): HTTP 200 cookies=['ak_bmsc', 'bm_sv']
2026-06-01 00:08:52,906 INFO e14.session: primed Akamai session (thread 128934901438144): HTTP 200 cookies=['ak_bmsc', 'bm_sv']
2026-06-01 00:08:53,500 INFO e14.session: primed Akamai session (thread 128939162834624): HTTP 200 cookies=['ak_bmsc', 'bm_sv']
2026-06-01 00:08:54,564 INFO e14.session: primed Akamai session (thread 128934297425600): HTTP 200 cookies=['ak_bmsc', 'bm_sv']
2026-06-01 00:08:55,089 INFO e14.session: primed Akamai session (thread 128936495265472): HTTP 200 cookies=['ak_bmsc', 'bm_sv']
2026-06-01 00:08:55,550 INFO e14.session: primed Akamai session (thread 128934876260032): HTTP 200 cookies=['ak_bmsc', 'bm_sv']
2026-06-01 00:08:55,800 INFO e14.session: primed Akamai session (thread 128939750061760): HTTP 200 cookies=['ak_bmsc', 'bm_sv']
2026-06-01 00:08:55,953 INFO e14.session: primed Akamai session (thread 128934272247488): HTTP 200 cookies=['ak_bmsc', 'bm_sv']
2026-06-01 00:08:56,500 INFO e14.session: primed Akamai session (thread 128933869397696): HTTP 200 cookies=['ak_bmsc', 'bm_sv']
2026-06-01 00:08:56,903 INFO e14.session: primed Akamai session (thread 128941394212544): HTTP 200 cookies=['ak_bmsc', 'bm_sv']
2026-06-01 00:08:59,955 INFO e14.session: primed Akamai session (thread 128939213190848): HTTP 200 cookies=['ak_bmsc', 'bm_sv']
2026-06-01 00:09:00,443 INFO e14.session: primed Akamai session (thread 128934909830848): HTTP 200 cookies=['ak_bmsc', 'bm_sv']
2026-06-01 00:09:00,661 INFO e14.session: primed Akamai session (thread 128934104393408): HTTP 200 cookies=['ak_bmsc', 'bm_sv']
2026-06-01 00:09:00,917 INFO e14.session: primed Akamai session (thread 128934020466368): HTTP 200 cookies=['ak_bmsc', 'bm_sv']
2026-06-01 00:09:01,873 INFO e14.session: primed Akamai session (thread 128941654476480): HTTP 200 cookies=['ak_bmsc', 'bm_sv']
2026-06-01 00:09:02,158 INFO e14.session: primed Akamai session (thread 128940270147264): HTTP 200 cookies=['ak_bmsc', 'bm_sv']
2026-06-01 00:09:02,735 INFO e14.session: primed Akamai session (thread 128934121178816): HTTP 200 cookies=['ak_bmsc', 'bm_sv']
2026-06-01 00:09:04,630 INFO e14.session: primed Akamai session (thread 128939708098240): HTTP 200 cookies=['ak_bmsc', 'bm_sv']
2026-06-01 00:09:11,822 INFO e14.session: primed Akamai session (thread 128940253361856): HTTP 200 cookies=['ak_bmsc', 'bm_sv']
2026-06-01 00:09:12,195 INFO e14.session: primed Akamai session (thread 128933919753920): HTTP 200 cookies=['ak_bmsc', 'bm_sv']
2026-06-01 00:09:12,492 INFO e14.session: primed Akamai session (thread 128938810537664): HTTP 200 cookies=['ak_bmsc', 'bm_sv']
2026-06-01 00:09:16,960 INFO e14.session: primed Akamai session (thread 128938508531392): HTTP 200 cookies=['ak_bmsc', 'bm_sv']
2026-06-01 00:09:18,025 INFO e14.session: primed Akamai session (thread 128934347781824): HTTP 200 cookies=['ak_bmsc', 'bm_sv']
2026-06-01 00:09:18,457 INFO e14.session: primed Akamai session (thread 128937988445888): HTTP 200 cookies=['ak_bmsc', 'bm_sv']
2026-06-01 00:09:20,060 INFO e14.session: primed Akamai session (thread 128937065707200): HTTP 200 cookies=['ak_bmsc', 'bm_sv']
2026-06-01 00:09:20,635 INFO e14.session: primed Akamai session (thread 128940286932672): HTTP 200 cookies=['ak_bmsc', 'bm_sv']
2026-06-01 00:09:21,026 INFO e14.session: primed Akamai session (thread 128936520443584): HTTP 200 cookies=['ak_bmsc', 'bm_sv']
2026-06-01 00:09:21,329 INFO e14.session: primed Akamai session (thread 128937971660480): HTTP 200 cookies=['ak_bmsc', 'bm_sv']
2026-06-01 00:09:21,449 INFO e14.session: primed Akamai session (thread 128937057314496): HTTP 200 cookies=['ak_bmsc', 'bm_sv']
2026-06-01 00:09:23,125 INFO e14.session: primed Akamai session (thread 128937023743680): HTTP 200 cookies=['ak_bmsc', 'bm_sv']
2026-06-01 00:09:23,182 INFO e14.session: primed Akamai session (thread 128937032136384): HTTP 200 cookies=['ak_bmsc', 'bm_sv']
2026-06-01 00:09:23,205 INFO e14.session: primed Akamai session (thread 128935941609152): HTTP 200 cookies=['ak_bmsc', 'bm_sv']
2026-06-01 00:09:23,338 INFO e14.session: primed Akamai session (thread 128941410997952): HTTP 200 cookies=['ak_bmsc', 'bm_sv']
2026-06-01 00:09:23,457 INFO e14.session: primed Akamai session (thread 128934305818304): HTTP 200 cookies=['ak_bmsc', 'bm_sv']
2026-06-01 00:09:23,726 INFO e14.session: primed Akamai session (thread 128937040529088): HTTP 200 cookies=['ak_bmsc', 'bm_sv']
2026-06-01 00:09:24,379 INFO e14.session: primed Akamai session (thread 128940278539968): HTTP 200 cookies=['ak_bmsc', 'bm_sv']
2026-06-01 00:09:24,429 INFO e14.session: primed Akamai session (thread 128939741669056): HTTP 200 cookies=['ak_bmsc', 'bm_sv']
2026-06-01 00:09:24,543 INFO e14.session: primed Akamai session (thread 128934339389120): HTTP 200 cookies=['ak_bmsc', 'bm_sv']
2026-06-01 00:09:25,351 INFO e14.session: primed Akamai session (thread 128940823803584): HTTP 200 cookies=['ak_bmsc', 'bm_sv']
2026-06-01 00:09:25,831 INFO e14.session: primed Akamai session (thread 128939188012736): HTTP 200 cookies=['ak_bmsc', 'bm_sv']
2026-06-01 00:09:26,477 INFO e14.session: primed Akamai session (thread 128937980053184): HTTP 200 cookies=['ak_bmsc', 'bm_sv']
2026-06-01 00:09:28,061 INFO e14.session: primed Akamai session (thread 128939171227328): HTTP 200 cookies=['ak_bmsc', 'bm_sv']
2026-06-01 00:09:28,353 INFO e14.session: primed Akamai session (thread 128940790232768): HTTP 200 cookies=['ak_bmsc', 'bm_sv']
2026-06-01 00:09:28,476 INFO e14.session: primed Akamai session (thread 128939204798144): HTTP 200 cookies=['ak_bmsc', 'bm_sv']
2026-06-01 00:09:32,351 INFO e14.session: primed Akamai session (thread 128940798625472): HTTP 200 cookies=['ak_bmsc', 'bm_sv']
2026-06-01 00:09:32,472 INFO e14.session: primed Akamai session (thread 128934221891264): HTTP 200 cookies=['ak_bmsc', 'bm_sv']
2026-06-01 00:09:33,582 INFO e14.session: primed Akamai session (thread 128934205105856): HTTP 200 cookies=['ak_bmsc', 'bm_sv']
2026-06-01 00:09:33,786 INFO e14.session: primed Akamai session (thread 128941419390656): HTTP 200 cookies=['ak_bmsc', 'bm_sv']
2026-06-01 00:09:34,291 INFO e14.session: primed Akamai session (thread 128941377427136): HTTP 200 cookies=['ak_bmsc', 'bm_sv']
2026-06-01 00:09:35,505 INFO e14.session: primed Akamai session (thread 128936478480064): HTTP 200 cookies=['ak_bmsc', 'bm_sv']
2026-06-01 00:09:35,793 INFO e14.session: primed Akamai session (thread 128933953324736): HTTP 200 cookies=['ak_bmsc', 'bm_sv']
2026-06-01 00:09:36,423 INFO e14.session: primed Akamai session (thread 128934070822592): HTTP 200 cookies=['ak_bmsc', 'bm_sv']
2026-06-01 00:09:37,102 INFO e14.session: primed Akamai session (thread 128937015350976): HTTP 200 cookies=['ak_bmsc', 'bm_sv']
2026-06-01 00:09:37,467 INFO e14.session: primed Akamai session (thread 128933961717440): HTTP 200 cookies=['ak_bmsc', 'bm_sv']
2026-06-01 00:09:37,777 INFO e14.session: primed Akamai session (thread 128935991965376): HTTP 200 cookies=['ak_bmsc', 'bm_sv']
2026-06-01 00:09:38,346 INFO e14.session: primed Akamai session (thread 128934028859072): HTTP 200 cookies=['ak_bmsc', 'bm_sv']
2026-06-01 00:09:39,463 INFO e14.session: primed Akamai session (thread 128940244969152): HTTP 200 cookies=['ak_bmsc', 'bm_sv']
2026-06-01 00:09:39,642 INFO e14.session: primed Akamai session (thread 128938785359552): HTTP 200 cookies=['ak_bmsc', 'bm_sv']
2026-06-01 00:09:40,119 INFO e14.session: primed Akamai session (thread 128934196713152): HTTP 200 cookies=['ak_bmsc', 'bm_sv']
2026-06-01 00:09:40,725 INFO e14.session: primed Akamai session (thread 128934079215296): HTTP 200 cookies=['ak_bmsc', 'bm_sv']
2026-06-01 00:09:40,919 INFO e14.session: primed Akamai session (thread 128934918223552): HTTP 200 cookies=['ak_bmsc', 'bm_sv']
2026-06-01 00:09:41,690 INFO e14.session: primed Akamai session (thread 128933894575808): HTTP 200 cookies=['ak_bmsc', 'bm_sv']
2026-06-01 00:09:42,257 INFO e14.session: primed Akamai session (thread 128933978502848): HTTP 200 cookies=['ak_bmsc', 'bm_sv']
2026-06-01 00:09:42,290 INFO e14.session: primed Akamai session (thread 128938516924096): HTTP 200 cookies=['ak_bmsc', 'bm_sv']
2026-06-01 00:09:42,958 INFO e14.session: primed Akamai session (thread 128935429916352): HTTP 200 cookies=['ak_bmsc', 'bm_sv']
2026-06-01 00:09:45,181 INFO e14.session: primed Akamai session (thread 128940781840064): HTTP 200 cookies=['ak_bmsc', 'bm_sv']
2026-06-01 00:09:46,418 INFO e14.session: primed Akamai session (thread 128933970110144): HTTP 200 cookies=['ak_bmsc', 'bm_sv']
2026-06-01 00:09:46,551 INFO e14.session: primed Akamai session (thread 128935950001856): HTTP 200 cookies=['ak_bmsc', 'bm_sv']
2026-06-01 00:09:46,632 INFO e14.session: primed Akamai session (thread 128938542102208): HTTP 200 cookies=['ak_bmsc', 'bm_sv']
2026-06-01 00:09:48,636 INFO e14.session: primed Akamai session (thread 128935421523648): HTTP 200 cookies=['ak_bmsc', 'bm_sv']
2026-06-01 00:09:49,579 INFO e14.session: primed Akamai session (thread 128936512050880): HTTP 200 cookies=['ak_bmsc', 'bm_sv']
2026-06-01 00:09:51,699 INFO e14.session: primed Akamai session (thread 128933944932032): HTTP 200 cookies=['ak_bmsc', 'bm_sv']
2026-06-01 00:09:51,936 INFO e14.session: primed Akamai session (thread 128938525316800): HTTP 200 cookies=['ak_bmsc', 'bm_sv']
2026-06-01 00:09:52,209 INFO e14.session: primed Akamai session (thread 128934045644480): HTTP 200 cookies=['ak_bmsc', 'bm_sv']
2026-06-01 00:09:54,076 INFO e14.session: primed Akamai session (thread 128934171535040): HTTP 200 cookies=['ak_bmsc', 'bm_sv']
2026-06-01 00:09:54,259 INFO e14.session: primed Akamai session (thread 128934330996416): HTTP 200 cookies=['ak_bmsc', 'bm_sv']
2026-06-01 00:09:54,273 INFO e14.session: primed Akamai session (thread 128939724883648): HTTP 200 cookies=['ak_bmsc', 'bm_sv']
2026-06-01 00:09:54,924 INFO e14.session: primed Akamai session (thread 128937963267776): HTTP 200 cookies=['ak_bmsc', 'bm_sv']
2026-06-01 00:09:55,183 INFO e14.session: primed Akamai session (thread 128940261754560): HTTP 200 cookies=['ak_bmsc', 'bm_sv']
2026-06-01 00:09:56,120 INFO e14.session: primed Akamai session (thread 128938793752256): HTTP 200 cookies=['ak_bmsc', 'bm_sv']
2026-06-01 00:09:58,471 INFO e14.session: primed Akamai session (thread 128935446701760): HTTP 200 cookies=['ak_bmsc', 'bm_sv']
2026-06-01 00:09:58,502 INFO e14.session: primed Akamai session (thread 128934188320448): HTTP 200 cookies=['ak_bmsc', 'bm_sv']
2026-06-01 00:09:59,763 INFO e14.session: primed Akamai session (thread 128934381352640): HTTP 200 cookies=['ak_bmsc', 'bm_sv']
2026-06-01 00:09:59,775 INFO e14.session: primed Akamai session (thread 128934901438144): HTTP 200 cookies=['ak_bmsc', 'bm_sv']
2026-06-01 00:09:59,955 INFO e14.session: primed Akamai session (thread 128939162834624): HTTP 200 cookies=['ak_bmsc', 'bm_sv']
2026-06-01 00:10:00,341 INFO e14.session: primed Akamai session (thread 128934876260032): HTTP 200 cookies=['ak_bmsc', 'bm_sv']
2026-06-01 00:10:00,956 INFO e14.session: primed Akamai session (thread 128936495265472): HTTP 200 cookies=['ak_bmsc', 'bm_sv']
2026-06-01 00:10:01,133 INFO e14.session: primed Akamai session (thread 128935966787264): HTTP 200 cookies=['ak_bmsc', 'bm_sv']
2026-06-01 00:10:01,444 INFO e14.session: primed Akamai session (thread 128934003680960): HTTP 200 cookies=['ak_bmsc', 'bm_sv']
2026-06-01 00:10:01,581 INFO e14.session: primed Akamai session (thread 128934230283968): HTTP 200 cookies=['ak_bmsc', 'bm_sv']
2026-06-01 00:10:01,886 INFO e14.session: primed Akamai session (thread 128934272247488): HTTP 200 cookies=['ak_bmsc', 'bm_sv']
2026-06-01 00:10:02,232 INFO e14.session: primed Akamai session (thread 128934297425600): HTTP 200 cookies=['ak_bmsc', 'bm_sv']
2026-06-01 00:10:03,049 INFO e14.session: primed Akamai session (thread 128939750061760): HTTP 200 cookies=['ak_bmsc', 'bm_sv']
2026-06-01 00:10:04,481 INFO e14.session: primed Akamai session (thread 128941394212544): HTTP 200 cookies=['ak_bmsc', 'bm_sv']
2026-06-01 00:10:05,871 INFO e14.session: primed Akamai session (thread 128939213190848): HTTP 200 cookies=['ak_bmsc', 'bm_sv']
2026-06-01 00:10:06,022 INFO e14.session: primed Akamai session (thread 128934909830848): HTTP 200 cookies=['ak_bmsc', 'bm_sv']
2026-06-01 00:10:06,739 INFO e14.session: primed Akamai session (thread 128933869397696): HTTP 200 cookies=['ak_bmsc', 'bm_sv']
2026-06-01 00:10:06,890 INFO e14.session: primed Akamai session (thread 128934104393408): HTTP 200 cookies=['ak_bmsc', 'bm_sv']
2026-06-01 00:10:08,261 INFO e14.session: primed Akamai session (thread 128941654476480): HTTP 200 cookies=['ak_bmsc', 'bm_sv']
2026-06-01 00:10:09,475 INFO e14.session: primed Akamai session (thread 128934020466368): HTTP 200 cookies=['ak_bmsc', 'bm_sv']
2026-06-01 00:10:11,028 INFO e14.session: primed Akamai session (thread 128934121178816): HTTP 200 cookies=['ak_bmsc', 'bm_sv']
2026-06-01 00:10:11,376 INFO e14.session: primed Akamai session (thread 128939733276352): HTTP 200 cookies=['ak_bmsc', 'bm_sv']
2026-06-01 00:10:12,551 INFO e14.session: primed Akamai session (thread 128939708098240): HTTP 200 cookies=['ak_bmsc', 'bm_sv']
2026-06-01 00:10:18,156 INFO e14.session: primed Akamai session (thread 128933919753920): HTTP 200 cookies=['ak_bmsc', 'bm_sv']
2026-06-01 00:10:20,239 INFO e14.session: primed Akamai session (thread 128938810537664): HTTP 200 cookies=['ak_bmsc', 'bm_sv']
2026-06-01 00:10:20,539 INFO e14.session: primed Akamai session (thread 128940253361856): HTTP 200 cookies=['ak_bmsc', 'bm_sv']
2026-06-01 00:10:22,462 INFO e14.session: primed Akamai session (thread 128938508531392): HTTP 200 cookies=['ak_bmsc', 'bm_sv']
2026-06-01 00:10:24,025 INFO e14.session: primed Akamai session (thread 128934347781824): HTTP 200 cookies=['ak_bmsc', 'bm_sv']
2026-06-01 00:10:25,461 INFO e14.session: primed Akamai session (thread 128937065707200): HTTP 200 cookies=['ak_bmsc', 'bm_sv']
2026-06-01 00:10:26,906 INFO e14.session: primed Akamai session (thread 128938768574144): HTTP 200 cookies=['ak_bmsc', 'bm_sv']
2026-06-01 00:10:27,711 INFO e14.session: primed Akamai session (thread 128937988445888): HTTP 200 cookies=['ak_bmsc', 'bm_sv']
2026-06-01 00:10:28,012 INFO e14.session: primed Akamai session (thread 128936520443584): HTTP 200 cookies=['ak_bmsc', 'bm_sv']
2026-06-01 00:10:29,582 INFO e14.session: primed Akamai session (thread 128938491745984): HTTP 200 cookies=['ak_bmsc', 'bm_sv']
2026-06-01 00:10:30,266 INFO e14.session: primed Akamai session (thread 128937971660480): HTTP 200 cookies=['ak_bmsc', 'bm_sv']
2026-06-01 00:10:30,365 INFO e14.session: primed Akamai session (thread 128937023743680): HTTP 200 cookies=['ak_bmsc', 'bm_sv']
2026-06-01 00:10:31,473 INFO e14.session: primed Akamai session (thread 128937057314496): HTTP 200 cookies=['ak_bmsc', 'bm_sv']
2026-06-01 00:10:31,974 INFO e14.session: primed Akamai session (thread 128940278539968): HTTP 200 cookies=['ak_bmsc', 'bm_sv']
2026-06-01 00:10:32,066 INFO e14.session: primed Akamai session (thread 128939741669056): HTTP 200 cookies=['ak_bmsc', 'bm_sv']
2026-06-01 00:10:32,312 INFO e14.session: primed Akamai session (thread 128941410997952): HTTP 200 cookies=['ak_bmsc', 'bm_sv']
2026-06-01 00:10:32,483 INFO e14.session: primed Akamai session (thread 128937040529088): HTTP 200 cookies=['ak_bmsc', 'bm_sv']
2026-06-01 00:10:32,814 INFO e14.session: primed Akamai session (thread 128937032136384): HTTP 200 cookies=['ak_bmsc', 'bm_sv']
2026-06-01 00:10:34,443 INFO e14.session: primed Akamai session (thread 128934305818304): HTTP 200 cookies=['ak_bmsc', 'bm_sv']
2026-06-01 00:10:35,576 INFO e14.session: primed Akamai session (thread 128940286932672): HTTP 200 cookies=['ak_bmsc', 'bm_sv']
2026-06-01 00:10:35,805 INFO e14.session: primed Akamai session (thread 128939204798144): HTTP 200 cookies=['ak_bmsc', 'bm_sv']
2026-06-01 00:10:35,976 INFO e14.session: primed Akamai session (thread 128939171227328): HTTP 200 cookies=['ak_bmsc', 'bm_sv']
2026-06-01 00:10:36,323 INFO e14.session: primed Akamai session (thread 128935975179968): HTTP 200 cookies=['ak_bmsc', 'bm_sv']
2026-06-01 00:10:37,948 INFO e14.session: primed Akamai session (thread 128940823803584): HTTP 200 cookies=['ak_bmsc', 'bm_sv']
2026-06-01 00:10:38,457 INFO e14.session: primed Akamai session (thread 128940790232768): HTTP 200 cookies=['ak_bmsc', 'bm_sv']
2026-06-01 00:10:41,382 INFO e14.session: primed Akamai session (thread 128937015350976): HTTP 200 cookies=['ak_bmsc', 'bm_sv']
2026-06-01 00:10:42,604 INFO e14.session: primed Akamai session (thread 128938005231296): HTTP 200 cookies=['ak_bmsc', 'bm_sv']
2026-06-01 00:10:43,050 INFO e14.session: primed Akamai session (thread 128941377427136): HTTP 200 cookies=['ak_bmsc', 'bm_sv']
2026-06-01 00:10:43,360 INFO e14.session: primed Akamai session (thread 128936478480064): HTTP 200 cookies=['ak_bmsc', 'bm_sv']
2026-06-01 00:10:43,514 INFO e14.session: primed Akamai session (thread 128940798625472): HTTP 200 cookies=['ak_bmsc', 'bm_sv']
2026-06-01 00:10:45,163 INFO e14.session: primed Akamai session (thread 128933953324736): HTTP 200 cookies=['ak_bmsc', 'bm_sv']
2026-06-01 00:10:45,310 INFO e14.session: primed Akamai session (thread 128934070822592): HTTP 200 cookies=['ak_bmsc', 'bm_sv']
2026-06-01 00:10:45,372 INFO e14.session: primed Akamai session (thread 128933961717440): HTTP 200 cookies=['ak_bmsc', 'bm_sv']
2026-06-01 00:10:45,420 INFO e14.session: primed Akamai session (thread 128934221891264): HTTP 200 cookies=['ak_bmsc', 'bm_sv']
2026-06-01 00:10:45,436 INFO e14.session: primed Akamai session (thread 128941419390656): HTTP 200 cookies=['ak_bmsc', 'bm_sv']
2026-06-01 00:10:46,301 INFO e14.session: primed Akamai session (thread 128934028859072): HTTP 200 cookies=['ak_bmsc', 'bm_sv']
2026-06-01 00:10:46,690 INFO e14.session: primed Akamai session (thread 128935991965376): HTTP 200 cookies=['ak_bmsc', 'bm_sv']
2026-06-01 00:10:48,272 INFO e14.session: primed Akamai session (thread 128934196713152): HTTP 200 cookies=['ak_bmsc', 'bm_sv']
2026-06-01 00:10:48,348 INFO e14.session: primed Akamai session (thread 128933978502848): HTTP 200 cookies=['ak_bmsc', 'bm_sv']
2026-06-01 00:10:48,351 INFO e14.session: primed Akamai session (thread 128934205105856): HTTP 200 cookies=['ak_bmsc', 'bm_sv']
2026-06-01 00:10:49,176 INFO e14.session: primed Akamai session (thread 128938785359552): HTTP 200 cookies=['ak_bmsc', 'bm_sv']
2026-06-01 00:10:49,664 INFO e14.session: primed Akamai session (thread 128940781840064): HTTP 200 cookies=['ak_bmsc', 'bm_sv']
2026-06-01 00:10:49,681 INFO e14.session: primed Akamai session (thread 128940244969152): HTTP 200 cookies=['ak_bmsc', 'bm_sv']
2026-06-01 00:10:50,759 INFO e14.session: primed Akamai session (thread 128933894575808): HTTP 200 cookies=['ak_bmsc', 'bm_sv']
2026-06-01 00:10:51,015 INFO e14.session: primed Akamai session (thread 128934079215296): HTTP 200 cookies=['ak_bmsc', 'bm_sv']
2026-06-01 00:10:53,067 INFO e14.session: primed Akamai session (thread 128933970110144): HTTP 200 cookies=['ak_bmsc', 'bm_sv']
2026-06-01 00:10:53,324 INFO e14.session: primed Akamai session (thread 128935429916352): HTTP 200 cookies=['ak_bmsc', 'bm_sv']
2026-06-01 00:10:54,309 INFO e14.session: primed Akamai session (thread 128938516924096): HTTP 200 cookies=['ak_bmsc', 'bm_sv']
2026-06-01 00:10:55,380 INFO e14.session: primed Akamai session (thread 128934918223552): HTTP 200 cookies=['ak_bmsc', 'bm_sv']
2026-06-01 00:10:56,122 INFO e14.session: primed Akamai session (thread 128934012073664): HTTP 200 cookies=['ak_bmsc', 'bm_sv']
2026-06-01 00:10:56,857 INFO e14.session: primed Akamai session (thread 128936512050880): HTTP 200 cookies=['ak_bmsc', 'bm_sv']
2026-06-01 00:10:59,311 INFO e14.session: primed Akamai session (thread 128938525316800): HTTP 200 cookies=['ak_bmsc', 'bm_sv']
2026-06-01 00:10:59,931 INFO e14.session: primed Akamai session (thread 128934330996416): HTTP 200 cookies=['ak_bmsc', 'bm_sv']
2026-06-01 00:11:00,534 INFO e14.session: primed Akamai session (thread 128938793752256): HTTP 200 cookies=['ak_bmsc', 'bm_sv']
2026-06-01 00:11:00,692 INFO e14.session: primed Akamai session (thread 128934045644480): HTTP 200 cookies=['ak_bmsc', 'bm_sv']
2026-06-01 00:11:01,558 INFO e14.session: primed Akamai session (thread 128936486872768): HTTP 200 cookies=['ak_bmsc', 'bm_sv']
2026-06-01 00:11:01,739 INFO e14.session: primed Akamai session (thread 128934171535040): HTTP 200 cookies=['ak_bmsc', 'bm_sv']
2026-06-01 00:11:02,063 INFO e14.session: primed Akamai session (thread 128939724883648): HTTP 200 cookies=['ak_bmsc', 'bm_sv']
2026-06-01 00:11:02,243 INFO e14.session: primed Akamai session (thread 128933944932032): HTTP 200 cookies=['ak_bmsc', 'bm_sv']
2026-06-01 00:11:02,442 INFO e14.session: primed Akamai session (thread 128940261754560): HTTP 200 cookies=['ak_bmsc', 'bm_sv']
2026-06-01 00:11:02,938 INFO e14.session: primed Akamai session (thread 128937963267776): HTTP 200 cookies=['ak_bmsc', 'bm_sv']
2026-06-01 00:11:04,728 INFO e14.session: primed Akamai session (thread 128935966787264): HTTP 200 cookies=['ak_bmsc', 'bm_sv']
2026-06-01 00:11:07,226 INFO e14.session: primed Akamai session (thread 128934003680960): HTTP 200 cookies=['ak_bmsc', 'bm_sv']
2026-06-01 00:11:07,443 INFO e14.session: primed Akamai session (thread 128939162834624): HTTP 200 cookies=['ak_bmsc', 'bm_sv']
2026-06-01 00:11:07,515 INFO e14.session: primed Akamai session (thread 128935446701760): HTTP 200 cookies=['ak_bmsc', 'bm_sv']
2026-06-01 00:11:07,795 INFO e14.session: primed Akamai session (thread 128936495265472): HTTP 200 cookies=['ak_bmsc', 'bm_sv']
2026-06-01 00:11:08,039 INFO e14.session: primed Akamai session (thread 128934901438144): HTTP 200 cookies=['ak_bmsc', 'bm_sv']
2026-06-01 00:11:08,049 INFO e14.session: primed Akamai session (thread 128934381352640): HTTP 200 cookies=['ak_bmsc', 'bm_sv']
2026-06-01 00:11:08,301 INFO e14.session: primed Akamai session (thread 128934876260032): HTTP 200 cookies=['ak_bmsc', 'bm_sv']
2026-06-01 00:11:09,744 INFO e14.session: primed Akamai session (thread 128939750061760): HTTP 200 cookies=['ak_bmsc', 'bm_sv']
2026-06-01 00:11:12,562 INFO e14.session: primed Akamai session (thread 128941394212544): HTTP 200 cookies=['ak_bmsc', 'bm_sv']
2026-06-01 00:11:12,565 INFO e14.session: primed Akamai session (thread 128934909830848): HTTP 200 cookies=['ak_bmsc', 'bm_sv']
2026-06-01 00:11:13,328 INFO e14.session: primed Akamai session (thread 128934297425600): HTTP 200 cookies=['ak_bmsc', 'bm_sv']
2026-06-01 00:11:14,689 INFO e14.session: primed Akamai session (thread 128939213190848): HTTP 200 cookies=['ak_bmsc', 'bm_sv']
2026-06-01 00:11:14,848 INFO e14.session: primed Akamai session (thread 128934104393408): HTTP 200 cookies=['ak_bmsc', 'bm_sv']
2026-06-01 00:11:15,828 INFO e14.session: primed Akamai session (thread 128941654476480): HTTP 200 cookies=['ak_bmsc', 'bm_sv']
2026-06-01 00:11:16,164 INFO e14.session: primed Akamai session (thread 128939733276352): HTTP 200 cookies=['ak_bmsc', 'bm_sv']
2026-06-01 00:11:16,205 INFO e14.session: primed Akamai session (thread 128934272247488): HTTP 200 cookies=['ak_bmsc', 'bm_sv']
2026-06-01 00:11:16,217 INFO e14.session: primed Akamai session (thread 128934230283968): HTTP 200 cookies=['ak_bmsc', 'bm_sv']
2026-06-01 00:11:17,604 INFO e14.session: primed Akamai session (thread 128934121178816): HTTP 200 cookies=['ak_bmsc', 'bm_sv']
2026-06-01 00:11:17,689 INFO e14.session: primed Akamai session (thread 128933869397696): HTTP 200 cookies=['ak_bmsc', 'bm_sv']
2026-06-01 00:11:18,980 INFO e14.session: primed Akamai session (thread 128934020466368): HTTP 200 cookies=['ak_bmsc', 'bm_sv']
2026-06-01 00:11:20,181 INFO e14.session: primed Akamai session (thread 128939708098240): HTTP 200 cookies=['ak_bmsc', 'bm_sv']
2026-06-01 00:11:21,676 INFO e14.session: primed Akamai session (thread 128933877790400): HTTP 200 cookies=['ak_bmsc', 'bm_sv']
2026-06-01 00:11:25,457 INFO e14.session: primed Akamai session (thread 128933919753920): HTTP 200 cookies=['ak_bmsc', 'bm_sv']
2026-06-01 00:11:26,794 INFO e14.session: primed Akamai session (thread 128940253361856): HTTP 200 cookies=['ak_bmsc', 'bm_sv']
2026-06-01 00:11:28,839 INFO e14.session: primed Akamai session (thread 128938810537664): HTTP 200 cookies=['ak_bmsc', 'bm_sv']
2026-06-01 00:11:30,546 INFO e14.session: primed Akamai session (thread 128934347781824): HTTP 200 cookies=['ak_bmsc', 'bm_sv']
2026-06-01 00:11:31,354 INFO e14.session: primed Akamai session (thread 128938508531392): HTTP 200 cookies=['ak_bmsc', 'bm_sv']
2026-06-01 00:11:33,645 INFO e14.session: primed Akamai session (thread 128938768574144): HTTP 200 cookies=['ak_bmsc', 'bm_sv']
2026-06-01 00:11:35,598 INFO e14.session: primed Akamai session (thread 128938491745984): HTTP 200 cookies=['ak_bmsc', 'bm_sv']
2026-06-01 00:11:39,782 INFO e14.session: primed Akamai session (thread 128937988445888): HTTP 200 cookies=['ak_bmsc', 'bm_sv']
2026-06-01 00:11:40,000 INFO e14.session: primed Akamai session (thread 128936520443584): HTTP 200 cookies=['ak_bmsc', 'bm_sv']
2026-06-01 00:11:40,111 INFO e14.session: primed Akamai session (thread 128937040529088): HTTP 200 cookies=['ak_bmsc', 'bm_sv']
2026-06-01 00:11:40,248 INFO e14.session: primed Akamai session (thread 128937065707200): HTTP 200 cookies=['ak_bmsc', 'bm_sv']
2026-06-01 00:11:42,659 INFO e14.session: primed Akamai session (thread 128937971660480): HTTP 200 cookies=['ak_bmsc', 'bm_sv']
2026-06-01 00:11:44,067 INFO e14.session: primed Akamai session (thread 128940278539968): HTTP 200 cookies=['ak_bmsc', 'bm_sv']
2026-06-01 00:11:44,086 INFO e14.session: primed Akamai session (thread 128939741669056): HTTP 200 cookies=['ak_bmsc', 'bm_sv']
2026-06-01 00:11:44,233 INFO e14.session: primed Akamai session (thread 128935975179968): HTTP 200 cookies=['ak_bmsc', 'bm_sv']
2026-06-01 00:11:44,395 INFO e14.session: primed Akamai session (thread 128937057314496): HTTP 200 cookies=['ak_bmsc', 'bm_sv']
2026-06-01 00:11:45,754 INFO e14.session: primed Akamai session (thread 128939171227328): HTTP 200 cookies=['ak_bmsc', 'bm_sv']
2026-06-01 00:11:45,779 INFO e14.session: primed Akamai session (thread 128937023743680): HTTP 200 cookies=['ak_bmsc', 'bm_sv']
2026-06-01 00:11:46,046 INFO e14.session: primed Akamai session (thread 128937032136384): HTTP 200 cookies=['ak_bmsc', 'bm_sv']
2026-06-01 00:11:46,535 INFO e14.session: primed Akamai session (thread 128940286932672): HTTP 200 cookies=['ak_bmsc', 'bm_sv']
2026-06-01 00:11:46,759 INFO e14.session: primed Akamai session (thread 128941410997952): HTTP 200 cookies=['ak_bmsc', 'bm_sv']
2026-06-01 00:11:47,577 INFO e14.session: primed Akamai session (thread 128934305818304): HTTP 200 cookies=['ak_bmsc', 'bm_sv']
2026-06-01 00:11:47,653 INFO e14.session: primed Akamai session (thread 128939204798144): HTTP 200 cookies=['ak_bmsc', 'bm_sv']
2026-06-01 00:11:49,976 INFO e14.session: primed Akamai session (thread 128938005231296): HTTP 200 cookies=['ak_bmsc', 'bm_sv']
2026-06-01 00:11:50,519 INFO e14.session: primed Akamai session (thread 128937015350976): HTTP 200 cookies=['ak_bmsc', 'bm_sv']
2026-06-01 00:11:52,838 INFO e14.session: primed Akamai session (thread 128940790232768): HTTP 200 cookies=['ak_bmsc', 'bm_sv']
2026-06-01 00:11:53,646 INFO e14.session: primed Akamai session (thread 128934028859072): HTTP 200 cookies=['ak_bmsc', 'bm_sv']
2026-06-01 00:11:55,289 INFO e14.session: primed Akamai session (thread 128936478480064): HTTP 200 cookies=['ak_bmsc', 'bm_sv']
2026-06-01 00:11:55,526 INFO e14.session: primed Akamai session (thread 128934221891264): HTTP 200 cookies=['ak_bmsc', 'bm_sv']
2026-06-01 00:11:55,866 INFO e14.session: primed Akamai session (thread 128940823803584): HTTP 200 cookies=['ak_bmsc', 'bm_sv']
2026-06-01 00:11:56,382 INFO e14.session: primed Akamai session (thread 128941377427136): HTTP 200 cookies=['ak_bmsc', 'bm_sv']
2026-06-01 00:11:56,580 INFO e14.session: primed Akamai session (thread 128941419390656): HTTP 200 cookies=['ak_bmsc', 'bm_sv']
2026-06-01 00:11:56,683 INFO e14.session: primed Akamai session (thread 128940798625472): HTTP 200 cookies=['ak_bmsc', 'bm_sv']
2026-06-01 00:11:57,189 INFO e14.session: primed Akamai session (thread 128934070822592): HTTP 200 cookies=['ak_bmsc', 'bm_sv']
2026-06-01 00:11:57,422 INFO e14.session: primed Akamai session (thread 128933953324736): HTTP 200 cookies=['ak_bmsc', 'bm_sv']
2026-06-01 00:11:58,154 INFO e14.session: primed Akamai session (thread 128934196713152): HTTP 200 cookies=['ak_bmsc', 'bm_sv']
2026-06-01 00:11:58,391 INFO e14.session: primed Akamai session (thread 128940781840064): HTTP 200 cookies=['ak_bmsc', 'bm_sv']
2026-06-01 00:11:58,840 INFO e14.session: primed Akamai session (thread 128933961717440): HTTP 200 cookies=['ak_bmsc', 'bm_sv']
2026-06-01 00:11:59,087 INFO e14.session: primed Akamai session (thread 128940244969152): HTTP 200 cookies=['ak_bmsc', 'bm_sv']
2026-06-01 00:11:59,963 INFO e14.session: primed Akamai session (thread 128934012073664): HTTP 200 cookies=['ak_bmsc', 'bm_sv']
2026-06-01 00:12:00,947 INFO e14.session: primed Akamai session (thread 128933970110144): HTTP 200 cookies=['ak_bmsc', 'bm_sv']
2026-06-01 00:12:01,847 INFO e14.session: primed Akamai session (thread 128934205105856): HTTP 200 cookies=['ak_bmsc', 'bm_sv']
2026-06-01 00:12:01,878 INFO e14.session: primed Akamai session (thread 128935991965376): HTTP 200 cookies=['ak_bmsc', 'bm_sv']
2026-06-01 00:12:01,884 INFO e14.session: primed Akamai session (thread 128934079215296): HTTP 200 cookies=['ak_bmsc', 'bm_sv']
2026-06-01 00:12:03,221 INFO e14.session: primed Akamai session (thread 128938785359552): HTTP 200 cookies=['ak_bmsc', 'bm_sv']
2026-06-01 00:12:03,256 INFO e14.session: primed Akamai session (thread 128933894575808): HTTP 200 cookies=['ak_bmsc', 'bm_sv']
2026-06-01 00:12:05,802 INFO e14.session: primed Akamai session (thread 128935429916352): HTTP 200 cookies=['ak_bmsc', 'bm_sv']
2026-06-01 00:12:08,065 INFO e14.session: primed Akamai session (thread 128934330996416): HTTP 200 cookies=['ak_bmsc', 'bm_sv']
2026-06-01 00:12:08,120 INFO e14.session: primed Akamai session (thread 128938793752256): HTTP 200 cookies=['ak_bmsc', 'bm_sv']
2026-06-01 00:12:09,230 INFO e14.session: primed Akamai session (thread 128936486872768): HTTP 200 cookies=['ak_bmsc', 'bm_sv']
2026-06-01 00:12:10,148 INFO e14.session: primed Akamai session (thread 128934918223552): HTTP 200 cookies=['ak_bmsc', 'bm_sv']
2026-06-01 00:12:11,444 INFO e14.session: primed Akamai session (thread 128939724883648): HTTP 200 cookies=['ak_bmsc', 'bm_sv']
2026-06-01 00:12:11,460 INFO e14.session: primed Akamai session (thread 128938516924096): HTTP 200 cookies=['ak_bmsc', 'bm_sv']
2026-06-01 00:12:12,079 INFO e14.session: primed Akamai session (thread 128938525316800): HTTP 200 cookies=['ak_bmsc', 'bm_sv']
2026-06-01 00:12:12,134 INFO e14.session: primed Akamai session (thread 128933944932032): HTTP 200 cookies=['ak_bmsc', 'bm_sv']
2026-06-01 00:12:13,364 INFO e14.session: primed Akamai session (thread 128934045644480): HTTP 200 cookies=['ak_bmsc', 'bm_sv']
2026-06-01 00:12:13,682 INFO e14.session: primed Akamai session (thread 128935966787264): HTTP 200 cookies=['ak_bmsc', 'bm_sv']
2026-06-01 00:12:14,649 INFO e14.session: primed Akamai session (thread 128934003680960): HTTP 200 cookies=['ak_bmsc', 'bm_sv']
2026-06-01 00:12:14,662 INFO e14.session: primed Akamai session (thread 128940261754560): HTTP 200 cookies=['ak_bmsc', 'bm_sv']
2026-06-01 00:12:15,055 INFO e14.session: primed Akamai session (thread 128937963267776): HTTP 200 cookies=['ak_bmsc', 'bm_sv']
2026-06-01 00:12:15,442 INFO e14.session: primed Akamai session (thread 128934171535040): HTTP 200 cookies=['ak_bmsc', 'bm_sv']
2026-06-01 00:12:18,565 INFO e14.session: primed Akamai session (thread 128935446701760): HTTP 200 cookies=['ak_bmsc', 'bm_sv']
2026-06-01 00:12:18,777 INFO e14.session: primed Akamai session (thread 128934876260032): HTTP 200 cookies=['ak_bmsc', 'bm_sv']
2026-06-01 00:12:20,232 INFO e14.session: primed Akamai session (thread 128939162834624): HTTP 200 cookies=['ak_bmsc', 'bm_sv']
2026-06-01 00:12:20,235 INFO e14.session: primed Akamai session (thread 128936495265472): HTTP 200 cookies=['ak_bmsc', 'bm_sv']
2026-06-01 00:12:22,173 INFO e14.session: primed Akamai session (thread 128934901438144): HTTP 200 cookies=['ak_bmsc', 'bm_sv']
2026-06-01 00:12:22,280 INFO e14.session: primed Akamai session (thread 128939733276352): HTTP 200 cookies=['ak_bmsc', 'bm_sv']
2026-06-01 00:12:23,054 INFO e14.session: primed Akamai session (thread 128934381352640): HTTP 200 cookies=['ak_bmsc', 'bm_sv']
2026-06-01 00:12:23,669 INFO e14.session: primed Akamai session (thread 128934297425600): HTTP 200 cookies=['ak_bmsc', 'bm_sv']
2026-06-01 00:12:24,903 INFO e14.session: primed Akamai session (thread 128934909830848): HTTP 200 cookies=['ak_bmsc', 'bm_sv']
2026-06-01 00:12:26,629 INFO e14.session: primed Akamai session (thread 128934272247488): HTTP 200 cookies=['ak_bmsc', 'bm_sv']
2026-06-01 00:12:27,205 INFO e14.session: primed Akamai session (thread 128939750061760): HTTP 200 cookies=['ak_bmsc', 'bm_sv']
2026-06-01 00:12:27,585 INFO e14.session: primed Akamai session (thread 128939213190848): HTTP 200 cookies=['ak_bmsc', 'bm_sv']
2026-06-01 00:12:28,166 INFO e14.session: primed Akamai session (thread 128941394212544): HTTP 200 cookies=['ak_bmsc', 'bm_sv']
2026-06-01 00:12:28,246 INFO e14.session: primed Akamai session (thread 128934104393408): HTTP 200 cookies=['ak_bmsc', 'bm_sv']
2026-06-01 00:12:28,307 INFO e14.session: primed Akamai session (thread 128941654476480): HTTP 200 cookies=['ak_bmsc', 'bm_sv']
2026-06-01 00:12:29,192 INFO e14.session: primed Akamai session (thread 128933869397696): HTTP 200 cookies=['ak_bmsc', 'bm_sv']
2026-06-01 00:12:29,415 INFO e14.session: primed Akamai session (thread 128934121178816): HTTP 200 cookies=['ak_bmsc', 'bm_sv']
2026-06-01 00:12:29,686 INFO e14.session: primed Akamai session (thread 128934230283968): HTTP 200 cookies=['ak_bmsc', 'bm_sv']
2026-06-01 00:12:30,820 INFO e14.session: primed Akamai session (thread 128939708098240): HTTP 200 cookies=['ak_bmsc', 'bm_sv']
2026-06-01 00:12:33,835 INFO e14.session: primed Akamai session (thread 128934020466368): HTTP 200 cookies=['ak_bmsc', 'bm_sv']
2026-06-01 00:12:36,539 INFO e14.session: primed Akamai session (thread 128933919753920): HTTP 200 cookies=['ak_bmsc', 'bm_sv']
2026-06-01 00:12:41,951 INFO e14.session: primed Akamai session (thread 128938768574144): HTTP 200 cookies=['ak_bmsc', 'bm_sv']
2026-06-01 00:12:42,222 INFO e14.session: primed Akamai session (thread 128938810537664): HTTP 200 cookies=['ak_bmsc', 'bm_sv']
2026-06-01 00:12:44,003 INFO e14.session: primed Akamai session (thread 128934347781824): HTTP 200 cookies=['ak_bmsc', 'bm_sv']
2026-06-01 00:12:45,732 INFO e14.session: primed Akamai session (thread 128938491745984): HTTP 200 cookies=['ak_bmsc', 'bm_sv']
2026-06-01 00:12:51,071 INFO e14.session: primed Akamai session (thread 128937040529088): HTTP 200 cookies=['ak_bmsc', 'bm_sv']
2026-06-01 00:12:52,396 INFO e14.session: primed Akamai session (thread 128935975179968): HTTP 200 cookies=['ak_bmsc', 'bm_sv']
2026-06-01 00:12:58,965 INFO e14.session: primed Akamai session (thread 128936520443584): HTTP 200 cookies=['ak_bmsc', 'bm_sv']
2026-06-01 00:13:01,090 INFO e14.session: primed Akamai session (thread 128937065707200): HTTP 200 cookies=['ak_bmsc', 'bm_sv']
2026-06-01 00:13:02,223 INFO e14.session: primed Akamai session (thread 128938005231296): HTTP 200 cookies=['ak_bmsc', 'bm_sv']
2026-06-01 00:13:02,837 INFO e14.session: primed Akamai session (thread 128937971660480): HTTP 200 cookies=['ak_bmsc', 'bm_sv']
2026-06-01 00:13:04,147 INFO e14.session: primed Akamai session (thread 128940278539968): HTTP 200 cookies=['ak_bmsc', 'bm_sv']
2026-06-01 00:13:05,412 INFO e14.session: primed Akamai session (thread 128937023743680): HTTP 200 cookies=['ak_bmsc', 'bm_sv']
2026-06-01 00:13:05,596 INFO e14.session: primed Akamai session (thread 128937015350976): HTTP 200 cookies=['ak_bmsc', 'bm_sv']
2026-06-01 00:13:06,114 INFO e14.session: primed Akamai session (thread 128939741669056): HTTP 200 cookies=['ak_bmsc', 'bm_sv']
2026-06-01 00:13:06,361 INFO e14.session: primed Akamai session (thread 128934012073664): HTTP 200 cookies=['ak_bmsc', 'bm_sv']
2026-06-01 00:13:06,716 INFO e14.session: primed Akamai session (thread 128937032136384): HTTP 200 cookies=['ak_bmsc', 'bm_sv']
2026-06-01 00:13:07,301 INFO e14.session: primed Akamai session (thread 128939171227328): HTTP 200 cookies=['ak_bmsc', 'bm_sv']
2026-06-01 00:13:07,435 INFO e14.session: primed Akamai session (thread 128937988445888): HTTP 200 cookies=['ak_bmsc', 'bm_sv']
2026-06-01 00:13:07,633 INFO e14.session: primed Akamai session (thread 128934305818304): HTTP 200 cookies=['ak_bmsc', 'bm_sv']
2026-06-01 00:13:07,972 INFO e14.session: primed Akamai session (thread 128937057314496): HTTP 200 cookies=['ak_bmsc', 'bm_sv']
2026-06-01 00:13:08,289 INFO e14.session: primed Akamai session (thread 128939204798144): HTTP 200 cookies=['ak_bmsc', 'bm_sv']
2026-06-01 00:13:09,387 INFO e14.session: primed Akamai session (thread 128941410997952): HTTP 200 cookies=['ak_bmsc', 'bm_sv']
2026-06-01 00:13:11,880 INFO e14.session: primed Akamai session (thread 128940781840064): HTTP 200 cookies=['ak_bmsc', 'bm_sv']
2026-06-01 00:13:11,963 INFO e14.session: primed Akamai session (thread 128940286932672): HTTP 200 cookies=['ak_bmsc', 'bm_sv']
2026-06-01 00:13:13,228 INFO e14.session: primed Akamai session (thread 128933970110144): HTTP 200 cookies=['ak_bmsc', 'bm_sv']
2026-06-01 00:13:15,964 INFO e14.session: primed Akamai session (thread 128933953324736): HTTP 200 cookies=['ak_bmsc', 'bm_sv']
2026-06-01 00:13:15,985 INFO e14.session: primed Akamai session (thread 128940798625472): HTTP 200 cookies=['ak_bmsc', 'bm_sv']
2026-06-01 00:13:17,120 INFO e14.session: primed Akamai session (thread 128940244969152): HTTP 200 cookies=['ak_bmsc', 'bm_sv']
2026-06-01 00:13:17,681 INFO e14.session: primed Akamai session (thread 128936486872768): HTTP 200 cookies=['ak_bmsc', 'bm_sv']
2026-06-01 00:13:18,853 INFO e14.session: primed Akamai session (thread 128941377427136): HTTP 200 cookies=['ak_bmsc', 'bm_sv']
2026-06-01 00:13:18,855 INFO e14.session: primed Akamai session (thread 128938793752256): HTTP 200 cookies=['ak_bmsc', 'bm_sv']
2026-06-01 00:13:18,903 INFO e14.session: primed Akamai session (thread 128934070822592): HTTP 200 cookies=['ak_bmsc', 'bm_sv']
2026-06-01 00:13:20,443 INFO e14.session: primed Akamai session (thread 128940823803584): HTTP 200 cookies=['ak_bmsc', 'bm_sv']
2026-06-01 00:13:20,468 INFO e14.session: primed Akamai session (thread 128933961717440): HTTP 200 cookies=['ak_bmsc', 'bm_sv']
2026-06-01 00:13:20,656 INFO e14.session: primed Akamai session (thread 128934330996416): HTTP 200 cookies=['ak_bmsc', 'bm_sv']
2026-06-01 00:13:22,025 INFO e14.session: primed Akamai session (thread 128934079215296): HTTP 200 cookies=['ak_bmsc', 'bm_sv']
2026-06-01 00:13:22,069 INFO e14.session: primed Akamai session (thread 128933894575808): HTTP 200 cookies=['ak_bmsc', 'bm_sv']
2026-06-01 00:13:22,519 INFO e14.session: primed Akamai session (thread 128938785359552): HTTP 200 cookies=['ak_bmsc', 'bm_sv']
2026-06-01 00:13:26,175 INFO e14.session: primed Akamai session (thread 128935991965376): HTTP 200 cookies=['ak_bmsc', 'bm_sv']
2026-06-01 00:13:26,587 INFO e14.session: primed Akamai session (thread 128935966787264): HTTP 200 cookies=['ak_bmsc', 'bm_sv']
2026-06-01 00:13:27,087 INFO e14.session: primed Akamai session (thread 128934003680960): HTTP 200 cookies=['ak_bmsc', 'bm_sv']
2026-06-01 00:13:27,852 INFO e14.session: primed Akamai session (thread 128935429916352): HTTP 200 cookies=['ak_bmsc', 'bm_sv']
2026-06-01 00:13:28,073 INFO e14.session: primed Akamai session (thread 128934918223552): HTTP 200 cookies=['ak_bmsc', 'bm_sv']
2026-06-01 00:13:31,415 INFO e14.session: primed Akamai session (thread 128938516924096): HTTP 200 cookies=['ak_bmsc', 'bm_sv']
2026-06-01 00:13:32,407 INFO e14.session: primed Akamai session (thread 128938525316800): HTTP 200 cookies=['ak_bmsc', 'bm_sv']
2026-06-01 00:13:33,529 INFO e14.session: primed Akamai session (thread 128937963267776): HTTP 200 cookies=['ak_bmsc', 'bm_sv']
2026-06-01 00:13:36,452 INFO e14.session: primed Akamai session (thread 128934045644480): HTTP 200 cookies=['ak_bmsc', 'bm_sv']
2026-06-01 00:13:36,992 INFO e14.session: primed Akamai session (thread 128935446701760): HTTP 200 cookies=['ak_bmsc', 'bm_sv']
2026-06-01 00:13:37,772 INFO e14.session: primed Akamai session (thread 128934171535040): HTTP 200 cookies=['ak_bmsc', 'bm_sv']
2026-06-01 00:13:40,751 INFO e14.session: primed Akamai session (thread 128940261754560): HTTP 200 cookies=['ak_bmsc', 'bm_sv']
2026-06-01 00:13:40,986 INFO e14.session: primed Akamai session (thread 128934876260032): HTTP 200 cookies=['ak_bmsc', 'bm_sv']
2026-06-01 00:13:41,835 INFO e14.session: primed Akamai session (thread 128939162834624): HTTP 200 cookies=['ak_bmsc', 'bm_sv']
2026-06-01 00:13:44,156 INFO e14.session: primed Akamai session (thread 128934901438144): HTTP 200 cookies=['ak_bmsc', 'bm_sv']
2026-06-01 00:13:44,682 INFO e14.session: primed Akamai session (thread 128934297425600): HTTP 200 cookies=['ak_bmsc', 'bm_sv']
2026-06-01 00:13:45,051 INFO e14.session: primed Akamai session (thread 128934909830848): HTTP 200 cookies=['ak_bmsc', 'bm_sv']
2026-06-01 00:13:46,395 INFO e14.session: primed Akamai session (thread 128941394212544): HTTP 200 cookies=['ak_bmsc', 'bm_sv']
2026-06-01 00:13:46,454 INFO e14.session: primed Akamai session (thread 128934104393408): HTTP 200 cookies=['ak_bmsc', 'bm_sv']
2026-06-01 00:13:46,764 INFO e14.session: primed Akamai session (thread 128939750061760): HTTP 200 cookies=['ak_bmsc', 'bm_sv']
2026-06-01 00:13:46,932 INFO e14.session: primed Akamai session (thread 128934381352640): HTTP 200 cookies=['ak_bmsc', 'bm_sv']
2026-06-01 00:13:47,131 INFO e14.session: primed Akamai session (thread 128934272247488): HTTP 200 cookies=['ak_bmsc', 'bm_sv']
2026-06-01 00:13:47,238 INFO e14.session: primed Akamai session (thread 128939213190848): HTTP 200 cookies=['ak_bmsc', 'bm_sv']
2026-06-01 00:13:47,790 INFO e14.session: primed Akamai session (thread 128941654476480): HTTP 200 cookies=['ak_bmsc', 'bm_sv']
2026-06-01 00:13:48,281 INFO e14.session: primed Akamai session (thread 128933869397696): HTTP 200 cookies=['ak_bmsc', 'bm_sv']
2026-06-01 00:13:50,162 INFO e14.session: primed Akamai session (thread 128934121178816): HTTP 200 cookies=['ak_bmsc', 'bm_sv']
2026-06-01 00:13:50,842 INFO e14.session: primed Akamai session (thread 128934230283968): HTTP 200 cookies=['ak_bmsc', 'bm_sv']
2026-06-01 00:13:53,052 INFO e14.session: primed Akamai session (thread 128934020466368): HTTP 200 cookies=['ak_bmsc', 'bm_sv']
2026-06-01 00:13:54,317 INFO e14.session: primed Akamai session (thread 128938768574144): HTTP 200 cookies=['ak_bmsc', 'bm_sv']
2026-06-01 00:13:54,872 INFO e14.session: primed Akamai session (thread 128933919753920): HTTP 200 cookies=['ak_bmsc', 'bm_sv']
2026-06-01 00:13:57,438 INFO e14.session: primed Akamai session (thread 128938491745984): HTTP 200 cookies=['ak_bmsc', 'bm_sv']
2026-06-01 00:13:59,745 INFO e14.session: primed Akamai session (thread 128938810537664): HTTP 200 cookies=['ak_bmsc', 'bm_sv']
2026-06-01 00:14:02,049 INFO e14.session: primed Akamai session (thread 128934347781824): HTTP 200 cookies=['ak_bmsc', 'bm_sv']
2026-06-01 00:14:02,664 INFO e14.session: primed Akamai session (thread 128935975179968): HTTP 200 cookies=['ak_bmsc', 'bm_sv']
2026-06-01 00:14:09,499 INFO e14.session: primed Akamai session (thread 128937040529088): HTTP 200 cookies=['ak_bmsc', 'bm_sv']
2026-06-01 00:14:12,538 INFO e14.session: primed Akamai session (thread 128938005231296): HTTP 200 cookies=['ak_bmsc', 'bm_sv']
2026-06-01 00:14:19,074 INFO e14.session: primed Akamai session (thread 128934012073664): HTTP 200 cookies=['ak_bmsc', 'bm_sv']
2026-06-01 00:14:31,996 INFO e14.session: primed Akamai session (thread 128940781840064): HTTP 200 cookies=['ak_bmsc', 'bm_sv']
2026-06-01 00:14:34,853 INFO e14.session: primed Akamai session (thread 128933970110144): HTTP 200 cookies=['ak_bmsc', 'bm_sv']
2026-06-01 00:14:35,261 INFO e14.session: primed Akamai session (thread 128940244969152): HTTP 200 cookies=['ak_bmsc', 'bm_sv']
2026-06-01 00:14:38,605 INFO e14.session: primed Akamai session (thread 128938793752256): HTTP 200 cookies=['ak_bmsc', 'bm_sv']
2026-06-01 00:14:38,668 INFO e14.session: primed Akamai session (thread 128934330996416): HTTP 200 cookies=['ak_bmsc', 'bm_sv']
2026-06-01 00:14:48,762 INFO e14.session: primed Akamai session (thread 128935966787264): HTTP 200 cookies=['ak_bmsc', 'bm_sv']
2026-06-01 00:15:16,494 INFO e14.session: primed Akamai session (thread 128938491745984): HTTP 200 cookies=['ak_bmsc', 'bm_sv']
2026-06-01 00:15:21,847 INFO e14.session: primed Akamai session (thread 128940790232768): HTTP 200 cookies=['ak_bmsc', 'bm_sv']
2026-06-01 00:15:22,118 INFO e14.session: primed Akamai session (thread 128935975179968): HTTP 200 cookies=['ak_bmsc', 'bm_sv']
2026-06-01 00:15:33,021 INFO e14.session: primed Akamai session (thread 128938005231296): HTTP 200 cookies=['ak_bmsc', 'bm_sv']
2026-06-01 00:15:38,330 INFO e14.session: primed Akamai session (thread 128934012073664): HTTP 200 cookies=['ak_bmsc', 'bm_sv']
2026-06-01 00:20:27,098 INFO e14.session: primed Akamai session (thread 128933902968512): HTTP 200 cookies=['ak_bmsc', 'bm_sv']
2026-06-01 00:21:15,118 INFO e14.session: primed Akamai session (thread 128935421523648): HTTP 200 cookies=['ak_bmsc', 'bm_sv']
2026-06-01 00:21:18,182 INFO e14.session: primed Akamai session (thread 128934297425600): HTTP 200 cookies=['ak_bmsc', 'bm_sv']
2026-06-01 00:21:20,575 INFO e14.session: primed Akamai session (thread 128935429916352): HTTP 200 cookies=['ak_bmsc', 'bm_sv']
2026-06-01 00:21:22,557 INFO e14.session: primed Akamai session (thread 128937996838592): HTTP 200 cookies=['ak_bmsc', 'bm_sv']
2026-06-01 00:21:24,455 INFO e14.session: primed Akamai session (thread 128934179927744): HTTP 200 cookies=['ak_bmsc', 'bm_sv']
2026-06-01 00:21:26,704 INFO e14.session: primed Akamai session (thread 128940270147264): HTTP 200 cookies=['ak_bmsc', 'bm_sv']
2026-06-01 00:21:32,322 INFO e14.session: primed Akamai session (thread 128934221891264): HTTP 200 cookies=['ak_bmsc', 'bm_sv']
2026-06-01 00:21:33,749 INFO e14.session: primed Akamai session (thread 128940286932672): HTTP 200 cookies=['ak_bmsc', 'bm_sv']
2026-06-01 00:21:34,353 INFO e14.session: primed Akamai session (thread 128933902968512): HTTP 200 cookies=['ak_bmsc', 'bm_sv']
2026-06-01 00:21:35,395 INFO e14.session: primed Akamai session (thread 128936478480064): HTTP 200 cookies=['ak_bmsc', 'bm_sv']
2026-06-01 00:21:40,073 INFO e14.session: primed Akamai session (thread 128938810537664): HTTP 200 cookies=['ak_bmsc', 'bm_sv']
2026-06-01 00:21:41,587 INFO e14.session: primed Akamai session (thread 128939724883648): HTTP 200 cookies=['ak_bmsc', 'bm_sv']
2026-06-01 00:21:44,108 INFO e14.session: primed Akamai session (thread 128933894575808): HTTP 200 cookies=['ak_bmsc', 'bm_sv']
2026-06-01 00:21:45,557 INFO e14.session: primed Akamai session (thread 128934020466368): HTTP 200 cookies=['ak_bmsc', 'bm_sv']
2026-06-01 00:21:47,237 INFO e14.session: primed Akamai session (thread 128938785359552): HTTP 200 cookies=['ak_bmsc', 'bm_sv']
2026-06-01 00:21:50,157 INFO e14.session: primed Akamai session (thread 128934028859072): HTTP 200 cookies=['ak_bmsc', 'bm_sv']
2026-06-01 00:21:50,726 INFO e14.session: primed Akamai session (thread 128938533709504): HTTP 200 cookies=['ak_bmsc', 'bm_sv']
2026-06-01 00:21:51,084 INFO e14.session: primed Akamai session (thread 128939162834624): HTTP 200 cookies=['ak_bmsc', 'bm_sv']
2026-06-01 00:21:51,169 INFO e14.session: primed Akamai session (thread 128934163142336): HTTP 200 cookies=['ak_bmsc', 'bm_sv']
2026-06-01 00:21:51,203 INFO e14.session: primed Akamai session (thread 128938760181440): HTTP 200 cookies=['ak_bmsc', 'bm_sv']
2026-06-01 00:21:51,253 INFO e14.session: primed Akamai session (thread 128941410997952): HTTP 200 cookies=['ak_bmsc', 'bm_sv']
2026-06-01 00:21:51,273 INFO e14.session: primed Akamai session (thread 128934314211008): HTTP 200 cookies=['ak_bmsc', 'bm_sv']
2026-06-01 00:21:51,566 INFO e14.session: primed Akamai session (thread 128934901438144): HTTP 200 cookies=['ak_bmsc', 'bm_sv']
2026-06-01 00:21:51,699 INFO e14.session: primed Akamai session (thread 128940773447360): HTTP 200 cookies=['ak_bmsc', 'bm_sv']
2026-06-01 00:21:52,072 INFO e14.session: primed Akamai session (thread 128934137964224): HTTP 200 cookies=['ak_bmsc', 'bm_sv']
2026-06-01 00:21:52,080 INFO e14.session: primed Akamai session (thread 128940244969152): HTTP 200 cookies=['ak_bmsc', 'bm_sv']
2026-06-01 00:21:52,131 INFO e14.session: primed Akamai session (thread 128935413130944): HTTP 200 cookies=['ak_bmsc', 'bm_sv']
2026-06-01 00:21:52,365 INFO e14.session: primed Akamai session (thread 128933911361216): HTTP 200 cookies=['ak_bmsc', 'bm_sv']
2026-06-01 00:21:52,604 INFO e14.session: primed Akamai session (thread 128935975179968): HTTP 200 cookies=['ak_bmsc', 'bm_sv']
2026-06-01 00:21:52,863 INFO e14.session: primed Akamai session (thread 128934062429888): HTTP 200 cookies=['ak_bmsc', 'bm_sv']
2026-06-01 00:21:53,047 INFO e14.session: primed Akamai session (thread 128938005231296): HTTP 200 cookies=['ak_bmsc', 'bm_sv']
2026-06-01 00:21:53,525 INFO e14.session: primed Akamai session (thread 128933953324736): HTTP 200 cookies=['ak_bmsc', 'bm_sv']
2026-06-01 00:21:53,820 INFO e14.session: primed Akamai session (thread 128934339389120): HTTP 200 cookies=['ak_bmsc', 'bm_sv']
2026-06-01 00:21:54,051 INFO e14.session: primed Akamai session (thread 128934129571520): HTTP 200 cookies=['ak_bmsc', 'bm_sv']
2026-06-01 00:21:54,431 INFO e14.session: primed Akamai session (thread 128940261754560): HTTP 200 cookies=['ak_bmsc', 'bm_sv']
2026-06-01 00:21:54,467 INFO e14.session: primed Akamai session (thread 128933978502848): HTTP 200 cookies=['ak_bmsc', 'bm_sv']
2026-06-01 00:21:54,941 INFO e14.session: primed Akamai session (thread 128936512050880): HTTP 200 cookies=['ak_bmsc', 'bm_sv']
2026-06-01 00:21:54,955 INFO e14.session: primed Akamai session (thread 128937980053184): HTTP 200 cookies=['ak_bmsc', 'bm_sv']
2026-06-01 00:21:55,158 INFO e14.session: primed Akamai session (thread 128933869397696): HTTP 200 cookies=['ak_bmsc', 'bm_sv']
2026-06-01 00:21:56,153 INFO e14.session: primed Akamai session (thread 128933835826880): HTTP 200 cookies=['ak_bmsc', 'bm_sv']
2026-06-01 00:21:57,761 INFO e14.session: primed Akamai session (thread 128938793752256): HTTP 200 cookies=['ak_bmsc', 'bm_sv']
2026-06-01 00:21:58,237 INFO e14.session: primed Akamai session (thread 128939699705536): HTTP 200 cookies=['ak_bmsc', 'bm_sv']
2026-06-01 00:21:58,335 INFO e14.session: primed Akamai session (thread 128939741669056): HTTP 200 cookies=['ak_bmsc', 'bm_sv']
2026-06-01 00:21:59,053 INFO e14.session: primed Akamai session (thread 128935455094464): HTTP 200 cookies=['ak_bmsc', 'bm_sv']
2026-06-01 00:21:59,509 INFO e14.session: primed Akamai session (thread 128940807018176): HTTP 200 cookies=['ak_bmsc', 'bm_sv']
2026-06-01 00:22:00,227 INFO e14.session: primed Akamai session (thread 128939171227328): HTTP 200 cookies=['ak_bmsc', 'bm_sv']
2026-06-01 00:22:01,285 INFO e14.session: primed Akamai session (thread 128933970110144): HTTP 200 cookies=['ak_bmsc', 'bm_sv']
2026-06-01 00:22:03,589 INFO e14.session: primed Akamai session (thread 128941394212544): HTTP 200 cookies=['ak_bmsc', 'bm_sv']
2026-06-01 00:22:06,249 INFO e14.session: primed Akamai session (thread 128934196713152): HTTP 200 cookies=['ak_bmsc', 'bm_sv']
2026-06-01 00:22:08,270 INFO e14.session: primed Akamai session (thread 128934087608000): HTTP 200 cookies=['ak_bmsc', 'bm_sv']
2026-06-01 00:22:09,211 INFO e14.session: primed Akamai session (thread 128938768574144): HTTP 200 cookies=['ak_bmsc', 'bm_sv']
2026-06-01 00:22:09,319 INFO e14.session: primed Akamai session (thread 128933844219584): HTTP 200 cookies=['ak_bmsc', 'bm_sv']
2026-06-01 00:22:09,351 INFO e14.session: primed Akamai session (thread 128940236576448): HTTP 200 cookies=['ak_bmsc', 'bm_sv']
2026-06-01 00:22:16,726 INFO e14.session: primed Akamai session (thread 128937048921792): HTTP 200 cookies=['ak_bmsc', 'bm_sv']
2026-06-01 00:22:17,023 INFO e14.session: primed Akamai session (thread 128934037251776): HTTP 200 cookies=['ak_bmsc', 'bm_sv']
2026-06-01 00:22:18,756 INFO e14.session: primed Akamai session (thread 128934070822592): HTTP 200 cookies=['ak_bmsc', 'bm_sv']
2026-06-01 00:22:19,309 INFO e14.session: primed Akamai session (thread 128934381352640): HTTP 200 cookies=['ak_bmsc', 'bm_sv']
2026-06-01 00:22:22,956 INFO e14.session: primed Akamai session (thread 128934372959936): HTTP 200 cookies=['ak_bmsc', 'bm_sv']
2026-06-01 00:22:22,959 INFO e14.session: primed Akamai session (thread 128939179620032): HTTP 200 cookies=['ak_bmsc', 'bm_sv']
2026-06-01 00:22:24,063 INFO e14.session: primed Akamai session (thread 128935421523648): HTTP 200 cookies=['ak_bmsc', 'bm_sv']
2026-06-01 00:22:24,768 INFO e14.session: primed Akamai session (thread 128934297425600): HTTP 200 cookies=['ak_bmsc', 'bm_sv']
2026-06-01 00:22:25,430 INFO e14.session: primed Akamai session (thread 128941637691072): HTTP 200 cookies=['ak_bmsc', 'bm_sv']
2026-06-01 00:22:25,593 INFO e14.session: primed Akamai session (thread 128935438309056): HTTP 200 cookies=['ak_bmsc', 'bm_sv']
2026-06-01 00:22:27,519 INFO e14.session: primed Akamai session (thread 128935941609152): HTTP 200 cookies=['ak_bmsc', 'bm_sv']
2026-06-01 00:22:28,145 INFO e14.session: primed Akamai session (thread 128933852612288): HTTP 200 cookies=['ak_bmsc', 'bm_sv']
2026-06-01 00:22:30,176 INFO e14.session: primed Akamai session (thread 128934884652736): HTTP 200 cookies=['ak_bmsc', 'bm_sv']
2026-06-01 00:22:31,283 INFO e14.session: primed Akamai session (thread 128937996838592): HTTP 200 cookies=['ak_bmsc', 'bm_sv']
2026-06-01 00:22:32,420 INFO e14.session: primed Akamai session (thread 128934263854784): HTTP 200 cookies=['ak_bmsc', 'bm_sv']
2026-06-01 00:22:33,684 INFO e14.session: primed Akamai session (thread 128938802144960): HTTP 200 cookies=['ak_bmsc', 'bm_sv']
2026-06-01 00:22:34,548 INFO e14.session: primed Akamai session (thread 128940270147264): HTTP 200 cookies=['ak_bmsc', 'bm_sv']
2026-06-01 00:22:35,318 INFO e14.session: primed Akamai session (thread 128934280640192): HTTP 200 cookies=['ak_bmsc', 'bm_sv']
2026-06-01 00:22:37,685 INFO e14.session: primed Akamai session (thread 128933861004992): HTTP 200 cookies=['ak_bmsc', 'bm_sv']
2026-06-01 00:22:37,912 INFO e14.session: primed Akamai session (thread 128934221891264): HTTP 200 cookies=['ak_bmsc', 'bm_sv']
2026-06-01 00:22:38,796 INFO e14.session: primed Akamai session (thread 128934054037184): HTTP 200 cookies=['ak_bmsc', 'bm_sv']
2026-06-01 00:22:40,171 INFO e14.session: primed Akamai session (thread 128940286932672): HTTP 200 cookies=['ak_bmsc', 'bm_sv']
2026-06-01 00:22:44,859 INFO e14.session: primed Akamai session (thread 128938810537664): HTTP 200 cookies=['ak_bmsc', 'bm_sv']
2026-06-01 00:22:45,064 INFO e14.session: primed Akamai session (thread 128933902968512): HTTP 200 cookies=['ak_bmsc', 'bm_sv']
2026-06-01 00:22:50,616 INFO e14.session: primed Akamai session (thread 128933894575808): HTTP 200 cookies=['ak_bmsc', 'bm_sv']
2026-06-01 00:22:51,105 INFO e14.session: primed Akamai session (thread 128934020466368): HTTP 200 cookies=['ak_bmsc', 'bm_sv']
2026-06-01 00:22:55,467 INFO e14.session: primed Akamai session (thread 128939162834624): HTTP 200 cookies=['ak_bmsc', 'bm_sv']
2026-06-01 00:22:57,096 INFO e14.session: primed Akamai session (thread 128938785359552): HTTP 200 cookies=['ak_bmsc', 'bm_sv']
2026-06-01 00:22:57,566 INFO e14.session: primed Akamai session (thread 128934163142336): HTTP 200 cookies=['ak_bmsc', 'bm_sv']
2026-06-01 00:22:58,243 INFO e14.session: primed Akamai session (thread 128934028859072): HTTP 200 cookies=['ak_bmsc', 'bm_sv']
2026-06-01 00:22:58,797 INFO e14.session: primed Akamai session (thread 128935413130944): HTTP 200 cookies=['ak_bmsc', 'bm_sv']
2026-06-01 00:22:59,100 INFO e14.session: primed Akamai session (thread 128938533709504): HTTP 200 cookies=['ak_bmsc', 'bm_sv']
2026-06-01 00:22:59,689 INFO e14.session: primed Akamai session (thread 128938005231296): HTTP 200 cookies=['ak_bmsc', 'bm_sv']
2026-06-01 00:22:59,816 INFO e14.session: primed Akamai session (thread 128935975179968): HTTP 200 cookies=['ak_bmsc', 'bm_sv']
2026-06-01 00:23:00,097 INFO e14.session: primed Akamai session (thread 128938760181440): HTTP 200 cookies=['ak_bmsc', 'bm_sv']
2026-06-01 00:23:00,167 INFO e14.session: primed Akamai session (thread 128933911361216): HTTP 200 cookies=['ak_bmsc', 'bm_sv']
2026-06-01 00:23:00,984 INFO e14.session: primed Akamai session (thread 128934901438144): HTTP 200 cookies=['ak_bmsc', 'bm_sv']
2026-06-01 00:23:01,170 INFO e14.session: primed Akamai session (thread 128934137964224): HTTP 200 cookies=['ak_bmsc', 'bm_sv']
2026-06-01 00:23:01,315 INFO e14.session: primed Akamai session (thread 128941410997952): HTTP 200 cookies=['ak_bmsc', 'bm_sv']
2026-06-01 00:23:01,519 INFO e14.session: primed Akamai session (thread 128940773447360): HTTP 200 cookies=['ak_bmsc', 'bm_sv']
2026-06-01 00:23:01,959 INFO e14.session: primed Akamai session (thread 128934339389120): HTTP 200 cookies=['ak_bmsc', 'bm_sv']
2026-06-01 00:23:02,624 INFO e14.session: primed Akamai session (thread 128934129571520): HTTP 200 cookies=['ak_bmsc', 'bm_sv']
2026-06-01 00:23:02,702 INFO e14.session: primed Akamai session (thread 128934062429888): HTTP 200 cookies=['ak_bmsc', 'bm_sv']
2026-06-01 00:23:02,981 INFO e14.session: primed Akamai session (thread 128933835826880): HTTP 200 cookies=['ak_bmsc', 'bm_sv']
2026-06-01 00:23:03,164 INFO e14.session: primed Akamai session (thread 128933978502848): HTTP 200 cookies=['ak_bmsc', 'bm_sv']
2026-06-01 00:23:03,645 INFO e14.session: primed Akamai session (thread 128933869397696): HTTP 200 cookies=['ak_bmsc', 'bm_sv']
2026-06-01 00:23:03,700 INFO e14.session: primed Akamai session (thread 128940261754560): HTTP 200 cookies=['ak_bmsc', 'bm_sv']
2026-06-01 00:23:03,733 INFO e14.session: primed Akamai session (thread 128940244969152): HTTP 200 cookies=['ak_bmsc', 'bm_sv']
2026-06-01 00:23:03,862 INFO e14.session: primed Akamai session (thread 128937980053184): HTTP 200 cookies=['ak_bmsc', 'bm_sv']
2026-06-01 00:23:03,972 INFO e14.session: primed Akamai session (thread 128933953324736): HTTP 200 cookies=['ak_bmsc', 'bm_sv']
2026-06-01 00:23:04,551 INFO e14.session: primed Akamai session (thread 128939699705536): HTTP 200 cookies=['ak_bmsc', 'bm_sv']
2026-06-01 00:23:04,661 INFO e14.session: primed Akamai session (thread 128934909830848): HTTP 200 cookies=['ak_bmsc', 'bm_sv']
2026-06-01 00:23:04,900 INFO e14.session: primed Akamai session (thread 128935455094464): HTTP 200 cookies=['ak_bmsc', 'bm_sv']
2026-06-01 00:23:05,773 INFO e14.session: primed Akamai session (thread 128939171227328): HTTP 200 cookies=['ak_bmsc', 'bm_sv']
2026-06-01 00:23:07,336 INFO e14.session: primed Akamai session (thread 128933970110144): HTTP 200 cookies=['ak_bmsc', 'bm_sv']
2026-06-01 00:23:08,306 INFO e14.session: primed Akamai session (thread 128939741669056): HTTP 200 cookies=['ak_bmsc', 'bm_sv']
2026-06-01 00:23:08,368 INFO e14.session: primed Akamai session (thread 128940807018176): HTTP 200 cookies=['ak_bmsc', 'bm_sv']
2026-06-01 00:23:11,853 INFO e14.session: primed Akamai session (thread 128934196713152): HTTP 200 cookies=['ak_bmsc', 'bm_sv']
2026-06-01 00:23:14,840 INFO e14.session: primed Akamai session (thread 128940236576448): HTTP 200 cookies=['ak_bmsc', 'bm_sv']
2026-06-01 00:23:15,630 INFO e14.session: primed Akamai session (thread 128934087608000): HTTP 200 cookies=['ak_bmsc', 'bm_sv']
2026-06-01 00:23:16,083 INFO e14.session: primed Akamai session (thread 128938768574144): HTTP 200 cookies=['ak_bmsc', 'bm_sv']
2026-06-01 00:23:16,255 INFO e14.session: primed Akamai session (thread 128941394212544): HTTP 200 cookies=['ak_bmsc', 'bm_sv']
2026-06-01 00:23:21,669 INFO e14.session: primed Akamai session (thread 128933844219584): HTTP 200 cookies=['ak_bmsc', 'bm_sv']
2026-06-01 00:23:22,035 INFO e14.session: primed Akamai session (thread 128934037251776): HTTP 200 cookies=['ak_bmsc', 'bm_sv']
2026-06-01 00:23:25,077 INFO e14.session: primed Akamai session (thread 128937048921792): HTTP 200 cookies=['ak_bmsc', 'bm_sv']
2026-06-01 00:23:27,060 INFO e14.session: primed Akamai session (thread 128934381352640): HTTP 200 cookies=['ak_bmsc', 'bm_sv']
2026-06-01 00:23:28,687 INFO e14.session: primed Akamai session (thread 128934070822592): HTTP 200 cookies=['ak_bmsc', 'bm_sv']
2026-06-01 00:23:28,738 INFO e14.session: primed Akamai session (thread 128939179620032): HTTP 200 cookies=['ak_bmsc', 'bm_sv']
2026-06-01 00:23:29,663 INFO e14.session: primed Akamai session (thread 128934372959936): HTTP 200 cookies=['ak_bmsc', 'bm_sv']
2026-06-01 00:23:31,189 INFO e14.session: primed Akamai session (thread 128935421523648): HTTP 200 cookies=['ak_bmsc', 'bm_sv']
2026-06-01 00:23:32,767 INFO e14.session: primed Akamai session (thread 128941637691072): HTTP 200 cookies=['ak_bmsc', 'bm_sv']
2026-06-01 00:23:32,923 INFO e14.session: primed Akamai session (thread 128933852612288): HTTP 200 cookies=['ak_bmsc', 'bm_sv']
2026-06-01 00:23:34,447 INFO e14.session: primed Akamai session (thread 128934884652736): HTTP 200 cookies=['ak_bmsc', 'bm_sv']
2026-06-01 00:23:36,474 INFO e14.session: primed Akamai session (thread 128934297425600): HTTP 200 cookies=['ak_bmsc', 'bm_sv']
2026-06-01 00:23:36,711 INFO e14.session: primed Akamai session (thread 128935438309056): HTTP 200 cookies=['ak_bmsc', 'bm_sv']
2026-06-01 00:23:37,154 INFO e14.session: primed Akamai session (thread 128935941609152): HTTP 200 cookies=['ak_bmsc', 'bm_sv']
2026-06-01 00:23:40,501 INFO e14.session: primed Akamai session (thread 128934280640192): HTTP 200 cookies=['ak_bmsc', 'bm_sv']
2026-06-01 00:23:41,610 INFO e14.session: primed Akamai session (thread 128937996838592): HTTP 200 cookies=['ak_bmsc', 'bm_sv']
2026-06-01 00:23:42,096 INFO e14.session: primed Akamai session (thread 128938802144960): HTTP 200 cookies=['ak_bmsc', 'bm_sv']
2026-06-01 00:23:43,807 INFO e14.session: primed Akamai session (thread 128933861004992): HTTP 200 cookies=['ak_bmsc', 'bm_sv']
2026-06-01 00:23:46,129 INFO e14.session: primed Akamai session (thread 128934054037184): HTTP 200 cookies=['ak_bmsc', 'bm_sv']
2026-06-01 00:23:46,912 INFO e14.session: primed Akamai session (thread 128940286932672): HTTP 200 cookies=['ak_bmsc', 'bm_sv']
2026-06-01 00:23:50,153 INFO e14.session: primed Akamai session (thread 128934238676672): HTTP 200 cookies=['ak_bmsc', 'bm_sv']
2026-06-01 00:23:52,587 INFO e14.session: primed Akamai session (thread 128933919753920): HTTP 200 cookies=['ak_bmsc', 'bm_sv']
2026-06-01 00:23:55,309 INFO e14.session: primed Akamai session (thread 128933902968512): HTTP 200 cookies=['ak_bmsc', 'bm_sv']
2026-06-01 00:23:56,754 INFO e14.session: primed Akamai session (thread 128934146356928): HTTP 200 cookies=['ak_bmsc', 'bm_sv']
2026-06-01 00:23:57,780 INFO e14.session: primed Akamai session (thread 128936478480064): HTTP 200 cookies=['ak_bmsc', 'bm_sv']
2026-06-01 00:23:57,859 INFO e14.session: primed Akamai session (thread 128939716490944): HTTP 200 cookies=['ak_bmsc', 'bm_sv']
2026-06-01 00:23:58,137 INFO e14.session: primed Akamai session (thread 128934020466368): HTTP 200 cookies=['ak_bmsc', 'bm_sv']
2026-06-01 00:23:58,244 INFO e14.session: primed Akamai session (thread 128939733276352): HTTP 200 cookies=['ak_bmsc', 'bm_sv']
2026-06-01 00:23:58,511 INFO e14.session: primed Akamai session (thread 128938491745984): HTTP 200 cookies=['ak_bmsc', 'bm_sv']
2026-06-01 00:23:58,582 INFO e14.session: primed Akamai session (thread 128936520443584): HTTP 200 cookies=['ak_bmsc', 'bm_sv']
2026-06-01 00:23:58,586 INFO e14.session: primed Akamai session (thread 128933894575808): HTTP 200 cookies=['ak_bmsc', 'bm_sv']
2026-06-01 00:23:58,615 INFO e14.session: primed Akamai session (thread 128936503658176): HTTP 200 cookies=['ak_bmsc', 'bm_sv']
2026-06-01 00:23:59,033 INFO e14.session: primed Akamai session (thread 128939188012736): HTTP 200 cookies=['ak_bmsc', 'bm_sv']
2026-06-01 00:23:59,621 INFO e14.session: primed Akamai session (thread 128941427783360): HTTP 200 cookies=['ak_bmsc', 'bm_sv']
2026-06-01 00:23:59,878 INFO e14.session: primed Akamai session (thread 128937065707200): HTTP 200 cookies=['ak_bmsc', 'bm_sv']
2026-06-01 00:24:02,733 INFO e14.session: primed Akamai session (thread 128939162834624): HTTP 200 cookies=['ak_bmsc', 'bm_sv']
2026-06-01 00:24:05,138 INFO e14.session: primed Akamai session (thread 128934163142336): HTTP 200 cookies=['ak_bmsc', 'bm_sv']
2026-06-01 00:24:05,288 INFO e14.session: primed Akamai session (thread 128934028859072): HTTP 200 cookies=['ak_bmsc', 'bm_sv']
2026-06-01 00:24:05,322 INFO e14.session: primed Akamai session (thread 128938785359552): HTTP 200 cookies=['ak_bmsc', 'bm_sv']
2026-06-01 00:24:06,683 INFO e14.session: primed Akamai session (thread 128938793752256): HTTP 200 cookies=['ak_bmsc', 'bm_sv']
2026-06-01 00:24:07,198 INFO e14.session: primed Akamai session (thread 128938533709504): HTTP 200 cookies=['ak_bmsc', 'bm_sv']
2026-06-01 00:24:07,371 INFO e14.session: primed Akamai session (thread 128939708098240): HTTP 200 cookies=['ak_bmsc', 'bm_sv']
2026-06-01 00:24:07,957 INFO e14.session: primed Akamai session (thread 128938760181440): HTTP 200 cookies=['ak_bmsc', 'bm_sv']
2026-06-01 00:24:08,091 INFO e14.session: primed Akamai session (thread 128934137964224): HTTP 200 cookies=['ak_bmsc', 'bm_sv']
2026-06-01 00:24:08,340 INFO e14.session: primed Akamai session (thread 128938005231296): HTTP 200 cookies=['ak_bmsc', 'bm_sv']
2026-06-01 00:24:08,758 INFO e14.session: primed Akamai session (thread 128934339389120): HTTP 200 cookies=['ak_bmsc', 'bm_sv']
2026-06-01 00:24:09,098 INFO e14.session: primed Akamai session (thread 128933911361216): HTTP 200 cookies=['ak_bmsc', 'bm_sv']
2026-06-01 00:24:09,198 INFO e14.session: primed Akamai session (thread 128938500138688): HTTP 200 cookies=['ak_bmsc', 'bm_sv']
2026-06-01 00:24:09,341 INFO e14.session: primed Akamai session (thread 128941410997952): HTTP 200 cookies=['ak_bmsc', 'bm_sv']
2026-06-01 00:24:09,393 INFO e14.session: primed Akamai session (thread 128934901438144): HTTP 200 cookies=['ak_bmsc', 'bm_sv']
2026-06-01 00:24:09,671 INFO e14.session: primed Akamai session (thread 128934330996416): HTTP 200 cookies=['ak_bmsc', 'bm_sv']
2026-06-01 00:24:09,888 INFO e14.session: primed Akamai session (thread 128934230283968): HTTP 200 cookies=['ak_bmsc', 'bm_sv']
2026-06-01 00:24:10,270 INFO e14.session: primed Akamai session (thread 128934129571520): HTTP 200 cookies=['ak_bmsc', 'bm_sv']
2026-06-01 00:24:10,524 INFO e14.session: primed Akamai session (thread 128933886183104): HTTP 200 cookies=['ak_bmsc', 'bm_sv']
2026-06-01 00:24:10,876 INFO e14.session: primed Akamai session (thread 128939204798144): HTTP 200 cookies=['ak_bmsc', 'bm_sv']
2026-06-01 00:24:11,212 INFO e14.session: primed Akamai session (thread 128933953324736): HTTP 200 cookies=['ak_bmsc', 'bm_sv']
2026-06-01 00:24:11,394 INFO e14.session: primed Akamai session (thread 128933835826880): HTTP 200 cookies=['ak_bmsc', 'bm_sv']
2026-06-01 00:24:11,409 INFO e14.session: primed Akamai session (thread 128933978502848): HTTP 200 cookies=['ak_bmsc', 'bm_sv']
2026-06-01 00:24:11,452 INFO e14.session: primed Akamai session (thread 128934909830848): HTTP 200 cookies=['ak_bmsc', 'bm_sv']
2026-06-01 00:24:11,611 INFO e14.session: primed Akamai session (thread 128935975179968): HTTP 200 cookies=['ak_bmsc', 'bm_sv']
2026-06-01 00:24:11,751 INFO e14.session: primed Akamai session (thread 128934314211008): HTTP 200 cookies=['ak_bmsc', 'bm_sv']
2026-06-01 00:24:12,410 INFO e14.session: primed Akamai session (thread 128939699705536): HTTP 200 cookies=['ak_bmsc', 'bm_sv']
2026-06-01 00:24:12,451 INFO e14.session: primed Akamai session (thread 128934062429888): HTTP 200 cookies=['ak_bmsc', 'bm_sv']
2026-06-01 00:24:12,485 INFO e14.session: primed Akamai session (thread 128935429916352): HTTP 200 cookies=['ak_bmsc', 'bm_sv']
2026-06-01 00:24:12,655 INFO e14.session: primed Akamai session (thread 128935446701760): HTTP 200 cookies=['ak_bmsc', 'bm_sv']
2026-06-01 00:24:12,862 INFO e14.session: primed Akamai session (thread 128937980053184): HTTP 200 cookies=['ak_bmsc', 'bm_sv']
2026-06-01 00:24:13,203 INFO e14.session: primed Akamai session (thread 128940261754560): HTTP 200 cookies=['ak_bmsc', 'bm_sv']
2026-06-01 00:24:13,884 INFO e14.session: primed Akamai session (thread 128941646083776): HTTP 200 cookies=['ak_bmsc', 'bm_sv']
2026-06-01 00:24:14,162 INFO e14.session: primed Akamai session (thread 128940244969152): HTTP 200 cookies=['ak_bmsc', 'bm_sv']
2026-06-01 00:24:15,893 INFO e14.session: primed Akamai session (thread 128939171227328): HTTP 200 cookies=['ak_bmsc', 'bm_sv']
2026-06-01 00:24:17,371 INFO e14.session: primed Akamai session (thread 128939741669056): HTTP 200 cookies=['ak_bmsc', 'bm_sv']
2026-06-01 00:24:17,391 INFO e14.session: primed Akamai session (thread 128940807018176): HTTP 200 cookies=['ak_bmsc', 'bm_sv']
2026-06-01 00:24:17,977 INFO e14.session: primed Akamai session (thread 128933970110144): HTTP 200 cookies=['ak_bmsc', 'bm_sv']
2026-06-01 00:24:21,012 INFO e14.session: primed Akamai session (thread 128934196713152): HTTP 200 cookies=['ak_bmsc', 'bm_sv']
2026-06-01 00:24:22,747 INFO e14.session: primed Akamai session (thread 128938768574144): HTTP 200 cookies=['ak_bmsc', 'bm_sv']
2026-06-01 00:24:24,202 INFO e14.session: primed Akamai session (thread 128940236576448): HTTP 200 cookies=['ak_bmsc', 'bm_sv']
2026-06-01 00:24:24,632 INFO e14.session: primed Akamai session (thread 128934087608000): HTTP 200 cookies=['ak_bmsc', 'bm_sv']
2026-06-01 00:24:25,556 INFO e14.session: primed Akamai session (thread 128941654476480): HTTP 200 cookies=['ak_bmsc', 'bm_sv']
2026-06-01 00:24:30,035 INFO e14.session: primed Akamai session (thread 128933844219584): HTTP 200 cookies=['ak_bmsc', 'bm_sv']
2026-06-01 00:24:32,747 INFO e14.session: primed Akamai session (thread 128937048921792): HTTP 200 cookies=['ak_bmsc', 'bm_sv']
2026-06-01 00:24:34,275 INFO e14.session: primed Akamai session (thread 128934381352640): HTTP 200 cookies=['ak_bmsc', 'bm_sv']
2026-06-01 00:24:35,889 INFO e14.session: primed Akamai session (thread 128934372959936): HTTP 200 cookies=['ak_bmsc', 'bm_sv']
2026-06-01 00:24:36,334 INFO e14.session: primed Akamai session (thread 128939179620032): HTTP 200 cookies=['ak_bmsc', 'bm_sv']
2026-06-01 00:24:42,697 INFO e14.session: primed Akamai session (thread 128933852612288): HTTP 200 cookies=['ak_bmsc', 'bm_sv']
2026-06-01 00:24:42,997 INFO e14.session: primed Akamai session (thread 128934884652736): HTTP 200 cookies=['ak_bmsc', 'bm_sv']
2026-06-01 00:24:43,534 INFO e14.session: primed Akamai session (thread 128935421523648): HTTP 200 cookies=['ak_bmsc', 'bm_sv']
2026-06-01 00:24:43,688 INFO e14.session: primed Akamai session (thread 128941637691072): HTTP 200 cookies=['ak_bmsc', 'bm_sv']
2026-06-01 00:24:46,713 INFO e14.session: primed Akamai session (thread 128935941609152): HTTP 200 cookies=['ak_bmsc', 'bm_sv']
2026-06-01 00:24:48,947 INFO e14.session: primed Akamai session (thread 128934297425600): HTTP 200 cookies=['ak_bmsc', 'bm_sv']
2026-06-01 00:24:49,118 INFO e14.session: primed Akamai session (thread 128938802144960): HTTP 200 cookies=['ak_bmsc', 'bm_sv']
2026-06-01 00:24:49,771 INFO e14.session: primed Akamai session (thread 128935438309056): HTTP 200 cookies=['ak_bmsc', 'bm_sv']
2026-06-01 00:24:51,747 INFO e14.session: primed Akamai session (thread 128937996838592): HTTP 200 cookies=['ak_bmsc', 'bm_sv']
2026-06-01 00:24:57,577 INFO e14.session: primed Akamai session (thread 128934238676672): HTTP 200 cookies=['ak_bmsc', 'bm_sv']
2026-06-01 00:25:01,384 INFO e14.session: primed Akamai session (thread 128940286932672): HTTP 200 cookies=['ak_bmsc', 'bm_sv']
2026-06-01 00:25:02,951 INFO e14.session: primed Akamai session (thread 128939716490944): HTTP 200 cookies=['ak_bmsc', 'bm_sv']
2026-06-01 00:25:04,683 INFO e14.session: primed Akamai session (thread 128936520443584): HTTP 200 cookies=['ak_bmsc', 'bm_sv']
2026-06-01 00:25:05,230 INFO e14.session: primed Akamai session (thread 128939188012736): HTTP 200 cookies=['ak_bmsc', 'bm_sv']
2026-06-01 00:25:05,412 INFO e14.session: primed Akamai session (thread 128941427783360): HTTP 200 cookies=['ak_bmsc', 'bm_sv']
2026-06-01 00:25:05,708 INFO e14.session: primed Akamai session (thread 128938491745984): HTTP 200 cookies=['ak_bmsc', 'bm_sv']
2026-06-01 00:25:06,586 INFO e14.session: primed Akamai session (thread 128937065707200): HTTP 200 cookies=['ak_bmsc', 'bm_sv']
2026-06-01 00:25:07,036 INFO e14.session: primed Akamai session (thread 128936503658176): HTTP 200 cookies=['ak_bmsc', 'bm_sv']
2026-06-01 00:25:07,389 INFO e14.session: primed Akamai session (thread 128939733276352): HTTP 200 cookies=['ak_bmsc', 'bm_sv']
2026-06-01 00:25:07,635 INFO e14.session: primed Akamai session (thread 128936478480064): HTTP 200 cookies=['ak_bmsc', 'bm_sv']
2026-06-01 00:25:07,952 INFO e14.session: primed Akamai session (thread 128934020466368): HTTP 200 cookies=['ak_bmsc', 'bm_sv']
2026-06-01 00:25:07,971 INFO e14.session: primed Akamai session (thread 128934146356928): HTTP 200 cookies=['ak_bmsc', 'bm_sv']
2026-06-01 00:25:13,908 INFO e14.session: primed Akamai session (thread 128938793752256): HTTP 200 cookies=['ak_bmsc', 'bm_sv']
2026-06-01 00:25:13,955 INFO e14.session: primed Akamai session (thread 128939708098240): HTTP 200 cookies=['ak_bmsc', 'bm_sv']
2026-06-01 00:25:13,976 INFO e14.session: primed Akamai session (thread 128939196405440): HTTP 200 cookies=['ak_bmsc', 'bm_sv']
2026-06-01 00:25:14,684 INFO e14.session: primed Akamai session (thread 128939162834624): HTTP 200 cookies=['ak_bmsc', 'bm_sv']
2026-06-01 00:25:14,935 INFO e14.session: primed Akamai session (thread 128938500138688): HTTP 200 cookies=['ak_bmsc', 'bm_sv']
2026-06-01 00:25:15,158 INFO e14.session: primed Akamai session (thread 128940773447360): HTTP 200 cookies=['ak_bmsc', 'bm_sv']
2026-06-01 00:25:16,852 INFO e14.session: primed Akamai session (thread 128933886183104): HTTP 200 cookies=['ak_bmsc', 'bm_sv']
2026-06-01 00:25:16,853 INFO e14.session: primed Akamai session (thread 128934163142336): HTTP 200 cookies=['ak_bmsc', 'bm_sv']
2026-06-01 00:25:17,133 INFO e14.session: primed Akamai session (thread 128934330996416): HTTP 200 cookies=['ak_bmsc', 'bm_sv']
2026-06-01 00:25:17,188 INFO e14.session: primed Akamai session (thread 128933902968512): HTTP 200 cookies=['ak_bmsc', 'bm_sv']
2026-06-01 00:25:17,379 INFO e14.session: primed Akamai session (thread 128939204798144): HTTP 200 cookies=['ak_bmsc', 'bm_sv']
2026-06-01 00:25:17,545 INFO e14.session: primed Akamai session (thread 128935446701760): HTTP 200 cookies=['ak_bmsc', 'bm_sv']
2026-06-01 00:25:18,020 INFO e14.session: primed Akamai session (thread 128934028859072): HTTP 200 cookies=['ak_bmsc', 'bm_sv']
2026-06-01 00:25:18,152 INFO e14.session: primed Akamai session (thread 128938785359552): HTTP 200 cookies=['ak_bmsc', 'bm_sv']
2026-06-01 00:25:18,492 INFO e14.session: primed Akamai session (thread 128934314211008): HTTP 200 cookies=['ak_bmsc', 'bm_sv']
2026-06-01 00:25:18,537 INFO e14.session: primed Akamai session (thread 128934230283968): HTTP 200 cookies=['ak_bmsc', 'bm_sv']
2026-06-01 00:25:18,992 INFO e14.session: primed Akamai session (thread 128934909830848): HTTP 200 cookies=['ak_bmsc', 'bm_sv']
2026-06-01 00:25:19,540 INFO e14.session: primed Akamai session (thread 128935429916352): HTTP 200 cookies=['ak_bmsc', 'bm_sv']
2026-06-01 00:25:20,021 INFO e14.session: primed Akamai session (thread 128934129571520): HTTP 200 cookies=['ak_bmsc', 'bm_sv']
2026-06-01 00:25:20,509 INFO e14.session: primed Akamai session (thread 128934137964224): HTTP 200 cookies=['ak_bmsc', 'bm_sv']
2026-06-01 00:25:20,666 INFO e14.session: primed Akamai session (thread 128938005231296): HTTP 200 cookies=['ak_bmsc', 'bm_sv']
2026-06-01 00:25:20,833 INFO e14.session: primed Akamai session (thread 128934339389120): HTTP 200 cookies=['ak_bmsc', 'bm_sv']
2026-06-01 00:25:21,502 INFO e14.session: primed Akamai session (thread 128941646083776): HTTP 200 cookies=['ak_bmsc', 'bm_sv']
2026-06-01 00:25:21,672 INFO e14.session: primed Akamai session (thread 128938533709504): HTTP 200 cookies=['ak_bmsc', 'bm_sv']
2026-06-01 00:25:22,619 INFO e14.session: primed Akamai session (thread 128933911361216): HTTP 200 cookies=['ak_bmsc', 'bm_sv']
2026-06-01 00:25:23,099 INFO e14.session: primed Akamai session (thread 128939699705536): HTTP 200 cookies=['ak_bmsc', 'bm_sv']
2026-06-01 00:25:23,852 INFO e14.session: primed Akamai session (thread 128940244969152): HTTP 200 cookies=['ak_bmsc', 'bm_sv']
2026-06-01 00:25:24,319 INFO e14.session: primed Akamai session (thread 128938760181440): HTTP 200 cookies=['ak_bmsc', 'bm_sv']
2026-06-01 00:25:25,056 INFO e14.session: primed Akamai session (thread 128937980053184): HTTP 200 cookies=['ak_bmsc', 'bm_sv']
2026-06-01 00:25:25,221 INFO e14.session: primed Akamai session (thread 128935975179968): HTTP 200 cookies=['ak_bmsc', 'bm_sv']
2026-06-01 00:25:25,437 INFO e14.session: primed Akamai session (thread 128933953324736): HTTP 200 cookies=['ak_bmsc', 'bm_sv']
2026-06-01 00:25:25,445 INFO e14.session: primed Akamai session (thread 128934901438144): HTTP 200 cookies=['ak_bmsc', 'bm_sv']
2026-06-01 00:25:26,394 INFO e14.session: primed Akamai session (thread 128933978502848): HTTP 200 cookies=['ak_bmsc', 'bm_sv']
2026-06-01 00:25:26,545 INFO e14.session: primed Akamai session (thread 128934062429888): HTTP 200 cookies=['ak_bmsc', 'bm_sv']
2026-06-01 00:25:26,679 INFO e14.session: primed Akamai session (thread 128940261754560): HTTP 200 cookies=['ak_bmsc', 'bm_sv']
2026-06-01 00:25:28,087 INFO e14.session: primed Akamai session (thread 128941410997952): HTTP 200 cookies=['ak_bmsc', 'bm_sv']
2026-06-01 00:25:28,929 INFO e14.session: primed Akamai session (thread 128939741669056): HTTP 200 cookies=['ak_bmsc', 'bm_sv']
2026-06-01 00:25:30,257 INFO e14.session: primed Akamai session (thread 128939171227328): HTTP 200 cookies=['ak_bmsc', 'bm_sv']
2026-06-01 00:25:31,739 INFO e14.session: primed Akamai session (thread 128933970110144): HTTP 200 cookies=['ak_bmsc', 'bm_sv']
2026-06-01 00:25:32,190 INFO e14.session: primed Akamai session (thread 128940807018176): HTTP 200 cookies=['ak_bmsc', 'bm_sv']
2026-06-01 00:25:32,195 INFO e14.session: primed Akamai session (thread 128934196713152): HTTP 200 cookies=['ak_bmsc', 'bm_sv']
2026-06-01 00:25:33,209 INFO e14.session: primed Akamai session (thread 128941654476480): HTTP 200 cookies=['ak_bmsc', 'bm_sv']
2026-06-01 00:25:35,882 INFO e14.session: primed Akamai session (thread 128938768574144): HTTP 200 cookies=['ak_bmsc', 'bm_sv']
2026-06-01 00:25:37,977 INFO e14.session: primed Akamai session (thread 128940236576448): HTTP 200 cookies=['ak_bmsc', 'bm_sv']
2026-06-01 00:25:42,617 INFO e14.session: primed Akamai session (thread 128934087608000): HTTP 200 cookies=['ak_bmsc', 'bm_sv']
2026-06-01 00:25:45,469 INFO e14.session: primed Akamai session (thread 128937048921792): HTTP 200 cookies=['ak_bmsc', 'bm_sv']
2026-06-01 00:25:45,748 INFO e14.session: primed Akamai session (thread 128933844219584): HTTP 200 cookies=['ak_bmsc', 'bm_sv']
2026-06-01 00:25:47,266 INFO e14.session: primed Akamai session (thread 128934381352640): HTTP 200 cookies=['ak_bmsc', 'bm_sv']
2026-06-01 00:25:49,992 INFO e14.session: primed Akamai session (thread 128939179620032): HTTP 200 cookies=['ak_bmsc', 'bm_sv']
2026-06-01 00:25:55,640 INFO e14.session: primed Akamai session (thread 128934884652736): HTTP 200 cookies=['ak_bmsc', 'bm_sv']
2026-06-01 00:25:55,746 INFO e14.session: primed Akamai session (thread 128941637691072): HTTP 200 cookies=['ak_bmsc', 'bm_sv']
2026-06-01 00:25:58,389 INFO e14.session: primed Akamai session (thread 128933852612288): HTTP 200 cookies=['ak_bmsc', 'bm_sv']
2026-06-01 00:26:00,465 INFO e14.session: primed Akamai session (thread 128938802144960): HTTP 200 cookies=['ak_bmsc', 'bm_sv']
2026-06-01 00:26:01,641 INFO e14.session: primed Akamai session (thread 128935941609152): HTTP 200 cookies=['ak_bmsc', 'bm_sv']
2026-06-01 00:26:02,185 INFO e14.session: primed Akamai session (thread 128935438309056): HTTP 200 cookies=['ak_bmsc', 'bm_sv']
2026-06-01 00:26:05,704 INFO e14.session: primed Akamai session (thread 128935421523648): HTTP 200 cookies=['ak_bmsc', 'bm_sv']
2026-06-01 00:26:07,922 INFO e14.session: primed Akamai session (thread 128934297425600): HTTP 200 cookies=['ak_bmsc', 'bm_sv']
2026-06-01 00:26:11,065 INFO e14.session: primed Akamai session (thread 128939188012736): HTTP 200 cookies=['ak_bmsc', 'bm_sv']
2026-06-01 00:26:11,289 INFO e14.session: primed Akamai session (thread 128934238676672): HTTP 200 cookies=['ak_bmsc', 'bm_sv']
2026-06-01 00:26:11,651 INFO e14.session: primed Akamai session (thread 128937996838592): HTTP 200 cookies=['ak_bmsc', 'bm_sv']
2026-06-01 00:26:13,129 INFO e14.session: primed Akamai session (thread 128936520443584): HTTP 200 cookies=['ak_bmsc', 'bm_sv']
2026-06-01 00:26:13,281 INFO e14.session: primed Akamai session (thread 128941427783360): HTTP 200 cookies=['ak_bmsc', 'bm_sv']
2026-06-01 00:26:13,703 INFO e14.session: primed Akamai session (thread 128936503658176): HTTP 200 cookies=['ak_bmsc', 'bm_sv']
2026-06-01 00:26:14,201 INFO e14.session: primed Akamai session (thread 128938491745984): HTTP 200 cookies=['ak_bmsc', 'bm_sv']
2026-06-01 00:26:16,186 INFO e14.session: primed Akamai session (thread 128939733276352): HTTP 200 cookies=['ak_bmsc', 'bm_sv']
2026-06-01 00:26:16,397 INFO e14.session: primed Akamai session (thread 128934146356928): HTTP 200 cookies=['ak_bmsc', 'bm_sv']
2026-06-01 00:26:16,932 INFO e14.session: primed Akamai session (thread 128936478480064): HTTP 200 cookies=['ak_bmsc', 'bm_sv']
2026-06-01 00:26:17,219 INFO e14.session: primed Akamai session (thread 128937065707200): HTTP 200 cookies=['ak_bmsc', 'bm_sv']
2026-06-01 00:26:19,855 INFO e14.session: primed Akamai session (thread 128939196405440): HTTP 200 cookies=['ak_bmsc', 'bm_sv']
2026-06-01 00:26:20,517 INFO e14.session: primed Akamai session (thread 128940773447360): HTTP 200 cookies=['ak_bmsc', 'bm_sv']
2026-06-01 00:26:20,629 INFO e14.session: primed Akamai session (thread 128939708098240): HTTP 200 cookies=['ak_bmsc', 'bm_sv']
2026-06-01 00:26:21,401 INFO e14.session: primed Akamai session (thread 128940286932672): HTTP 200 cookies=['ak_bmsc', 'bm_sv']
2026-06-01 00:26:21,971 INFO e14.session: primed Akamai session (thread 128938793752256): HTTP 200 cookies=['ak_bmsc', 'bm_sv']
2026-06-01 00:26:23,614 INFO e14.session: primed Akamai session (thread 128938500138688): HTTP 200 cookies=['ak_bmsc', 'bm_sv']
2026-06-01 00:26:25,422 INFO e14.session: primed Akamai session (thread 128939204798144): HTTP 200 cookies=['ak_bmsc', 'bm_sv']
2026-06-01 00:26:25,531 INFO e14.session: primed Akamai session (thread 128934330996416): HTTP 200 cookies=['ak_bmsc', 'bm_sv']
2026-06-01 00:26:26,060 INFO e14.session: primed Akamai session (thread 128933886183104): HTTP 200 cookies=['ak_bmsc', 'bm_sv']
2026-06-01 00:26:27,428 INFO e14.session: primed Akamai session (thread 128935446701760): HTTP 200 cookies=['ak_bmsc', 'bm_sv']
2026-06-01 00:26:28,284 INFO e14.session: primed Akamai session (thread 128935429916352): HTTP 200 cookies=['ak_bmsc', 'bm_sv']
2026-06-01 00:26:28,773 INFO e14.session: primed Akamai session (thread 128934230283968): HTTP 200 cookies=['ak_bmsc', 'bm_sv']
2026-06-01 00:26:32,197 INFO e14.session: primed Akamai session (thread 128941646083776): HTTP 200 cookies=['ak_bmsc', 'bm_sv']
2026-06-01 00:26:34,185 INFO e14.session: primed Akamai session (thread 128934104393408): HTTP 200 cookies=['ak_bmsc', 'bm_sv']
2026-06-01 00:26:34,933 INFO e14.session: primed Akamai session (thread 128940815410880): HTTP 200 cookies=['ak_bmsc', 'bm_sv']
2026-06-01 00:26:36,650 INFO e14.session: primed Akamai session (thread 128939162834624): HTTP 200 cookies=['ak_bmsc', 'bm_sv']
2026-06-01 00:26:38,802 INFO e14.session: primed Akamai session (thread 128938785359552): HTTP 200 cookies=['ak_bmsc', 'bm_sv']
2026-06-01 00:26:39,076 INFO e14.session: primed Akamai session (thread 128934028859072): HTTP 200 cookies=['ak_bmsc', 'bm_sv']
2026-06-01 00:26:39,907 INFO e14.session: primed Akamai session (thread 128934129571520): HTTP 200 cookies=['ak_bmsc', 'bm_sv']
2026-06-01 00:26:40,213 INFO e14.session: primed Akamai session (thread 128934163142336): HTTP 200 cookies=['ak_bmsc', 'bm_sv']
2026-06-01 00:26:40,441 INFO e14.session: primed Akamai session (thread 128938005231296): HTTP 200 cookies=['ak_bmsc', 'bm_sv']
2026-06-01 00:26:40,516 INFO e14.session: primed Akamai session (thread 128934339389120): HTTP 200 cookies=['ak_bmsc', 'bm_sv']
2026-06-01 00:26:40,544 INFO e14.session: primed Akamai session (thread 128934137964224): HTTP 200 cookies=['ak_bmsc', 'bm_sv']
2026-06-01 00:26:42,695 INFO e14.session: primed Akamai session (thread 128941654476480): HTTP 200 cookies=['ak_bmsc', 'bm_sv']
2026-06-01 00:26:42,854 INFO e14.session: primed Akamai session (thread 128937980053184): HTTP 200 cookies=['ak_bmsc', 'bm_sv']
2026-06-01 00:26:43,179 INFO e14.session: primed Akamai session (thread 128933911361216): HTTP 200 cookies=['ak_bmsc', 'bm_sv']
2026-06-01 00:26:43,587 INFO e14.session: primed Akamai session (thread 128938533709504): HTTP 200 cookies=['ak_bmsc', 'bm_sv']
2026-06-01 00:26:44,789 INFO e14.session: primed Akamai session (thread 128939699705536): HTTP 200 cookies=['ak_bmsc', 'bm_sv']
2026-06-01 00:26:45,095 INFO e14.session: primed Akamai session (thread 128938760181440): HTTP 200 cookies=['ak_bmsc', 'bm_sv']
2026-06-01 00:26:46,496 INFO e14.session: primed Akamai session (thread 128933978502848): HTTP 200 cookies=['ak_bmsc', 'bm_sv']
2026-06-01 00:26:47,200 INFO e14.session: primed Akamai session (thread 128935975179968): HTTP 200 cookies=['ak_bmsc', 'bm_sv']
2026-06-01 00:26:47,866 INFO e14.session: primed Akamai session (thread 128940261754560): HTTP 200 cookies=['ak_bmsc', 'bm_sv']
2026-06-01 00:26:48,705 INFO e14.session: primed Akamai session (thread 128933953324736): HTTP 200 cookies=['ak_bmsc', 'bm_sv']
2026-06-01 00:26:48,728 INFO e14.session: primed Akamai session (thread 128934062429888): HTTP 200 cookies=['ak_bmsc', 'bm_sv']
2026-06-01 00:26:49,427 INFO e14.session: primed Akamai session (thread 128939171227328): HTTP 200 cookies=['ak_bmsc', 'bm_sv']
2026-06-01 00:26:49,610 INFO e14.session: primed Akamai session (thread 128934901438144): HTTP 200 cookies=['ak_bmsc', 'bm_sv']
2026-06-01 00:26:51,251 INFO e14.session: primed Akamai session (thread 128941410997952): HTTP 200 cookies=['ak_bmsc', 'bm_sv']
2026-06-01 00:26:51,419 INFO e14.session: primed Akamai session (thread 128940807018176): HTTP 200 cookies=['ak_bmsc', 'bm_sv']
2026-06-01 00:26:52,278 INFO e14.session: primed Akamai session (thread 128934196713152): HTTP 200 cookies=['ak_bmsc', 'bm_sv']
2026-06-01 00:26:54,543 INFO e14.session: primed Akamai session (thread 128933970110144): HTTP 200 cookies=['ak_bmsc', 'bm_sv']
2026-06-01 00:27:00,053 INFO e14.session: primed Akamai session (thread 128938768574144): HTTP 200 cookies=['ak_bmsc', 'bm_sv']
2026-06-01 00:27:03,040 INFO e14.session: primed Akamai session (thread 128934087608000): HTTP 200 cookies=['ak_bmsc', 'bm_sv']
2026-06-01 00:27:05,350 INFO e14.session: primed Akamai session (thread 128933844219584): HTTP 200 cookies=['ak_bmsc', 'bm_sv']
2026-06-01 00:27:05,795 INFO e14.session: primed Akamai session (thread 128934381352640): HTTP 200 cookies=['ak_bmsc', 'bm_sv']
2026-06-01 00:27:07,443 INFO e14.session: primed Akamai session (thread 128937048921792): HTTP 200 cookies=['ak_bmsc', 'bm_sv']
2026-06-01 00:27:11,888 INFO e14.session: primed Akamai session (thread 128939179620032): HTTP 200 cookies=['ak_bmsc', 'bm_sv']
2026-06-01 00:27:15,331 INFO e14.session: primed Akamai session (thread 128941637691072): HTTP 200 cookies=['ak_bmsc', 'bm_sv']
2026-06-01 00:27:17,064 INFO e14.session: primed Akamai session (thread 128933852612288): HTTP 200 cookies=['ak_bmsc', 'bm_sv']
2026-06-01 00:27:19,921 INFO e14.session: primed Akamai session (thread 128938802144960): HTTP 200 cookies=['ak_bmsc', 'bm_sv']
2026-06-01 00:27:21,553 INFO e14.session: primed Akamai session (thread 128935438309056): HTTP 200 cookies=['ak_bmsc', 'bm_sv']
2026-06-01 00:27:22,870 INFO e14.session: primed Akamai session (thread 128935941609152): HTTP 200 cookies=['ak_bmsc', 'bm_sv']
2026-06-01 00:27:24,482 INFO e14.session: primed Akamai session (thread 128936503658176): HTTP 200 cookies=['ak_bmsc', 'bm_sv']
2026-06-01 00:27:24,483 INFO e14.session: primed Akamai session (thread 128934238676672): HTTP 200 cookies=['ak_bmsc', 'bm_sv']
2026-06-01 00:27:24,789 INFO e14.session: primed Akamai session (thread 128936520443584): HTTP 200 cookies=['ak_bmsc', 'bm_sv']
2026-06-01 00:27:25,076 INFO e14.session: primed Akamai session (thread 128941427783360): HTTP 200 cookies=['ak_bmsc', 'bm_sv']
2026-06-01 00:27:26,087 INFO e14.session: primed Akamai session (thread 128938491745984): HTTP 200 cookies=['ak_bmsc', 'bm_sv']
2026-06-01 00:27:28,202 INFO e14.session: primed Akamai session (thread 128939733276352): HTTP 200 cookies=['ak_bmsc', 'bm_sv']
2026-06-01 00:27:29,301 INFO e14.session: primed Akamai session (thread 128937065707200): HTTP 200 cookies=['ak_bmsc', 'bm_sv']
2026-06-01 00:27:30,624 INFO e14.session: primed Akamai session (thread 128939196405440): HTTP 200 cookies=['ak_bmsc', 'bm_sv']
2026-06-01 00:27:30,679 INFO e14.session: primed Akamai session (thread 128940773447360): HTTP 200 cookies=['ak_bmsc', 'bm_sv']
2026-06-01 00:27:31,043 INFO e14.session: primed Akamai session (thread 128939708098240): HTTP 200 cookies=['ak_bmsc', 'bm_sv']
2026-06-01 00:27:31,056 INFO e14.session: primed Akamai session (thread 128934146356928): HTTP 200 cookies=['ak_bmsc', 'bm_sv']
2026-06-01 00:27:31,166 INFO e14.session: primed Akamai session (thread 128938793752256): HTTP 200 cookies=['ak_bmsc', 'bm_sv']
2026-06-01 00:27:36,873 INFO e14.session: primed Akamai session (thread 128933886183104): HTTP 200 cookies=['ak_bmsc', 'bm_sv']
2026-06-01 00:27:37,199 INFO e14.session: primed Akamai session (thread 128939204798144): HTTP 200 cookies=['ak_bmsc', 'bm_sv']
2026-06-01 00:27:38,454 INFO e14.session: primed Akamai session (thread 128934330996416): HTTP 200 cookies=['ak_bmsc', 'bm_sv']
2026-06-01 00:27:38,981 INFO e14.session: primed Akamai session (thread 128935446701760): HTTP 200 cookies=['ak_bmsc', 'bm_sv']
2026-06-01 00:27:39,717 INFO e14.session: primed Akamai session (thread 128940815410880): HTTP 200 cookies=['ak_bmsc', 'bm_sv']
2026-06-01 00:27:40,651 INFO e14.session: primed Akamai session (thread 128934230283968): HTTP 200 cookies=['ak_bmsc', 'bm_sv']
2026-06-01 00:27:41,526 INFO e14.session: primed Akamai session (thread 128941646083776): HTTP 200 cookies=['ak_bmsc', 'bm_sv']
2026-06-01 00:28:42,775 INFO e14.session: primed Akamai session (thread 128934238676672): HTTP 200 cookies=['ak_bmsc', 'bm_sv']
2026-06-01 00:28:44,220 INFO e14.session: primed Akamai session (thread 128936520443584): HTTP 200 cookies=['ak_bmsc', 'bm_sv']
2026-06-01 00:28:44,411 INFO e14.session: primed Akamai session (thread 128938491745984): HTTP 200 cookies=['ak_bmsc', 'bm_sv']
2026-06-01 00:28:45,034 INFO e14.session: primed Akamai session (thread 128936503658176): HTTP 200 cookies=['ak_bmsc', 'bm_sv']
2026-06-01 00:28:46,414 INFO e14.session: primed Akamai session (thread 128939733276352): HTTP 200 cookies=['ak_bmsc', 'bm_sv']
2026-06-01 00:28:47,312 INFO e14.session: primed Akamai session (thread 128937065707200): HTTP 200 cookies=['ak_bmsc', 'bm_sv']
2026-06-01 00:28:48,345 INFO e14.session: primed Akamai session (thread 128934146356928): HTTP 200 cookies=['ak_bmsc', 'bm_sv']
2026-06-01 00:28:49,894 INFO e14.session: primed Akamai session (thread 128938793752256): HTTP 200 cookies=['ak_bmsc', 'bm_sv']
2026-06-01 00:28:55,534 INFO e14.session: primed Akamai session (thread 128933886183104): HTTP 200 cookies=['ak_bmsc', 'bm_sv']
2026-06-01 00:33:06,807 INFO e14.session: primed Akamai session (thread 128934104393408): HTTP 200 cookies=['ak_bmsc', 'bm_sv']
2026-06-01 00:33:14,494 INFO e14.session: primed Akamai session (thread 128936512050880): HTTP 200 cookies=['ak_bmsc', 'bm_sv']
2026-06-01 00:33:15,588 INFO e14.session: primed Akamai session (thread 128933961717440): HTTP 200 cookies=['ak_bmsc', 'bm_sv']
2026-06-01 00:33:16,962 INFO e14.session: primed Akamai session (thread 128938516924096): HTTP 200 cookies=['ak_bmsc', 'bm_sv']
2026-06-01 00:33:17,766 INFO e14.session: primed Akamai session (thread 128938542102208): HTTP 200 cookies=['ak_bmsc', 'bm_sv']
2026-06-01 00:33:18,956 INFO e14.session: primed Akamai session (thread 128934884652736): HTTP 200 cookies=['ak_bmsc', 'bm_sv']
2026-06-01 00:33:43,963 INFO e14.session: primed Akamai session (thread 128941410997952): HTTP 200 cookies=['ak_bmsc', 'bm_sv']
2026-06-01 00:33:44,826 INFO e14.session: primed Akamai session (thread 128939162834624): HTTP 200 cookies=['ak_bmsc', 'bm_sv']
2026-06-01 00:33:45,049 INFO e14.session: primed Akamai session (thread 128939204798144): HTTP 200 cookies=['ak_bmsc', 'bm_sv']
2026-06-01 00:33:45,329 INFO e14.session: primed Akamai session (thread 128934289032896): HTTP 200 cookies=['ak_bmsc', 'bm_sv']
2026-06-01 00:33:45,389 INFO e14.session: primed Akamai session (thread 128934112786112): HTTP 200 cookies=['ak_bmsc', 'bm_sv']
2026-06-01 00:33:45,425 INFO e14.session: primed Akamai session (thread 128933861004992): HTTP 200 cookies=['ak_bmsc', 'bm_sv']
2026-06-01 00:33:45,541 INFO e14.session: primed Akamai session (thread 128934079215296): HTTP 200 cookies=['ak_bmsc', 'bm_sv']
2026-06-01 00:33:45,605 INFO e14.session: primed Akamai session (thread 128939716490944): HTTP 200 cookies=['ak_bmsc', 'bm_sv']
2026-06-01 00:33:45,812 INFO e14.session: primed Akamai session (thread 128939188012736): HTTP 200 cookies=['ak_bmsc', 'bm_sv']
2026-06-01 00:33:45,836 INFO e14.session: primed Akamai session (thread 128939171227328): HTTP 200 cookies=['ak_bmsc', 'bm_sv']
2026-06-01 00:33:45,903 INFO e14.session: primed Akamai session (thread 128941427783360): HTTP 200 cookies=['ak_bmsc', 'bm_sv']
2026-06-01 00:33:45,994 INFO e14.session: primed Akamai session (thread 128934129571520): HTTP 200 cookies=['ak_bmsc', 'bm_sv']
2026-06-01 00:33:46,153 INFO e14.session: primed Akamai session (thread 128937980053184): HTTP 200 cookies=['ak_bmsc', 'bm_sv']
2026-06-01 00:33:46,209 INFO e14.session: primed Akamai session (thread 128935966787264): HTTP 200 cookies=['ak_bmsc', 'bm_sv']
2026-06-01 00:33:46,254 INFO e14.session: primed Akamai session (thread 128940270147264): HTTP 200 cookies=['ak_bmsc', 'bm_sv']
2026-06-01 00:33:46,309 INFO e14.session: primed Akamai session (thread 128933911361216): HTTP 200 cookies=['ak_bmsc', 'bm_sv']
2026-06-01 00:33:46,433 INFO e14.session: primed Akamai session (thread 128938768574144): HTTP 200 cookies=['ak_bmsc', 'bm_sv']
2026-06-01 00:33:46,472 INFO e14.session: primed Akamai session (thread 128939196405440): HTTP 200 cookies=['ak_bmsc', 'bm_sv']
2026-06-01 00:33:46,472 INFO e14.session: primed Akamai session (thread 128934322603712): HTTP 200 cookies=['ak_bmsc', 'bm_sv']
2026-06-01 00:33:46,676 INFO e14.session: primed Akamai session (thread 128941419390656): HTTP 200 cookies=['ak_bmsc', 'bm_sv']
2026-06-01 00:33:46,687 INFO e14.session: primed Akamai session (thread 128934137964224): HTTP 200 cookies=['ak_bmsc', 'bm_sv']
2026-06-01 00:33:46,896 INFO e14.session: primed Akamai session (thread 128934096000704): HTTP 200 cookies=['ak_bmsc', 'bm_sv']
2026-06-01 00:33:47,058 INFO e14.session: primed Akamai session (thread 128933944932032): HTTP 200 cookies=['ak_bmsc', 'bm_sv']
2026-06-01 00:33:47,080 INFO e14.session: primed Akamai session (thread 128937065707200): HTTP 200 cookies=['ak_bmsc', 'bm_sv']
2026-06-01 00:33:47,226 INFO e14.session: primed Akamai session (thread 128934196713152): HTTP 200 cookies=['ak_bmsc', 'bm_sv']
2026-06-01 00:33:47,227 INFO e14.session: primed Akamai session (thread 128940236576448): HTTP 200 cookies=['ak_bmsc', 'bm_sv']
2026-06-01 00:33:47,384 INFO e14.session: primed Akamai session (thread 128934314211008): HTTP 200 cookies=['ak_bmsc', 'bm_sv']
2026-06-01 00:33:47,500 INFO e14.session: primed Akamai session (thread 128940815410880): HTTP 200 cookies=['ak_bmsc', 'bm_sv']
2026-06-01 00:33:47,571 INFO e14.session: primed Akamai session (thread 128937971660480): HTTP 200 cookies=['ak_bmsc', 'bm_sv']
2026-06-01 00:33:47,942 INFO e14.session: primed Akamai session (thread 128934263854784): HTTP 200 cookies=['ak_bmsc', 'bm_sv']
2026-06-01 00:33:47,978 INFO e14.session: primed Akamai session (thread 128941646083776): HTTP 200 cookies=['ak_bmsc', 'bm_sv']
2026-06-01 00:33:48,039 INFO e14.session: primed Akamai session (thread 128938802144960): HTTP 200 cookies=['ak_bmsc', 'bm_sv']
2026-06-01 00:33:48,067 INFO e14.session: primed Akamai session (thread 128934247069376): HTTP 200 cookies=['ak_bmsc', 'bm_sv']
2026-06-01 00:33:48,669 INFO e14.session: primed Akamai session (thread 128939750061760): HTTP 200 cookies=['ak_bmsc', 'bm_sv']
2026-06-01 00:33:49,104 INFO e14.session: primed Akamai session (thread 128934213498560): HTTP 200 cookies=['ak_bmsc', 'bm_sv']
2026-06-01 00:33:49,290 INFO e14.session: primed Akamai session (thread 128935950001856): HTTP 200 cookies=['ak_bmsc', 'bm_sv']
2026-06-01 00:33:49,381 INFO e14.session: primed Akamai session (thread 128934154749632): HTTP 200 cookies=['ak_bmsc', 'bm_sv']
2026-06-01 00:33:49,405 INFO e14.session: primed Akamai session (thread 128940807018176): HTTP 200 cookies=['ak_bmsc', 'bm_sv']
2026-06-01 00:33:49,773 INFO e14.session: primed Akamai session (thread 128937032136384): HTTP 200 cookies=['ak_bmsc', 'bm_sv']
2026-06-01 00:33:50,898 INFO e14.session: primed Akamai session (thread 128934121178816): HTTP 200 cookies=['ak_bmsc', 'bm_sv']
2026-06-01 00:33:54,960 INFO e14.session: primed Akamai session (thread 128938776966848): HTTP 200 cookies=['ak_bmsc', 'bm_sv']
2026-06-01 00:34:03,171 INFO e14.session: primed Akamai session (thread 128934163142336): HTTP 200 cookies=['ak_bmsc', 'bm_sv']
2026-06-01 00:34:05,231 INFO e14.session: primed Akamai session (thread 128934901438144): HTTP 200 cookies=['ak_bmsc', 'bm_sv']
2026-06-01 00:34:06,130 INFO e14.session: primed Akamai session (thread 128938760181440): HTTP 200 cookies=['ak_bmsc', 'bm_sv']
2026-06-01 00:34:07,223 INFO e14.session: primed Akamai session (thread 128933953324736): HTTP 200 cookies=['ak_bmsc', 'bm_sv']
2026-06-01 00:34:08,734 INFO e14.session: primed Akamai session (thread 128934146356928): HTTP 200 cookies=['ak_bmsc', 'bm_sv']
2026-06-01 00:34:14,086 INFO e14.session: primed Akamai session (thread 128935983572672): HTTP 200 cookies=['ak_bmsc', 'bm_sv']
2026-06-01 00:34:14,305 INFO e14.session: primed Akamai session (thread 128937048921792): HTTP 200 cookies=['ak_bmsc', 'bm_sv']
2026-06-01 00:34:15,064 INFO e14.session: primed Akamai session (thread 128940278539968): HTTP 200 cookies=['ak_bmsc', 'bm_sv']
2026-06-01 00:34:15,554 INFO e14.session: primed Akamai session (thread 128933844219584): HTTP 200 cookies=['ak_bmsc', 'bm_sv']
2026-06-01 00:34:15,674 INFO e14.session: primed Akamai session (thread 128938005231296): HTTP 200 cookies=['ak_bmsc', 'bm_sv']
2026-06-01 00:34:16,476 INFO e14.session: primed Akamai session (thread 128933978502848): HTTP 200 cookies=['ak_bmsc', 'bm_sv']
2026-06-01 00:34:16,799 INFO e14.session: primed Akamai session (thread 128934012073664): HTTP 200 cookies=['ak_bmsc', 'bm_sv']
2026-06-01 00:34:17,044 INFO e14.session: primed Akamai session (thread 128935438309056): HTTP 200 cookies=['ak_bmsc', 'bm_sv']
2026-06-01 00:34:18,508 INFO e14.session: primed Akamai session (thread 128934003680960): HTTP 200 cookies=['ak_bmsc', 'bm_sv']
2026-06-01 00:34:18,704 INFO e14.session: primed Akamai session (thread 128935413130944): HTTP 200 cookies=['ak_bmsc', 'bm_sv']
2026-06-01 00:34:20,533 INFO e14.session: primed Akamai session (thread 128934918223552): HTTP 200 cookies=['ak_bmsc', 'bm_sv']
2026-06-01 00:34:22,691 INFO e14.session: primed Akamai session (thread 128934884652736): HTTP 200 cookies=['ak_bmsc', 'bm_sv']
2026-06-01 00:34:23,082 INFO e14.session: primed Akamai session (thread 128936512050880): HTTP 200 cookies=['ak_bmsc', 'bm_sv']
2026-06-01 00:34:23,104 INFO e14.session: primed Akamai session (thread 128938516924096): HTTP 200 cookies=['ak_bmsc', 'bm_sv']
2026-06-01 00:34:23,630 INFO e14.session: primed Akamai session (thread 128933961717440): HTTP 200 cookies=['ak_bmsc', 'bm_sv']
2026-06-01 00:34:24,232 INFO e14.session: primed Akamai session (thread 128938542102208): HTTP 200 cookies=['ak_bmsc', 'bm_sv']
2026-06-01 00:34:28,742 INFO e14.session: primed Akamai session (thread 128939733276352): HTTP 200 cookies=['ak_bmsc', 'bm_sv']
2026-06-01 00:34:30,433 INFO e14.session: primed Akamai session (thread 128934330996416): HTTP 200 cookies=['ak_bmsc', 'bm_sv']
2026-06-01 00:34:30,494 INFO e14.session: primed Akamai session (thread 128934347781824): HTTP 200 cookies=['ak_bmsc', 'bm_sv']
2026-06-01 00:34:31,124 INFO e14.session: primed Akamai session (thread 128934020466368): HTTP 200 cookies=['ak_bmsc', 'bm_sv']
2026-06-01 00:34:32,564 INFO e14.session: primed Akamai session (thread 128938491745984): HTTP 200 cookies=['ak_bmsc', 'bm_sv']
2026-06-01 00:34:38,161 INFO e14.session: primed Akamai session (thread 128934356174528): HTTP 200 cookies=['ak_bmsc', 'bm_sv']
2026-06-01 00:34:39,516 INFO e14.session: primed Akamai session (thread 128936486872768): HTTP 200 cookies=['ak_bmsc', 'bm_sv']
2026-06-01 00:34:39,519 INFO e14.session: primed Akamai session (thread 128940798625472): HTTP 200 cookies=['ak_bmsc', 'bm_sv']
2026-06-01 00:34:40,789 INFO e14.session: primed Akamai session (thread 128935975179968): HTTP 200 cookies=['ak_bmsc', 'bm_sv']
2026-06-01 00:34:41,453 INFO e14.session: primed Akamai session (thread 128934372959936): HTTP 200 cookies=['ak_bmsc', 'bm_sv']
2026-06-01 00:34:45,609 INFO e14.session: primed Akamai session (thread 128935958394560): HTTP 200 cookies=['ak_bmsc', 'bm_sv']
2026-06-01 00:34:46,264 INFO e14.session: primed Akamai session (thread 128934381352640): HTTP 200 cookies=['ak_bmsc', 'bm_sv']
2026-06-01 00:34:47,664 INFO e14.session: primed Akamai session (thread 128937963267776): HTTP 200 cookies=['ak_bmsc', 'bm_sv']
2026-06-01 00:34:48,073 INFO e14.session: primed Akamai session (thread 128933919753920): HTTP 200 cookies=['ak_bmsc', 'bm_sv']
2026-06-01 00:34:48,141 INFO e14.session: primed Akamai session (thread 128936520443584): HTTP 200 cookies=['ak_bmsc', 'bm_sv']
2026-06-01 00:34:49,402 INFO e14.session: primed Akamai session (thread 128938810537664): HTTP 200 cookies=['ak_bmsc', 'bm_sv']
2026-06-01 00:34:51,328 INFO e14.session: primed Akamai session (thread 128938793752256): HTTP 200 cookies=['ak_bmsc', 'bm_sv']
2026-06-01 00:34:51,329 INFO e14.session: primed Akamai session (thread 128934364567232): HTTP 200 cookies=['ak_bmsc', 'bm_sv']
2026-06-01 00:34:51,459 INFO e14.session: primed Akamai session (thread 128940773447360): HTTP 200 cookies=['ak_bmsc', 'bm_sv']
2026-06-01 00:34:51,665 INFO e14.session: primed Akamai session (thread 128934230283968): HTTP 200 cookies=['ak_bmsc', 'bm_sv']
2026-06-01 00:34:51,675 INFO e14.session: primed Akamai session (thread 128938768574144): HTTP 200 cookies=['ak_bmsc', 'bm_sv']
2026-06-01 00:34:51,685 INFO e14.session: primed Akamai session (thread 128937980053184): HTTP 200 cookies=['ak_bmsc', 'bm_sv']
2026-06-01 00:34:51,810 INFO e14.session: primed Akamai session (thread 128939204798144): HTTP 200 cookies=['ak_bmsc', 'bm_sv']
2026-06-01 00:34:51,825 INFO e14.session: primed Akamai session (thread 128939716490944): HTTP 200 cookies=['ak_bmsc', 'bm_sv']
2026-06-01 00:34:51,987 INFO e14.session: primed Akamai session (thread 128934087608000): HTTP 200 cookies=['ak_bmsc', 'bm_sv']
2026-06-01 00:34:52,242 INFO e14.session: primed Akamai session (thread 128941419390656): HTTP 200 cookies=['ak_bmsc', 'bm_sv']
2026-06-01 00:34:52,347 INFO e14.session: primed Akamai session (thread 128939188012736): HTTP 200 cookies=['ak_bmsc', 'bm_sv']
2026-06-01 00:34:52,539 INFO e14.session: primed Akamai session (thread 128934322603712): HTTP 200 cookies=['ak_bmsc', 'bm_sv']
2026-06-01 00:34:52,585 INFO e14.session: primed Akamai session (thread 128933944932032): HTTP 200 cookies=['ak_bmsc', 'bm_sv']
2026-06-01 00:34:52,661 INFO e14.session: primed Akamai session (thread 128934247069376): HTTP 200 cookies=['ak_bmsc', 'bm_sv']
2026-06-01 00:34:52,860 INFO e14.session: primed Akamai session (thread 128935966787264): HTTP 200 cookies=['ak_bmsc', 'bm_sv']
2026-06-01 00:34:53,003 INFO e14.session: primed Akamai session (thread 128940236576448): HTTP 200 cookies=['ak_bmsc', 'bm_sv']
2026-06-01 00:34:53,033 INFO e14.session: primed Akamai session (thread 128934289032896): HTTP 200 cookies=['ak_bmsc', 'bm_sv']
2026-06-01 00:34:53,096 INFO e14.session: primed Akamai session (thread 128939162834624): HTTP 200 cookies=['ak_bmsc', 'bm_sv']
2026-06-01 00:34:53,477 INFO e14.session: primed Akamai session (thread 128940270147264): HTTP 200 cookies=['ak_bmsc', 'bm_sv']
2026-06-01 00:34:53,506 INFO e14.session: primed Akamai session (thread 128938802144960): HTTP 200 cookies=['ak_bmsc', 'bm_sv']
2026-06-01 00:34:53,949 INFO e14.session: primed Akamai session (thread 128934129571520): HTTP 200 cookies=['ak_bmsc', 'bm_sv']
2026-06-01 00:34:54,040 INFO e14.session: primed Akamai session (thread 128940815410880): HTTP 200 cookies=['ak_bmsc', 'bm_sv']
2026-06-01 00:34:54,161 INFO e14.session: primed Akamai session (thread 128939196405440): HTTP 200 cookies=['ak_bmsc', 'bm_sv']
2026-06-01 00:34:54,354 INFO e14.session: primed Akamai session (thread 128940807018176): HTTP 200 cookies=['ak_bmsc', 'bm_sv']
2026-06-01 00:34:54,409 INFO e14.session: primed Akamai session (thread 128934314211008): HTTP 200 cookies=['ak_bmsc', 'bm_sv']
2026-06-01 00:34:54,608 INFO e14.session: primed Akamai session (thread 128937065707200): HTTP 200 cookies=['ak_bmsc', 'bm_sv']
2026-06-01 00:34:54,689 INFO e14.session: primed Akamai session (thread 128934154749632): HTTP 200 cookies=['ak_bmsc', 'bm_sv']
2026-06-01 00:34:54,729 INFO e14.session: primed Akamai session (thread 128934196713152): HTTP 200 cookies=['ak_bmsc', 'bm_sv']
2026-06-01 00:34:54,742 INFO e14.session: primed Akamai session (thread 128941427783360): HTTP 200 cookies=['ak_bmsc', 'bm_sv']
2026-06-01 00:34:55,383 INFO e14.session: primed Akamai session (thread 128939750061760): HTTP 200 cookies=['ak_bmsc', 'bm_sv']
2026-06-01 00:34:55,734 INFO e14.session: primed Akamai session (thread 128937032136384): HTTP 200 cookies=['ak_bmsc', 'bm_sv']
2026-06-01 00:34:55,912 INFO e14.session: primed Akamai session (thread 128935950001856): HTTP 200 cookies=['ak_bmsc', 'bm_sv']
2026-06-01 00:34:56,266 INFO e14.session: primed Akamai session (thread 128938508531392): HTTP 200 cookies=['ak_bmsc', 'bm_sv']
2026-06-01 00:34:56,329 INFO e14.session: primed Akamai session (thread 128940244969152): HTTP 200 cookies=['ak_bmsc', 'bm_sv']
2026-06-01 00:34:56,839 INFO e14.session: primed Akamai session (thread 128934121178816): HTTP 200 cookies=['ak_bmsc', 'bm_sv']
2026-06-01 00:34:57,049 INFO e14.session: primed Akamai session (thread 128937971660480): HTTP 200 cookies=['ak_bmsc', 'bm_sv']
2026-06-01 00:34:57,080 INFO e14.session: primed Akamai session (thread 128934062429888): HTTP 200 cookies=['ak_bmsc', 'bm_sv']
2026-06-01 00:34:57,082 INFO e14.session: primed Akamai session (thread 128934213498560): HTTP 200 cookies=['ak_bmsc', 'bm_sv']
2026-06-01 00:35:01,263 INFO e14.session: primed Akamai session (thread 128934070822592): HTTP 200 cookies=['ak_bmsc', 'bm_sv']
2026-06-01 00:35:01,476 INFO e14.session: primed Akamai session (thread 128941402605248): HTTP 200 cookies=['ak_bmsc', 'bm_sv']
2026-06-01 00:35:01,571 INFO e14.session: primed Akamai session (thread 128934054037184): HTTP 200 cookies=['ak_bmsc', 'bm_sv']
2026-06-01 00:35:02,379 INFO e14.session: primed Akamai session (thread 128935446701760): HTTP 200 cookies=['ak_bmsc', 'bm_sv']
2026-06-01 00:35:06,211 INFO e14.session: primed Akamai session (thread 128933852612288): HTTP 200 cookies=['ak_bmsc', 'bm_sv']
2026-06-01 00:35:07,801 INFO e14.session: primed Akamai session (thread 128934255462080): HTTP 200 cookies=['ak_bmsc', 'bm_sv']
2026-06-01 00:35:08,373 INFO e14.session: primed Akamai session (thread 128936478480064): HTTP 200 cookies=['ak_bmsc', 'bm_sv']
2026-06-01 00:35:08,399 INFO e14.session: primed Akamai session (thread 128934163142336): HTTP 200 cookies=['ak_bmsc', 'bm_sv']
2026-06-01 00:35:10,303 INFO e14.session: primed Akamai session (thread 128937988445888): HTTP 200 cookies=['ak_bmsc', 'bm_sv']
2026-06-01 00:35:10,511 INFO e14.session: primed Akamai session (thread 128935455094464): HTTP 200 cookies=['ak_bmsc', 'bm_sv']
2026-06-01 00:35:11,426 INFO e14.session: primed Akamai session (thread 128934037251776): HTTP 200 cookies=['ak_bmsc', 'bm_sv']
2026-06-01 00:35:11,558 INFO e14.session: primed Akamai session (thread 128938760181440): HTTP 200 cookies=['ak_bmsc', 'bm_sv']
2026-06-01 00:35:11,628 INFO e14.session: primed Akamai session (thread 128934171535040): HTTP 200 cookies=['ak_bmsc', 'bm_sv']
2026-06-01 00:35:11,690 INFO e14.session: primed Akamai session (thread 128938525316800): HTTP 200 cookies=['ak_bmsc', 'bm_sv']
2026-06-01 00:35:11,967 INFO e14.session: primed Akamai session (thread 128934339389120): HTTP 200 cookies=['ak_bmsc', 'bm_sv']
2026-06-01 00:35:12,036 INFO e14.session: primed Akamai session (thread 128933894575808): HTTP 200 cookies=['ak_bmsc', 'bm_sv']
2026-06-01 00:35:12,056 INFO e14.session: primed Akamai session (thread 128933970110144): HTTP 200 cookies=['ak_bmsc', 'bm_sv']
2026-06-01 00:35:12,242 INFO e14.session: primed Akamai session (thread 128935941609152): HTTP 200 cookies=['ak_bmsc', 'bm_sv']
2026-06-01 00:35:12,294 INFO e14.session: primed Akamai session (thread 128933902968512): HTTP 200 cookies=['ak_bmsc', 'bm_sv']
2026-06-01 00:35:12,438 INFO e14.session: primed Akamai session (thread 128933953324736): HTTP 200 cookies=['ak_bmsc', 'bm_sv']
2026-06-01 00:35:12,738 INFO e14.session: primed Akamai session (thread 128939741669056): HTTP 200 cookies=['ak_bmsc', 'bm_sv']
2026-06-01 00:35:13,018 INFO e14.session: primed Akamai session (thread 128934893045440): HTTP 200 cookies=['ak_bmsc', 'bm_sv']
2026-06-01 00:35:13,840 INFO e14.session: primed Akamai session (thread 128934104393408): HTTP 200 cookies=['ak_bmsc', 'bm_sv']
2026-06-01 00:35:13,983 INFO e14.session: primed Akamai session (thread 128937057314496): HTTP 200 cookies=['ak_bmsc', 'bm_sv']
2026-06-01 00:35:14,658 INFO e14.session: primed Akamai session (thread 128936495265472): HTTP 200 cookies=['ak_bmsc', 'bm_sv']
2026-06-01 00:35:14,778 INFO e14.session: primed Akamai session (thread 128941377427136): HTTP 200 cookies=['ak_bmsc', 'bm_sv']
2026-06-01 00:35:15,208 INFO e14.session: primed Akamai session (thread 128938785359552): HTTP 200 cookies=['ak_bmsc', 'bm_sv']
2026-06-01 00:35:15,435 INFO e14.session: primed Akamai session (thread 128939179620032): HTTP 200 cookies=['ak_bmsc', 'bm_sv']
2026-06-01 00:35:16,724 INFO e14.session: primed Akamai session (thread 128933995288256): HTTP 200 cookies=['ak_bmsc', 'bm_sv']
2026-06-01 00:35:17,043 INFO e14.session: primed Akamai session (thread 128938533709504): HTTP 200 cookies=['ak_bmsc', 'bm_sv']
2026-06-01 00:35:17,132 INFO e14.session: primed Akamai session (thread 128939724883648): HTTP 200 cookies=['ak_bmsc', 'bm_sv']
2026-06-01 00:35:17,484 INFO e14.session: primed Akamai session (thread 128935983572672): HTTP 200 cookies=['ak_bmsc', 'bm_sv']
2026-06-01 00:35:17,620 INFO e14.session: primed Akamai session (thread 128937048921792): HTTP 200 cookies=['ak_bmsc', 'bm_sv']
2026-06-01 00:35:18,268 INFO e14.session: primed Akamai session (thread 128933886183104): HTTP 200 cookies=['ak_bmsc', 'bm_sv']
2026-06-01 00:35:18,542 INFO e14.session: primed Akamai session (thread 128934867867328): HTTP 200 cookies=['ak_bmsc', 'bm_sv']
2026-06-01 00:35:18,581 INFO e14.session: primed Akamai session (thread 128936503658176): HTTP 200 cookies=['ak_bmsc', 'bm_sv']
2026-06-01 00:35:19,742 INFO e14.session: primed Akamai session (thread 128934045644480): HTTP 200 cookies=['ak_bmsc', 'bm_sv']
2026-06-01 00:35:20,625 INFO e14.session: primed Akamai session (thread 128936528836288): HTTP 200 cookies=['ak_bmsc', 'bm_sv']
2026-06-01 00:35:20,669 INFO e14.session: primed Akamai session (thread 128937040529088): HTTP 200 cookies=['ak_bmsc', 'bm_sv']
2026-06-01 00:35:21,154 INFO e14.session: primed Akamai session (thread 128934028859072): HTTP 200 cookies=['ak_bmsc', 'bm_sv']
2026-06-01 00:35:22,345 INFO e14.session: primed Akamai session (thread 128935421523648): HTTP 200 cookies=['ak_bmsc', 'bm_sv']
2026-06-01 00:35:22,607 INFO e14.session: primed Akamai session (thread 128934305818304): HTTP 200 cookies=['ak_bmsc', 'bm_sv']
2026-06-01 00:35:22,613 INFO e14.session: primed Akamai session (thread 128934876260032): HTTP 200 cookies=['ak_bmsc', 'bm_sv']
2026-06-01 00:35:22,635 INFO e14.session: primed Akamai session (thread 128940278539968): HTTP 200 cookies=['ak_bmsc', 'bm_sv']
2026-06-01 00:35:22,721 INFO e14.session: primed Akamai session (thread 128938005231296): HTTP 200 cookies=['ak_bmsc', 'bm_sv']
2026-06-01 00:35:23,960 INFO e14.session: primed Akamai session (thread 128933844219584): HTTP 200 cookies=['ak_bmsc', 'bm_sv']
2026-06-01 00:35:25,061 INFO e14.session: primed Akamai session (thread 128933978502848): HTTP 200 cookies=['ak_bmsc', 'bm_sv']
2026-06-01 00:35:25,913 INFO e14.session: primed Akamai session (thread 128941637691072): HTTP 200 cookies=['ak_bmsc', 'bm_sv']
2026-06-01 00:35:26,247 INFO e14.session: primed Akamai session (thread 128935404738240): HTTP 200 cookies=['ak_bmsc', 'bm_sv']
2026-06-01 00:35:26,284 INFO e14.session: primed Akamai session (thread 128933936539328): HTTP 200 cookies=['ak_bmsc', 'bm_sv']
2026-06-01 00:35:27,444 INFO e14.session: primed Akamai session (thread 128934012073664): HTTP 200 cookies=['ak_bmsc', 'bm_sv']
2026-06-01 00:35:28,095 INFO e14.session: primed Akamai session (thread 128934918223552): HTTP 200 cookies=['ak_bmsc', 'bm_sv']
2026-06-01 00:35:28,324 INFO e14.session: primed Akamai session (thread 128934179927744): HTTP 200 cookies=['ak_bmsc', 'bm_sv']
2026-06-01 00:35:28,562 INFO e14.session: primed Akamai session (thread 128940253361856): HTTP 200 cookies=['ak_bmsc', 'bm_sv']
2026-06-01 00:35:28,895 INFO e14.session: primed Akamai session (thread 128934272247488): HTTP 200 cookies=['ak_bmsc', 'bm_sv']
2026-06-01 00:35:29,436 INFO e14.session: primed Akamai session (thread 128938516924096): HTTP 200 cookies=['ak_bmsc', 'bm_sv']
2026-06-01 00:35:29,450 INFO e14.session: primed Akamai session (thread 128934297425600): HTTP 200 cookies=['ak_bmsc', 'bm_sv']
2026-06-01 00:35:29,900 INFO e14.session: primed Akamai session (thread 128934909830848): HTTP 200 cookies=['ak_bmsc', 'bm_sv']
2026-06-01 00:35:31,091 INFO e14.session: primed Akamai session (thread 128938542102208): HTTP 200 cookies=['ak_bmsc', 'bm_sv']
2026-06-01 00:35:31,401 INFO e14.session: primed Akamai session (thread 128933961717440): HTTP 200 cookies=['ak_bmsc', 'bm_sv']
2026-06-01 00:35:31,743 INFO e14.session: primed Akamai session (thread 128934884652736): HTTP 200 cookies=['ak_bmsc', 'bm_sv']
2026-06-01 00:35:31,912 INFO e14.session: primed Akamai session (thread 128937023743680): HTTP 200 cookies=['ak_bmsc', 'bm_sv']
2026-06-01 00:35:32,274 INFO e14.session: primed Akamai session (thread 128933877790400): HTTP 200 cookies=['ak_bmsc', 'bm_sv']
2026-06-01 00:35:32,591 INFO e14.session: primed Akamai session (thread 128936512050880): HTTP 200 cookies=['ak_bmsc', 'bm_sv']
2026-06-01 00:35:32,810 INFO e14.session: primed Akamai session (thread 128935991965376): HTTP 200 cookies=['ak_bmsc', 'bm_sv']
2026-06-01 00:35:33,971 INFO e14.session: primed Akamai session (thread 128939733276352): HTTP 200 cookies=['ak_bmsc', 'bm_sv']
2026-06-01 00:35:33,972 INFO e14.session: primed Akamai session (thread 128933986895552): HTTP 200 cookies=['ak_bmsc', 'bm_sv']
2026-06-01 00:35:34,103 INFO e14.session: primed Akamai session (thread 128934330996416): HTTP 200 cookies=['ak_bmsc', 'bm_sv']
2026-06-01 00:35:34,121 INFO e14.session: primed Akamai session (thread 128933835826880): HTTP 200 cookies=['ak_bmsc', 'bm_sv']
2026-06-01 00:35:34,768 INFO e14.session: primed Akamai session (thread 128934280640192): HTTP 200 cookies=['ak_bmsc', 'bm_sv']
2026-06-01 00:35:34,859 INFO e14.session: primed Akamai session (thread 128940261754560): HTTP 200 cookies=['ak_bmsc', 'bm_sv']
2026-06-01 00:35:34,976 INFO e14.session: primed Akamai session (thread 128934079215296): HTTP 200 cookies=['ak_bmsc', 'bm_sv']
2026-06-01 00:35:35,622 INFO e14.session: primed Akamai session (thread 128937015350976): HTTP 200 cookies=['ak_bmsc', 'bm_sv']
2026-06-01 00:35:35,625 INFO e14.session: primed Akamai session (thread 128940781840064): HTTP 200 cookies=['ak_bmsc', 'bm_sv']
2026-06-01 00:35:35,987 INFO e14.session: primed Akamai session (thread 128939699705536): HTTP 200 cookies=['ak_bmsc', 'bm_sv']
2026-06-01 00:35:36,451 INFO e14.session: primed Akamai session (thread 128941385819840): HTTP 200 cookies=['ak_bmsc', 'bm_sv']
2026-06-01 00:35:36,488 INFO e14.session: primed Akamai session (thread 128934238676672): HTTP 200 cookies=['ak_bmsc', 'bm_sv']
2026-06-01 00:35:38,753 INFO e14.session: primed Akamai session (thread 128941410997952): HTTP 200 cookies=['ak_bmsc', 'bm_sv']
2026-06-01 00:35:39,364 INFO e14.session: primed Akamai session (thread 128938491745984): HTTP 200 cookies=['ak_bmsc', 'bm_sv']
2026-06-01 00:35:40,402 INFO e14.session: primed Akamai session (thread 128933869397696): HTTP 200 cookies=['ak_bmsc', 'bm_sv']
2026-06-01 00:35:43,256 INFO e14.session: primed Akamai session (thread 128937954875072): HTTP 200 cookies=['ak_bmsc', 'bm_sv']
2026-06-01 00:35:46,037 INFO e14.session: primed Akamai session (thread 128936486872768): HTTP 200 cookies=['ak_bmsc', 'bm_sv']
2026-06-01 00:35:46,133 INFO e14.session: primed Akamai session (thread 128938500138688): HTTP 200 cookies=['ak_bmsc', 'bm_sv']
2026-06-01 00:35:46,305 INFO e14.session: primed Akamai session (thread 128934372959936): HTTP 200 cookies=['ak_bmsc', 'bm_sv']
2026-06-01 00:35:46,548 INFO e14.session: primed Akamai session (thread 128938776966848): HTTP 200 cookies=['ak_bmsc', 'bm_sv']
2026-06-01 00:35:46,920 INFO e14.session: primed Akamai session (thread 128941394212544): HTTP 200 cookies=['ak_bmsc', 'bm_sv']
2026-06-01 00:35:46,935 INFO e14.session: primed Akamai session (thread 128934112786112): HTTP 200 cookies=['ak_bmsc', 'bm_sv']
2026-06-01 00:35:47,043 INFO e14.session: primed Akamai session (thread 128940798625472): HTTP 200 cookies=['ak_bmsc', 'bm_sv']
2026-06-01 00:35:48,488 INFO e14.session: primed Akamai session (thread 128933911361216): HTTP 200 cookies=['ak_bmsc', 'bm_sv']
2026-06-01 00:35:49,378 INFO e14.session: primed Akamai session (thread 128939171227328): HTTP 200 cookies=['ak_bmsc', 'bm_sv']
2026-06-01 00:35:50,730 INFO e14.session: primed Akamai session (thread 128934137964224): HTTP 200 cookies=['ak_bmsc', 'bm_sv']
2026-06-01 00:35:51,093 INFO e14.session: primed Akamai session (thread 128935958394560): HTTP 200 cookies=['ak_bmsc', 'bm_sv']
2026-06-01 00:35:51,315 INFO e14.session: primed Akamai session (thread 128940790232768): HTTP 200 cookies=['ak_bmsc', 'bm_sv']
2026-06-01 00:35:53,495 INFO e14.session: primed Akamai session (thread 128933919753920): HTTP 200 cookies=['ak_bmsc', 'bm_sv']
2026-06-01 00:35:55,254 INFO e14.session: primed Akamai session (thread 128937963267776): HTTP 200 cookies=['ak_bmsc', 'bm_sv']
2026-06-01 00:35:55,461 INFO e14.session: primed Akamai session (thread 128938810537664): HTTP 200 cookies=['ak_bmsc', 'bm_sv']
2026-06-01 00:35:55,543 INFO e14.session: primed Akamai session (thread 128936520443584): HTTP 200 cookies=['ak_bmsc', 'bm_sv']
2026-06-01 00:35:55,856 INFO e14.session: primed Akamai session (thread 128934087608000): HTTP 200 cookies=['ak_bmsc', 'bm_sv']
2026-06-01 00:35:56,679 INFO e14.session: primed Akamai session (thread 128940773447360): HTTP 200 cookies=['ak_bmsc', 'bm_sv']
2026-06-01 00:35:56,771 INFO e14.session: primed Akamai session (thread 128938793752256): HTTP 200 cookies=['ak_bmsc', 'bm_sv']
2026-06-01 00:35:58,815 INFO e14.session: primed Akamai session (thread 128934230283968): HTTP 200 cookies=['ak_bmsc', 'bm_sv']
2026-06-01 00:35:59,102 INFO e14.session: primed Akamai session (thread 128941419390656): HTTP 200 cookies=['ak_bmsc', 'bm_sv']
2026-06-01 00:35:59,274 INFO e14.session: primed Akamai session (thread 128934364567232): HTTP 200 cookies=['ak_bmsc', 'bm_sv']
2026-06-01 00:35:59,806 INFO e14.session: primed Akamai session (thread 128939162834624): HTTP 200 cookies=['ak_bmsc', 'bm_sv']
2026-06-01 00:35:59,820 INFO e14.session: primed Akamai session (thread 128934322603712): HTTP 200 cookies=['ak_bmsc', 'bm_sv']
2026-06-01 00:36:00,159 INFO e14.session: primed Akamai session (thread 128933944932032): HTTP 200 cookies=['ak_bmsc', 'bm_sv']
2026-06-01 00:36:00,647 INFO e14.session: primed Akamai session (thread 128937980053184): HTTP 200 cookies=['ak_bmsc', 'bm_sv']
2026-06-01 00:36:00,694 INFO e14.session: primed Akamai session (thread 128940236576448): HTTP 200 cookies=['ak_bmsc', 'bm_sv']
2026-06-01 00:36:01,075 INFO e14.session: primed Akamai session (thread 128934129571520): HTTP 200 cookies=['ak_bmsc', 'bm_sv']
2026-06-01 00:36:01,328 INFO e14.session: primed Akamai session (thread 128938508531392): HTTP 200 cookies=['ak_bmsc', 'bm_sv']
2026-06-01 00:36:01,349 INFO e14.session: primed Akamai session (thread 128934314211008): HTTP 200 cookies=['ak_bmsc', 'bm_sv']
2026-06-01 00:36:01,517 INFO e14.session: primed Akamai session (thread 128934289032896): HTTP 200 cookies=['ak_bmsc', 'bm_sv']
2026-06-01 00:36:01,725 INFO e14.session: primed Akamai session (thread 128939196405440): HTTP 200 cookies=['ak_bmsc', 'bm_sv']
2026-06-01 00:36:01,897 INFO e14.session: primed Akamai session (thread 128940244969152): HTTP 200 cookies=['ak_bmsc', 'bm_sv']
2026-06-01 00:36:01,986 INFO e14.session: primed Akamai session (thread 128939716490944): HTTP 200 cookies=['ak_bmsc', 'bm_sv']
2026-06-01 00:36:02,038 INFO e14.session: primed Akamai session (thread 128938768574144): HTTP 200 cookies=['ak_bmsc', 'bm_sv']
2026-06-01 00:36:02,060 INFO e14.session: primed Akamai session (thread 128940270147264): HTTP 200 cookies=['ak_bmsc', 'bm_sv']
2026-06-01 00:36:02,257 INFO e14.session: primed Akamai session (thread 128940815410880): HTTP 200 cookies=['ak_bmsc', 'bm_sv']
2026-06-01 00:36:02,698 INFO e14.session: primed Akamai session (thread 128939188012736): HTTP 200 cookies=['ak_bmsc', 'bm_sv']
2026-06-01 00:36:02,774 INFO e14.session: primed Akamai session (thread 128934062429888): HTTP 200 cookies=['ak_bmsc', 'bm_sv']
2026-06-01 00:36:02,895 INFO e14.session: primed Akamai session (thread 128934154749632): HTTP 200 cookies=['ak_bmsc', 'bm_sv']
2026-06-01 00:36:03,955 INFO e14.session: primed Akamai session (thread 128938802144960): HTTP 200 cookies=['ak_bmsc', 'bm_sv']
2026-06-01 00:36:04,213 INFO e14.session: primed Akamai session (thread 128937065707200): HTTP 200 cookies=['ak_bmsc', 'bm_sv']
2026-06-01 00:36:04,363 INFO e14.session: primed Akamai session (thread 128941427783360): HTTP 200 cookies=['ak_bmsc', 'bm_sv']
2026-06-01 00:36:05,164 INFO e14.session: primed Akamai session (thread 128937971660480): HTTP 200 cookies=['ak_bmsc', 'bm_sv']
2026-06-01 00:36:05,419 INFO e14.session: primed Akamai session (thread 128934221891264): HTTP 200 cookies=['ak_bmsc', 'bm_sv']
2026-06-01 00:36:05,516 INFO e14.session: primed Akamai session (thread 128935950001856): HTTP 200 cookies=['ak_bmsc', 'bm_sv']
2026-06-01 00:36:06,341 INFO e14.session: primed Akamai session (thread 128934213498560): HTTP 200 cookies=['ak_bmsc', 'bm_sv']
2026-06-01 00:36:06,483 INFO e14.session: primed Akamai session (thread 128940823803584): HTTP 200 cookies=['ak_bmsc', 'bm_sv']
2026-06-01 00:36:06,649 INFO e14.session: primed Akamai session (thread 128941402605248): HTTP 200 cookies=['ak_bmsc', 'bm_sv']
2026-06-01 00:36:06,866 INFO e14.session: primed Akamai session (thread 128935429916352): HTTP 200 cookies=['ak_bmsc', 'bm_sv']
2026-06-01 00:36:07,277 INFO e14.session: primed Akamai session (thread 128935446701760): HTTP 200 cookies=['ak_bmsc', 'bm_sv']
2026-06-01 00:36:07,394 INFO e14.session: primed Akamai session (thread 128934054037184): HTTP 200 cookies=['ak_bmsc', 'bm_sv']
2026-06-01 00:36:07,808 INFO e14.session: primed Akamai session (thread 128934347781824): HTTP 200 cookies=['ak_bmsc', 'bm_sv']
2026-06-01 00:36:07,994 INFO e14.session: primed Akamai session (thread 128934188320448): HTTP 200 cookies=['ak_bmsc', 'bm_sv']
2026-06-01 00:36:08,187 INFO e14.session: primed Akamai session (thread 128941654476480): HTTP 200 cookies=['ak_bmsc', 'bm_sv']
2026-06-01 00:36:08,497 INFO e14.session: primed Akamai session (thread 128934003680960): HTTP 200 cookies=['ak_bmsc', 'bm_sv']
2026-06-01 00:36:08,622 INFO e14.session: primed Akamai session (thread 128937996838592): HTTP 200 cookies=['ak_bmsc', 'bm_sv']
2026-06-01 00:36:08,739 INFO e14.session: primed Akamai session (thread 128934901438144): HTTP 200 cookies=['ak_bmsc', 'bm_sv']
2026-06-01 00:36:09,172 INFO e14.session: primed Akamai session (thread 128941646083776): HTTP 200 cookies=['ak_bmsc', 'bm_sv']
2026-06-01 00:36:09,377 INFO e14.session: primed Akamai session (thread 128934070822592): HTTP 200 cookies=['ak_bmsc', 'bm_sv']
2026-06-01 00:36:10,084 INFO e14.session: primed Akamai session (thread 128934146356928): HTTP 200 cookies=['ak_bmsc', 'bm_sv']
2026-06-01 00:36:11,953 INFO e14.session: primed Akamai session (thread 128933852612288): HTTP 200 cookies=['ak_bmsc', 'bm_sv']
2026-06-01 00:36:13,366 INFO e14.session: primed Akamai session (thread 128934255462080): HTTP 200 cookies=['ak_bmsc', 'bm_sv']
2026-06-01 00:36:13,772 INFO e14.session: primed Akamai session (thread 128933861004992): HTTP 200 cookies=['ak_bmsc', 'bm_sv']
2026-06-01 00:36:15,462 INFO e14.session: primed Akamai session (thread 128936478480064): HTTP 200 cookies=['ak_bmsc', 'bm_sv']
2026-06-01 00:36:16,370 INFO e14.session: primed Akamai session (thread 128937988445888): HTTP 200 cookies=['ak_bmsc', 'bm_sv']
2026-06-01 00:36:16,449 INFO e14.session: primed Akamai session (thread 128934163142336): HTTP 200 cookies=['ak_bmsc', 'bm_sv']
2026-06-01 00:36:16,684 INFO e14.session: primed Akamai session (thread 128933894575808): HTTP 200 cookies=['ak_bmsc', 'bm_sv']
2026-06-01 00:36:17,088 INFO e14.session: primed Akamai session (thread 128934037251776): HTTP 200 cookies=['ak_bmsc', 'bm_sv']
2026-06-01 00:36:17,235 INFO e14.session: primed Akamai session (thread 128935455094464): HTTP 200 cookies=['ak_bmsc', 'bm_sv']
2026-06-01 00:36:17,248 INFO e14.session: primed Akamai session (thread 128934893045440): HTTP 200 cookies=['ak_bmsc', 'bm_sv']
2026-06-01 00:36:17,279 INFO e14.session: primed Akamai session (thread 128933970110144): HTTP 200 cookies=['ak_bmsc', 'bm_sv']
2026-06-01 00:36:17,461 INFO e14.session: primed Akamai session (thread 128938525316800): HTTP 200 cookies=['ak_bmsc', 'bm_sv']
2026-06-01 00:36:17,534 INFO e14.session: primed Akamai session (thread 128934171535040): HTTP 200 cookies=['ak_bmsc', 'bm_sv']
2026-06-01 00:36:17,804 INFO e14.session: primed Akamai session (thread 128934339389120): HTTP 200 cookies=['ak_bmsc', 'bm_sv']
2026-06-01 00:36:18,151 INFO e14.session: primed Akamai session (thread 128935941609152): HTTP 200 cookies=['ak_bmsc', 'bm_sv']
2026-06-01 00:36:18,217 INFO e14.session: primed Akamai session (thread 128934020466368): HTTP 200 cookies=['ak_bmsc', 'bm_sv']
2026-06-01 00:36:18,646 INFO e14.session: primed Akamai session (thread 128933902968512): HTTP 200 cookies=['ak_bmsc', 'bm_sv']
2026-06-01 00:36:18,980 INFO e14.session: primed Akamai session (thread 128938760181440): HTTP 200 cookies=['ak_bmsc', 'bm_sv']
2026-06-01 00:36:19,320 INFO e14.session: primed Akamai session (thread 128937057314496): HTTP 200 cookies=['ak_bmsc', 'bm_sv']
2026-06-01 00:36:19,420 INFO e14.session: primed Akamai session (thread 128938785359552): HTTP 200 cookies=['ak_bmsc', 'bm_sv']
2026-06-01 00:36:20,217 INFO e14.session: primed Akamai session (thread 128933953324736): HTTP 200 cookies=['ak_bmsc', 'bm_sv']
2026-06-01 00:36:21,356 INFO e14.session: primed Akamai session (thread 128934104393408): HTTP 200 cookies=['ak_bmsc', 'bm_sv']
2026-06-01 00:36:21,387 INFO e14.session: primed Akamai session (thread 128936495265472): HTTP 200 cookies=['ak_bmsc', 'bm_sv']
2026-06-01 00:36:21,480 INFO e14.session: primed Akamai session (thread 128939741669056): HTTP 200 cookies=['ak_bmsc', 'bm_sv']
2026-06-01 00:36:22,071 INFO e14.session: primed Akamai session (thread 128941377427136): HTTP 200 cookies=['ak_bmsc', 'bm_sv']
2026-06-01 00:36:22,426 INFO e14.session: primed Akamai session (thread 128935975179968): HTTP 200 cookies=['ak_bmsc', 'bm_sv']
2026-06-01 00:36:22,630 INFO e14.session: primed Akamai session (thread 128938533709504): HTTP 200 cookies=['ak_bmsc', 'bm_sv']
2026-06-01 00:36:22,849 INFO e14.session: primed Akamai session (thread 128933886183104): HTTP 200 cookies=['ak_bmsc', 'bm_sv']
2026-06-01 00:36:22,969 INFO e14.session: primed Akamai session (thread 128934205105856): HTTP 200 cookies=['ak_bmsc', 'bm_sv']
2026-06-01 00:36:23,201 INFO e14.session: primed Akamai session (thread 128939179620032): HTTP 200 cookies=['ak_bmsc', 'bm_sv']
2026-06-01 00:36:23,409 INFO e14.session: primed Akamai session (thread 128939724883648): HTTP 200 cookies=['ak_bmsc', 'bm_sv']
2026-06-01 00:36:23,948 INFO e14.session: primed Akamai session (thread 128934381352640): HTTP 200 cookies=['ak_bmsc', 'bm_sv']
2026-06-01 00:36:24,864 INFO e14.session: primed Akamai session (thread 128934356174528): HTTP 200 cookies=['ak_bmsc', 'bm_sv']
2026-06-01 00:36:25,955 INFO e14.session: primed Akamai session (thread 128936528836288): HTTP 200 cookies=['ak_bmsc', 'bm_sv']
2026-06-01 00:36:26,009 INFO e14.session: primed Akamai session (thread 128934867867328): HTTP 200 cookies=['ak_bmsc', 'bm_sv']
2026-06-01 00:36:26,213 INFO e14.session: primed Akamai session (thread 128934028859072): HTTP 200 cookies=['ak_bmsc', 'bm_sv']
2026-06-01 00:36:26,970 INFO e14.session: primed Akamai session (thread 128933995288256): HTTP 200 cookies=['ak_bmsc', 'bm_sv']
2026-06-01 00:36:27,080 INFO e14.session: primed Akamai session (thread 128934045644480): HTTP 200 cookies=['ak_bmsc', 'bm_sv']
2026-06-01 00:36:27,216 INFO e14.session: primed Akamai session (thread 128936503658176): HTTP 200 cookies=['ak_bmsc', 'bm_sv']
2026-06-01 00:36:27,486 INFO e14.session: primed Akamai session (thread 128937040529088): HTTP 200 cookies=['ak_bmsc', 'bm_sv']
2026-06-01 00:36:28,195 INFO e14.session: primed Akamai session (thread 128934096000704): HTTP 200 cookies=['ak_bmsc', 'bm_sv']
2026-06-01 00:36:28,337 INFO e14.session: primed Akamai session (thread 128934876260032): HTTP 200 cookies=['ak_bmsc', 'bm_sv']
2026-06-01 00:36:28,453 INFO e14.session: primed Akamai session (thread 128935421523648): HTTP 200 cookies=['ak_bmsc', 'bm_sv']
2026-06-01 00:36:29,664 INFO e14.session: primed Akamai session (thread 128934305818304): HTTP 200 cookies=['ak_bmsc', 'bm_sv']
2026-06-01 00:36:31,278 INFO e14.session: primed Akamai session (thread 128933936539328): HTTP 200 cookies=['ak_bmsc', 'bm_sv']
2026-06-01 00:36:31,312 INFO e14.session: primed Akamai session (thread 128940278539968): HTTP 200 cookies=['ak_bmsc', 'bm_sv']
2026-06-01 00:36:31,434 INFO e14.session: primed Akamai session (thread 128938005231296): HTTP 200 cookies=['ak_bmsc', 'bm_sv']
2026-06-01 00:36:31,502 INFO e14.session: primed Akamai session (thread 128933978502848): HTTP 200 cookies=['ak_bmsc', 'bm_sv']
2026-06-01 00:36:32,162 INFO e14.session: primed Akamai session (thread 128935404738240): HTTP 200 cookies=['ak_bmsc', 'bm_sv']
2026-06-01 00:36:34,457 INFO e14.session: primed Akamai session (thread 128933844219584): HTTP 200 cookies=['ak_bmsc', 'bm_sv']
2026-06-01 00:36:34,901 INFO e14.session: primed Akamai session (thread 128940253361856): HTTP 200 cookies=['ak_bmsc', 'bm_sv']
2026-06-01 00:36:35,191 INFO e14.session: primed Akamai session (thread 128934179927744): HTTP 200 cookies=['ak_bmsc', 'bm_sv']
2026-06-01 00:36:35,232 INFO e14.session: primed Akamai session (thread 128934272247488): HTTP 200 cookies=['ak_bmsc', 'bm_sv']
2026-06-01 00:36:35,552 INFO e14.session: primed Akamai session (thread 128934012073664): HTTP 200 cookies=['ak_bmsc', 'bm_sv']
2026-06-01 00:36:36,102 INFO e14.session: primed Akamai session (thread 128941637691072): HTTP 200 cookies=['ak_bmsc', 'bm_sv']
2026-06-01 00:36:37,127 INFO e14.session: primed Akamai session (thread 128934297425600): HTTP 200 cookies=['ak_bmsc', 'bm_sv']
2026-06-01 00:36:37,627 INFO e14.session: primed Akamai session (thread 128934918223552): HTTP 200 cookies=['ak_bmsc', 'bm_sv']
2026-06-01 00:36:37,709 INFO e14.session: primed Akamai session (thread 128934909830848): HTTP 200 cookies=['ak_bmsc', 'bm_sv']
2026-06-01 00:36:38,443 INFO e14.session: primed Akamai session (thread 128937023743680): HTTP 200 cookies=['ak_bmsc', 'bm_sv']
2026-06-01 00:36:38,632 INFO e14.session: primed Akamai session (thread 128933877790400): HTTP 200 cookies=['ak_bmsc', 'bm_sv']
2026-06-01 00:36:39,206 INFO e14.session: primed Akamai session (thread 128935438309056): HTTP 200 cookies=['ak_bmsc', 'bm_sv']
2026-06-01 00:36:39,595 INFO e14.session: primed Akamai session (thread 128934079215296): HTTP 200 cookies=['ak_bmsc', 'bm_sv']
2026-06-01 00:36:39,772 INFO e14.session: primed Akamai session (thread 128933986895552): HTTP 200 cookies=['ak_bmsc', 'bm_sv']
2026-06-01 00:36:41,092 INFO e14.session: primed Akamai session (thread 128938516924096): HTTP 200 cookies=['ak_bmsc', 'bm_sv']
2026-06-01 00:36:41,147 INFO e14.session: primed Akamai session (thread 128934330996416): HTTP 200 cookies=['ak_bmsc', 'bm_sv']
2026-06-01 00:36:41,407 INFO e14.session: primed Akamai session (thread 128933835826880): HTTP 200 cookies=['ak_bmsc', 'bm_sv']
2026-06-01 00:36:42,053 INFO e14.session: primed Akamai session (thread 128934238676672): HTTP 200 cookies=['ak_bmsc', 'bm_sv']
2026-06-01 00:36:42,149 INFO e14.session: primed Akamai session (thread 128938542102208): HTTP 200 cookies=['ak_bmsc', 'bm_sv']
2026-06-01 00:36:42,314 INFO e14.session: primed Akamai session (thread 128934280640192): HTTP 200 cookies=['ak_bmsc', 'bm_sv']
2026-06-01 00:36:42,379 INFO e14.session: primed Akamai session (thread 128939733276352): HTTP 200 cookies=['ak_bmsc', 'bm_sv']
2026-06-01 00:36:42,557 INFO e14.session: primed Akamai session (thread 128940781840064): HTTP 200 cookies=['ak_bmsc', 'bm_sv']
2026-06-01 00:36:42,826 INFO e14.session: primed Akamai session (thread 128939699705536): HTTP 200 cookies=['ak_bmsc', 'bm_sv']
2026-06-01 00:36:42,901 INFO e14.session: primed Akamai session (thread 128937015350976): HTTP 200 cookies=['ak_bmsc', 'bm_sv']
2026-06-01 00:36:42,989 INFO e14.session: primed Akamai session (thread 128939204798144): HTTP 200 cookies=['ak_bmsc', 'bm_sv']
2026-06-01 00:36:42,991 INFO e14.session: primed Akamai session (thread 128940261754560): HTTP 200 cookies=['ak_bmsc', 'bm_sv']
2026-06-01 00:36:43,090 INFO e14.session: primed Akamai session (thread 128933961717440): HTTP 200 cookies=['ak_bmsc', 'bm_sv']
2026-06-01 00:36:44,064 INFO e14.session: primed Akamai session (thread 128934196713152): HTTP 200 cookies=['ak_bmsc', 'bm_sv']
2026-06-01 00:36:44,692 INFO e14.session: primed Akamai session (thread 128941385819840): HTTP 200 cookies=['ak_bmsc', 'bm_sv']
2026-06-01 00:36:44,869 INFO e14.session: primed Akamai session (thread 128941410997952): HTTP 200 cookies=['ak_bmsc', 'bm_sv']
2026-06-01 00:36:45,501 INFO e14.session: primed Akamai session (thread 128936512050880): HTTP 200 cookies=['ak_bmsc', 'bm_sv']
2026-06-01 00:36:45,917 INFO e14.session: primed Akamai session (thread 128934884652736): HTTP 200 cookies=['ak_bmsc', 'bm_sv']
2026-06-01 00:36:46,017 INFO e14.session: primed Akamai session (thread 128933869397696): HTTP 200 cookies=['ak_bmsc', 'bm_sv']
2026-06-01 00:36:48,712 INFO e14.session: primed Akamai session (thread 128937954875072): HTTP 200 cookies=['ak_bmsc', 'bm_sv']
2026-06-01 00:36:50,770 INFO e14.session: primed Akamai session (thread 128934112786112): HTTP 200 cookies=['ak_bmsc', 'bm_sv']
2026-06-01 00:36:50,841 INFO e14.session: primed Akamai session (thread 128937032136384): HTTP 200 cookies=['ak_bmsc', 'bm_sv']
2026-06-01 00:36:52,958 INFO e14.session: primed Akamai session (thread 128934372959936): HTTP 200 cookies=['ak_bmsc', 'bm_sv']
2026-06-01 00:36:53,220 INFO e14.session: primed Akamai session (thread 128938500138688): HTTP 200 cookies=['ak_bmsc', 'bm_sv']
2026-06-01 00:36:53,667 INFO e14.session: primed Akamai session (thread 128938776966848): HTTP 200 cookies=['ak_bmsc', 'bm_sv']
2026-06-01 00:36:53,739 INFO e14.session: primed Akamai session (thread 128936486872768): HTTP 200 cookies=['ak_bmsc', 'bm_sv']
2026-06-01 00:36:54,870 INFO e14.session: primed Akamai session (thread 128933911361216): HTTP 200 cookies=['ak_bmsc', 'bm_sv']
2026-06-01 00:36:55,713 INFO e14.session: primed Akamai session (thread 128941394212544): HTTP 200 cookies=['ak_bmsc', 'bm_sv']
2026-06-01 00:36:55,718 INFO e14.session: primed Akamai session (thread 128939750061760): HTTP 200 cookies=['ak_bmsc', 'bm_sv']
2026-06-01 00:36:56,647 INFO e14.session: primed Akamai session (thread 128940790232768): HTTP 200 cookies=['ak_bmsc', 'bm_sv']
2026-06-01 00:36:57,283 INFO e14.session: primed Akamai session (thread 128933928146624): HTTP 200 cookies=['ak_bmsc', 'bm_sv']
2026-06-01 00:36:59,478 INFO e14.session: primed Akamai session (thread 128935966787264): HTTP 200 cookies=['ak_bmsc', 'bm_sv']
2026-06-01 00:36:59,997 INFO e14.session: primed Akamai session (thread 128934137964224): HTTP 200 cookies=['ak_bmsc', 'bm_sv']
2026-06-01 00:37:00,372 INFO e14.session: primed Akamai session (thread 128933919753920): HTTP 200 cookies=['ak_bmsc', 'bm_sv']
2026-06-01 00:37:02,390 INFO e14.session: primed Akamai session (thread 128936520443584): HTTP 200 cookies=['ak_bmsc', 'bm_sv']
2026-06-01 00:37:02,732 INFO e14.session: primed Akamai session (thread 128937963267776): HTTP 200 cookies=['ak_bmsc', 'bm_sv']
2026-06-01 00:37:03,462 INFO e14.session: primed Akamai session (thread 128938810537664): HTTP 200 cookies=['ak_bmsc', 'bm_sv']
2026-06-01 00:37:05,212 INFO e14.session: primed Akamai session (thread 128938793752256): HTTP 200 cookies=['ak_bmsc', 'bm_sv']
2026-06-01 00:37:06,160 INFO e14.session: primed Akamai session (thread 128934087608000): HTTP 200 cookies=['ak_bmsc', 'bm_sv']
2026-06-01 00:37:06,881 INFO e14.session: primed Akamai session (thread 128934364567232): HTTP 200 cookies=['ak_bmsc', 'bm_sv']
2026-06-01 00:37:07,353 INFO e14.session: primed Akamai session (thread 128934230283968): HTTP 200 cookies=['ak_bmsc', 'bm_sv']
2026-06-01 00:37:07,489 INFO e14.session: primed Akamai session (thread 128940773447360): HTTP 200 cookies=['ak_bmsc', 'bm_sv']
2026-06-01 00:37:09,052 INFO e14.session: primed Akamai session (thread 128938508531392): HTTP 200 cookies=['ak_bmsc', 'bm_sv']
2026-06-01 00:37:10,796 INFO e14.session: primed Akamai session (thread 128934062429888): HTTP 200 cookies=['ak_bmsc', 'bm_sv']
2026-06-01 00:37:10,872 INFO e14.session: primed Akamai session (thread 128940244969152): HTTP 200 cookies=['ak_bmsc', 'bm_sv']
2026-06-01 00:37:11,350 INFO e14.session: primed Akamai session (thread 128941419390656): HTTP 200 cookies=['ak_bmsc', 'bm_sv']
2026-06-01 00:37:11,876 INFO e14.session: primed Akamai session (thread 128933944932032): HTTP 200 cookies=['ak_bmsc', 'bm_sv']
2026-06-01 00:37:11,969 INFO e14.session: primed Akamai session (thread 128939716490944): HTTP 200 cookies=['ak_bmsc', 'bm_sv']
2026-06-01 00:37:12,120 INFO e14.session: primed Akamai session (thread 128934221891264): HTTP 200 cookies=['ak_bmsc', 'bm_sv']
2026-06-01 00:37:12,234 INFO e14.session: primed Akamai session (thread 128940823803584): HTTP 200 cookies=['ak_bmsc', 'bm_sv']
2026-06-01 00:37:12,235 INFO e14.session: primed Akamai session (thread 128934289032896): HTTP 200 cookies=['ak_bmsc', 'bm_sv']
2026-06-01 00:37:12,571 INFO e14.session: primed Akamai session (thread 128934322603712): HTTP 200 cookies=['ak_bmsc', 'bm_sv']
2026-06-01 00:37:13,209 INFO e14.session: primed Akamai session (thread 128937980053184): HTTP 200 cookies=['ak_bmsc', 'bm_sv']
2026-06-01 00:37:13,300 INFO e14.session: primed Akamai session (thread 128939162834624): HTTP 200 cookies=['ak_bmsc', 'bm_sv']
2026-06-01 00:37:13,490 INFO e14.session: primed Akamai session (thread 128935429916352): HTTP 200 cookies=['ak_bmsc', 'bm_sv']
2026-06-01 00:37:13,548 INFO e14.session: primed Akamai session (thread 128941654476480): HTTP 200 cookies=['ak_bmsc', 'bm_sv']
2026-06-01 00:37:13,895 INFO e14.session: primed Akamai session (thread 128934129571520): HTTP 200 cookies=['ak_bmsc', 'bm_sv']
2026-06-01 00:37:14,289 INFO e14.session: primed Akamai session (thread 128935446701760): HTTP 200 cookies=['ak_bmsc', 'bm_sv']
2026-06-01 00:37:14,588 INFO e14.session: primed Akamai session (thread 128934347781824): HTTP 200 cookies=['ak_bmsc', 'bm_sv']
2026-06-01 00:37:14,709 INFO e14.session: primed Akamai session (thread 128940236576448): HTTP 200 cookies=['ak_bmsc', 'bm_sv']
2026-06-01 00:37:14,823 INFO e14.session: primed Akamai session (thread 128941646083776): HTTP 200 cookies=['ak_bmsc', 'bm_sv']
2026-06-01 00:37:14,858 INFO e14.session: primed Akamai session (thread 128934188320448): HTTP 200 cookies=['ak_bmsc', 'bm_sv']
2026-06-01 00:37:15,029 INFO e14.session: primed Akamai session (thread 128934901438144): HTTP 200 cookies=['ak_bmsc', 'bm_sv']
2026-06-01 00:37:15,108 INFO e14.session: primed Akamai session (thread 128937996838592): HTTP 200 cookies=['ak_bmsc', 'bm_sv']
2026-06-01 00:37:15,115 INFO e14.session: primed Akamai session (thread 128934314211008): HTTP 200 cookies=['ak_bmsc', 'bm_sv']
2026-06-01 00:37:15,255 INFO e14.session: primed Akamai session (thread 128941402605248): HTTP 200 cookies=['ak_bmsc', 'bm_sv']
2026-06-01 00:37:15,419 INFO e14.session: primed Akamai session (thread 128940815410880): HTTP 200 cookies=['ak_bmsc', 'bm_sv']
2026-06-01 00:37:15,815 INFO e14.session: primed Akamai session (thread 128941427783360): HTTP 200 cookies=['ak_bmsc', 'bm_sv']
2026-06-01 00:37:16,169 INFO e14.session: primed Akamai session (thread 128934146356928): HTTP 200 cookies=['ak_bmsc', 'bm_sv']
2026-06-01 00:37:16,179 INFO e14.session: primed Akamai session (thread 128940270147264): HTTP 200 cookies=['ak_bmsc', 'bm_sv']
2026-06-01 00:37:16,237 INFO e14.session: primed Akamai session (thread 128934054037184): HTTP 200 cookies=['ak_bmsc', 'bm_sv']
2026-06-01 00:37:16,750 INFO e14.session: primed Akamai session (thread 128934154749632): HTTP 200 cookies=['ak_bmsc', 'bm_sv']
2026-06-01 00:37:16,839 INFO e14.session: primed Akamai session (thread 128934003680960): HTTP 200 cookies=['ak_bmsc', 'bm_sv']
2026-06-01 00:37:17,513 INFO e14.session: primed Akamai session (thread 128938802144960): HTTP 200 cookies=['ak_bmsc', 'bm_sv']
2026-06-01 00:37:17,923 INFO e14.session: primed Akamai session (thread 128934121178816): HTTP 200 cookies=['ak_bmsc', 'bm_sv']
2026-06-01 00:37:17,951 INFO e14.session: primed Akamai session (thread 128935950001856): HTTP 200 cookies=['ak_bmsc', 'bm_sv']
2026-06-01 00:37:18,194 INFO e14.session: primed Akamai session (thread 128939188012736): HTTP 200 cookies=['ak_bmsc', 'bm_sv']
2026-06-01 00:37:18,743 INFO e14.session: primed Akamai session (thread 128937065707200): HTTP 200 cookies=['ak_bmsc', 'bm_sv']
2026-06-01 00:37:20,520 INFO e14.session: primed Akamai session (thread 128934247069376): HTTP 200 cookies=['ak_bmsc', 'bm_sv']
2026-06-01 00:37:20,551 INFO e14.session: primed Akamai session (thread 128933852612288): HTTP 200 cookies=['ak_bmsc', 'bm_sv']
2026-06-01 00:37:20,766 INFO e14.session: primed Akamai session (thread 128934070822592): HTTP 200 cookies=['ak_bmsc', 'bm_sv']
2026-06-01 00:37:21,298 INFO e14.session: primed Akamai session (thread 128933861004992): HTTP 200 cookies=['ak_bmsc', 'bm_sv']
2026-06-01 00:37:21,825 INFO e14.session: primed Akamai session (thread 128939213190848): HTTP 200 cookies=['ak_bmsc', 'bm_sv']
2026-06-01 00:37:23,320 INFO e14.session: primed Akamai session (thread 128937988445888): HTTP 200 cookies=['ak_bmsc', 'bm_sv']
2026-06-01 00:37:23,448 INFO e14.session: primed Akamai session (thread 128934255462080): HTTP 200 cookies=['ak_bmsc', 'bm_sv']
2026-06-01 00:37:23,945 INFO e14.session: primed Akamai session (thread 128935455094464): HTTP 200 cookies=['ak_bmsc', 'bm_sv']
2026-06-01 00:37:24,106 INFO e14.session: primed Akamai session (thread 128936478480064): HTTP 200 cookies=['ak_bmsc', 'bm_sv']
2026-06-01 00:37:24,217 INFO e14.session: primed Akamai session (thread 128934020466368): HTTP 200 cookies=['ak_bmsc', 'bm_sv']
2026-06-01 00:37:25,079 INFO e14.session: primed Akamai session (thread 128934037251776): HTTP 200 cookies=['ak_bmsc', 'bm_sv']
2026-06-01 00:37:25,193 INFO e14.session: primed Akamai session (thread 128935413130944): HTTP 200 cookies=['ak_bmsc', 'bm_sv']
2026-06-01 00:37:25,354 INFO e14.session: primed Akamai session (thread 128933970110144): HTTP 200 cookies=['ak_bmsc', 'bm_sv']
2026-06-01 00:37:25,544 INFO e14.session: primed Akamai session (thread 128934893045440): HTTP 200 cookies=['ak_bmsc', 'bm_sv']
2026-06-01 00:37:25,899 INFO e14.session: primed Akamai session (thread 128935941609152): HTTP 200 cookies=['ak_bmsc', 'bm_sv']
2026-06-01 00:37:25,906 INFO e14.session: primed Akamai session (thread 128933894575808): HTTP 200 cookies=['ak_bmsc', 'bm_sv']
2026-06-01 00:37:26,114 INFO e14.session: primed Akamai session (thread 128938525316800): HTTP 200 cookies=['ak_bmsc', 'bm_sv']
2026-06-01 00:37:26,397 INFO e14.session: primed Akamai session (thread 128938785359552): HTTP 200 cookies=['ak_bmsc', 'bm_sv']
2026-06-01 00:37:26,653 INFO e14.session: primed Akamai session (thread 128934171535040): HTTP 200 cookies=['ak_bmsc', 'bm_sv']
2026-06-01 00:37:27,108 INFO e14.session: primed Akamai session (thread 128933902968512): HTTP 200 cookies=['ak_bmsc', 'bm_sv']
2026-06-01 00:37:27,242 INFO e14.session: primed Akamai session (thread 128937057314496): HTTP 200 cookies=['ak_bmsc', 'bm_sv']
2026-06-01 00:37:27,804 INFO e14.session: primed Akamai session (thread 128934381352640): HTTP 200 cookies=['ak_bmsc', 'bm_sv']
2026-06-01 00:37:27,915 INFO e14.session: primed Akamai session (thread 128934163142336): HTTP 200 cookies=['ak_bmsc', 'bm_sv']
2026-06-01 00:37:27,934 INFO e14.session: primed Akamai session (thread 128934205105856): HTTP 200 cookies=['ak_bmsc', 'bm_sv']
2026-06-01 00:37:27,945 INFO e14.session: primed Akamai session (thread 128936495265472): HTTP 200 cookies=['ak_bmsc', 'bm_sv']
2026-06-01 00:37:28,068 INFO e14.session: primed Akamai session (thread 128934104393408): HTTP 200 cookies=['ak_bmsc', 'bm_sv']
2026-06-01 00:37:28,764 INFO e14.session: primed Akamai session (thread 128939741669056): HTTP 200 cookies=['ak_bmsc', 'bm_sv']
2026-06-01 00:37:29,411 INFO e14.session: primed Akamai session (thread 128934339389120): HTTP 200 cookies=['ak_bmsc', 'bm_sv']
2026-06-01 00:37:29,637 INFO e14.session: primed Akamai session (thread 128941377427136): HTTP 200 cookies=['ak_bmsc', 'bm_sv']
2026-06-01 00:37:29,655 INFO e14.session: primed Akamai session (thread 128938533709504): HTTP 200 cookies=['ak_bmsc', 'bm_sv']
2026-06-01 00:37:29,726 INFO e14.session: primed Akamai session (thread 128939179620032): HTTP 200 cookies=['ak_bmsc', 'bm_sv']
2026-06-01 00:37:30,365 INFO e14.session: primed Akamai session (thread 128935975179968): HTTP 200 cookies=['ak_bmsc', 'bm_sv']
2026-06-01 00:37:31,061 INFO e14.session: primed Akamai session (thread 128933953324736): HTTP 200 cookies=['ak_bmsc', 'bm_sv']
2026-06-01 00:37:31,315 INFO e14.session: primed Akamai session (thread 128938760181440): HTTP 200 cookies=['ak_bmsc', 'bm_sv']
2026-06-01 00:37:31,383 INFO e14.session: primed Akamai session (thread 128933886183104): HTTP 200 cookies=['ak_bmsc', 'bm_sv']
2026-06-01 00:37:32,026 INFO e14.session: primed Akamai session (thread 128936528836288): HTTP 200 cookies=['ak_bmsc', 'bm_sv']
2026-06-01 00:37:32,563 INFO e14.session: primed Akamai session (thread 128934096000704): HTTP 200 cookies=['ak_bmsc', 'bm_sv']
2026-06-01 00:37:33,111 INFO e14.session: primed Akamai session (thread 128939724883648): HTTP 200 cookies=['ak_bmsc', 'bm_sv']
2026-06-01 00:37:33,329 INFO e14.session: primed Akamai session (thread 128934028859072): HTTP 200 cookies=['ak_bmsc', 'bm_sv']
2026-06-01 00:37:34,541 INFO e14.session: primed Akamai session (thread 128933995288256): HTTP 200 cookies=['ak_bmsc', 'bm_sv']
2026-06-01 00:37:34,627 INFO e14.session: primed Akamai session (thread 128936503658176): HTTP 200 cookies=['ak_bmsc', 'bm_sv']
2026-06-01 00:37:34,729 INFO e14.session: primed Akamai session (thread 128934356174528): HTTP 200 cookies=['ak_bmsc', 'bm_sv']
2026-06-01 00:37:35,033 INFO e14.session: primed Akamai session (thread 128934867867328): HTTP 200 cookies=['ak_bmsc', 'bm_sv']
2026-06-01 00:37:35,183 INFO e14.session: primed Akamai session (thread 128934876260032): HTTP 200 cookies=['ak_bmsc', 'bm_sv']
2026-06-01 00:37:36,193 INFO e14.session: primed Akamai session (thread 128937040529088): HTTP 200 cookies=['ak_bmsc', 'bm_sv']
2026-06-01 00:37:36,893 INFO e14.session: primed Akamai session (thread 128934045644480): HTTP 200 cookies=['ak_bmsc', 'bm_sv']
2026-06-01 00:37:38,091 INFO e14.session: primed Akamai session (thread 128934263854784): HTTP 200 cookies=['ak_bmsc', 'bm_sv']
2026-06-01 00:37:38,399 INFO e14.session: primed Akamai session (thread 128934305818304): HTTP 200 cookies=['ak_bmsc', 'bm_sv']
2026-06-01 00:37:38,555 INFO e14.session: primed Akamai session (thread 128933936539328): HTTP 200 cookies=['ak_bmsc', 'bm_sv']
2026-06-01 00:37:39,242 INFO e14.session: primed Akamai session (thread 128935421523648): HTTP 200 cookies=['ak_bmsc', 'bm_sv']
2026-06-01 00:37:39,265 INFO e14.session: primed Akamai session (thread 128935958394560): HTTP 200 cookies=['ak_bmsc', 'bm_sv']
2026-06-01 00:37:39,786 INFO e14.session: primed Akamai session (thread 128935404738240): HTTP 200 cookies=['ak_bmsc', 'bm_sv']
2026-06-01 00:37:41,321 INFO e14.session: primed Akamai session (thread 128940278539968): HTTP 200 cookies=['ak_bmsc', 'bm_sv']
2026-06-01 00:37:42,718 INFO e14.session: primed Akamai session (thread 128934272247488): HTTP 200 cookies=['ak_bmsc', 'bm_sv']
2026-06-01 00:37:43,173 INFO e14.session: primed Akamai session (thread 128934179927744): HTTP 200 cookies=['ak_bmsc', 'bm_sv']
2026-06-01 00:37:43,683 INFO e14.session: primed Akamai session (thread 128940253361856): HTTP 200 cookies=['ak_bmsc', 'bm_sv']
2026-06-01 00:37:43,954 INFO e14.session: primed Akamai session (thread 128938491745984): HTTP 200 cookies=['ak_bmsc', 'bm_sv']
2026-06-01 00:37:44,074 INFO e14.session: primed Akamai session (thread 128938005231296): HTTP 200 cookies=['ak_bmsc', 'bm_sv']
2026-06-01 00:37:45,695 INFO e14.session: primed Akamai session (thread 128933978502848): HTTP 200 cookies=['ak_bmsc', 'bm_sv']
2026-06-01 00:37:45,738 INFO e14.session: primed Akamai session (thread 128935438309056): HTTP 200 cookies=['ak_bmsc', 'bm_sv']
2026-06-01 00:37:45,840 INFO e14.session: primed Akamai session (thread 128934297425600): HTTP 200 cookies=['ak_bmsc', 'bm_sv']
2026-06-01 00:37:46,497 INFO e14.session: primed Akamai session (thread 128933877790400): HTTP 200 cookies=['ak_bmsc', 'bm_sv']
2026-06-01 00:37:46,747 INFO e14.session: primed Akamai session (thread 128937023743680): HTTP 200 cookies=['ak_bmsc', 'bm_sv']
2026-06-01 00:37:46,830 INFO e14.session: primed Akamai session (thread 128934909830848): HTTP 200 cookies=['ak_bmsc', 'bm_sv']
2026-06-01 00:37:47,198 INFO e14.session: primed Akamai session (thread 128934012073664): HTTP 200 cookies=['ak_bmsc', 'bm_sv']
2026-06-01 00:37:47,660 INFO e14.session: primed Akamai session (thread 128933835826880): HTTP 200 cookies=['ak_bmsc', 'bm_sv']
2026-06-01 00:37:47,981 INFO e14.session: primed Akamai session (thread 128933986895552): HTTP 200 cookies=['ak_bmsc', 'bm_sv']
2026-06-01 00:37:48,011 INFO e14.session: primed Akamai session (thread 128934079215296): HTTP 200 cookies=['ak_bmsc', 'bm_sv']
2026-06-01 00:37:48,156 INFO e14.session: primed Akamai session (thread 128939204798144): HTTP 200 cookies=['ak_bmsc', 'bm_sv']
2026-06-01 00:37:48,701 INFO e14.session: primed Akamai session (thread 128935991965376): HTTP 200 cookies=['ak_bmsc', 'bm_sv']
2026-06-01 00:37:48,996 INFO e14.session: primed Akamai session (thread 128934196713152): HTTP 200 cookies=['ak_bmsc', 'bm_sv']
2026-06-01 00:37:49,210 INFO e14.session: primed Akamai session (thread 128941637691072): HTTP 200 cookies=['ak_bmsc', 'bm_sv']
2026-06-01 00:37:49,316 INFO e14.session: primed Akamai session (thread 128934238676672): HTTP 200 cookies=['ak_bmsc', 'bm_sv']
2026-06-01 00:37:50,037 INFO e14.session: primed Akamai session (thread 128934918223552): HTTP 200 cookies=['ak_bmsc', 'bm_sv']
2026-06-01 00:37:50,285 INFO e14.session: primed Akamai session (thread 128940261754560): HTTP 200 cookies=['ak_bmsc', 'bm_sv']
2026-06-01 00:37:50,332 INFO e14.session: primed Akamai session (thread 128939708098240): HTTP 200 cookies=['ak_bmsc', 'bm_sv']
2026-06-01 00:37:50,366 INFO e14.session: primed Akamai session (thread 128934280640192): HTTP 200 cookies=['ak_bmsc', 'bm_sv']
2026-06-01 00:37:51,334 INFO e14.session: primed Akamai session (thread 128940781840064): HTTP 200 cookies=['ak_bmsc', 'bm_sv']
2026-06-01 00:37:51,372 INFO e14.session: primed Akamai session (thread 128940807018176): HTTP 200 cookies=['ak_bmsc', 'bm_sv']
2026-06-01 00:37:52,132 INFO e14.session: primed Akamai session (thread 128937048921792): HTTP 200 cookies=['ak_bmsc', 'bm_sv']
2026-06-01 00:37:52,282 INFO e14.session: primed Akamai session (thread 128941385819840): HTTP 200 cookies=['ak_bmsc', 'bm_sv']
2026-06-01 00:37:52,811 INFO e14.session: primed Akamai session (thread 128937015350976): HTTP 200 cookies=['ak_bmsc', 'bm_sv']
2026-06-01 00:37:52,859 INFO e14.session: primed Akamai session (thread 128939699705536): HTTP 200 cookies=['ak_bmsc', 'bm_sv']
2026-06-01 00:37:53,207 INFO e14.session: primed Akamai session (thread 128941410997952): HTTP 200 cookies=['ak_bmsc', 'bm_sv']
2026-06-01 00:37:53,255 INFO e14.session: primed Akamai session (thread 128939733276352): HTTP 200 cookies=['ak_bmsc', 'bm_sv']
2026-06-01 00:37:53,261 INFO e14.session: primed Akamai session (thread 128933869397696): HTTP 200 cookies=['ak_bmsc', 'bm_sv']
2026-06-01 00:37:58,170 INFO e14.session: primed Akamai session (thread 128937954875072): HTTP 200 cookies=['ak_bmsc', 'bm_sv']
2026-06-01 00:37:59,160 INFO e14.session: primed Akamai session (thread 128934112786112): HTTP 200 cookies=['ak_bmsc', 'bm_sv']
2026-06-01 00:37:59,656 INFO e14.session: primed Akamai session (thread 128938516924096): HTTP 200 cookies=['ak_bmsc', 'bm_sv']
2026-06-01 00:38:00,816 INFO e14.session: primed Akamai session (thread 128938500138688): HTTP 200 cookies=['ak_bmsc', 'bm_sv']
2026-06-01 00:38:01,154 INFO e14.session: primed Akamai session (thread 128938768574144): HTTP 200 cookies=['ak_bmsc', 'bm_sv']
2026-06-01 00:38:01,721 INFO e14.session: primed Akamai session (thread 128939750061760): HTTP 200 cookies=['ak_bmsc', 'bm_sv']
2026-06-01 00:38:02,122 INFO e14.session: primed Akamai session (thread 128938776966848): HTTP 200 cookies=['ak_bmsc', 'bm_sv']
2026-06-01 00:38:03,619 INFO e14.session: primed Akamai session (thread 128933961717440): HTTP 200 cookies=['ak_bmsc', 'bm_sv']
2026-06-01 00:38:03,796 INFO e14.session: primed Akamai session (thread 128938542102208): HTTP 200 cookies=['ak_bmsc', 'bm_sv']
2026-06-01 00:38:04,299 INFO e14.session: primed Akamai session (thread 128933928146624): HTTP 200 cookies=['ak_bmsc', 'bm_sv']
2026-06-01 00:38:04,489 INFO e14.session: primed Akamai session (thread 128933911361216): HTTP 200 cookies=['ak_bmsc', 'bm_sv']
2026-06-01 00:38:04,529 INFO e14.session: primed Akamai session (thread 128934372959936): HTTP 200 cookies=['ak_bmsc', 'bm_sv']
2026-06-01 00:38:05,009 INFO e14.session: primed Akamai session (thread 128935966787264): HTTP 200 cookies=['ak_bmsc', 'bm_sv']
2026-06-01 00:38:05,788 INFO e14.session: primed Akamai session (thread 128940790232768): HTTP 200 cookies=['ak_bmsc', 'bm_sv']
2026-06-01 00:38:06,238 INFO e14.session: primed Akamai session (thread 128941394212544): HTTP 200 cookies=['ak_bmsc', 'bm_sv']
2026-06-01 00:38:06,491 INFO e14.session: primed Akamai session (thread 128934884652736): HTTP 200 cookies=['ak_bmsc', 'bm_sv']
2026-06-01 00:38:06,541 INFO e14.session: primed Akamai session (thread 128936486872768): HTTP 200 cookies=['ak_bmsc', 'bm_sv']
2026-06-01 00:38:06,685 INFO e14.session: primed Akamai session (thread 128936512050880): HTTP 200 cookies=['ak_bmsc', 'bm_sv']
2026-06-01 00:38:07,042 INFO e14.session: primed Akamai session (thread 128934137964224): HTTP 200 cookies=['ak_bmsc', 'bm_sv']
2026-06-01 00:38:15,621 INFO e14.session: primed Akamai session (thread 128933919753920): HTTP 200 cookies=['ak_bmsc', 'bm_sv']
2026-06-01 00:38:16,594 INFO e14.session: primed Akamai session (thread 128938793752256): HTTP 200 cookies=['ak_bmsc', 'bm_sv']
2026-06-01 00:38:16,763 INFO e14.session: primed Akamai session (thread 128934087608000): HTTP 200 cookies=['ak_bmsc', 'bm_sv']
2026-06-01 00:38:17,033 INFO e14.session: primed Akamai session (thread 128936520443584): HTTP 200 cookies=['ak_bmsc', 'bm_sv']
2026-06-01 00:38:17,129 INFO e14.session: primed Akamai session (thread 128938810537664): HTTP 200 cookies=['ak_bmsc', 'bm_sv']
2026-06-01 00:38:17,171 INFO e14.session: primed Akamai session (thread 128937963267776): HTTP 200 cookies=['ak_bmsc', 'bm_sv']
2026-06-01 00:38:20,438 INFO e14.session: primed Akamai session (thread 128934230283968): HTTP 200 cookies=['ak_bmsc', 'bm_sv']
2026-06-01 00:38:20,483 INFO e14.session: primed Akamai session (thread 128934221891264): HTTP 200 cookies=['ak_bmsc', 'bm_sv']
2026-06-01 00:38:20,631 INFO e14.session: primed Akamai session (thread 128941654476480): HTTP 200 cookies=['ak_bmsc', 'bm_sv']
2026-06-01 00:38:21,142 INFO e14.session: primed Akamai session (thread 128938508531392): HTTP 200 cookies=['ak_bmsc', 'bm_sv']
2026-06-01 00:38:21,181 INFO e14.session: primed Akamai session (thread 128940773447360): HTTP 200 cookies=['ak_bmsc', 'bm_sv']
2026-06-01 00:38:21,896 INFO e14.session: primed Akamai session (thread 128935429916352): HTTP 200 cookies=['ak_bmsc', 'bm_sv']
2026-06-01 00:38:22,778 INFO e14.session: primed Akamai session (thread 128934364567232): HTTP 200 cookies=['ak_bmsc', 'bm_sv']
2026-06-01 00:38:22,989 INFO e14.session: primed Akamai session (thread 128937996838592): HTTP 200 cookies=['ak_bmsc', 'bm_sv']
2026-06-01 00:38:23,089 INFO e14.session: primed Akamai session (thread 128940244969152): HTTP 200 cookies=['ak_bmsc', 'bm_sv']
2026-06-01 00:38:23,126 INFO e14.session: primed Akamai session (thread 128934901438144): HTTP 200 cookies=['ak_bmsc', 'bm_sv']
2026-06-01 00:38:23,448 INFO e14.session: primed Akamai session (thread 128934062429888): HTTP 200 cookies=['ak_bmsc', 'bm_sv']
2026-06-01 00:38:23,728 INFO e14.session: primed Akamai session (thread 128941646083776): HTTP 200 cookies=['ak_bmsc', 'bm_sv']
2026-06-01 00:38:23,965 INFO e14.session: primed Akamai session (thread 128940823803584): HTTP 200 cookies=['ak_bmsc', 'bm_sv']
2026-06-01 00:38:24,279 INFO e14.session: primed Akamai session (thread 128935983572672): HTTP 200 cookies=['ak_bmsc', 'bm_sv']
2026-06-01 00:38:24,883 INFO e14.session: primed Akamai session (thread 128934347781824): HTTP 200 cookies=['ak_bmsc', 'bm_sv']
2026-06-01 00:38:25,063 INFO e14.session: primed Akamai session (thread 128934188320448): HTTP 200 cookies=['ak_bmsc', 'bm_sv']
2026-06-01 00:38:25,675 INFO e14.session: primed Akamai session (thread 128934121178816): HTTP 200 cookies=['ak_bmsc', 'bm_sv']
2026-06-01 00:38:25,696 INFO e14.session: primed Akamai session (thread 128934003680960): HTTP 200 cookies=['ak_bmsc', 'bm_sv']
2026-06-01 00:38:26,245 INFO e14.session: primed Akamai session (thread 128941402605248): HTTP 200 cookies=['ak_bmsc', 'bm_sv']
2026-06-01 00:38:26,303 INFO e14.session: primed Akamai session (thread 128934146356928): HTTP 200 cookies=['ak_bmsc', 'bm_sv']
2026-06-01 00:38:26,701 INFO e14.session: primed Akamai session (thread 128935446701760): HTTP 200 cookies=['ak_bmsc', 'bm_sv']
2026-06-01 00:38:27,808 INFO e14.session: primed Akamai session (thread 128934054037184): HTTP 200 cookies=['ak_bmsc', 'bm_sv']
2026-06-01 00:38:28,600 INFO e14.session: primed Akamai session (thread 128934247069376): HTTP 200 cookies=['ak_bmsc', 'bm_sv']
2026-06-01 00:38:28,726 INFO e14.session: primed Akamai session (thread 128933861004992): HTTP 200 cookies=['ak_bmsc', 'bm_sv']
2026-06-01 00:38:29,120 INFO e14.session: primed Akamai session (thread 128939213190848): HTTP 200 cookies=['ak_bmsc', 'bm_sv']
2026-06-01 00:38:30,210 INFO e14.session: primed Akamai session (thread 128934020466368): HTTP 200 cookies=['ak_bmsc', 'bm_sv']
2026-06-01 00:38:30,593 INFO e14.session: primed Akamai session (thread 128935413130944): HTTP 200 cookies=['ak_bmsc', 'bm_sv']
2026-06-01 00:38:31,631 INFO e14.session: primed Akamai session (thread 128934289032896): HTTP 200 cookies=['ak_bmsc', 'bm_sv']
2026-06-01 00:38:31,659 INFO e14.session: primed Akamai session (thread 128941419390656): HTTP 200 cookies=['ak_bmsc', 'bm_sv']
2026-06-01 00:38:32,150 INFO e14.session: primed Akamai session (thread 128933852612288): HTTP 200 cookies=['ak_bmsc', 'bm_sv']
2026-06-01 00:38:32,260 INFO e14.session: primed Akamai session (thread 128937980053184): HTTP 200 cookies=['ak_bmsc', 'bm_sv']
2026-06-01 00:38:32,376 INFO e14.session: primed Akamai session (thread 128939716490944): HTTP 200 cookies=['ak_bmsc', 'bm_sv']
2026-06-01 00:38:33,611 INFO e14.session: primed Akamai session (thread 128933944932032): HTTP 200 cookies=['ak_bmsc', 'bm_sv']
2026-06-01 00:38:33,851 INFO e14.session: primed Akamai session (thread 128935455094464): HTTP 200 cookies=['ak_bmsc', 'bm_sv']
2026-06-01 00:38:33,859 INFO e14.session: primed Akamai session (thread 128934322603712): HTTP 200 cookies=['ak_bmsc', 'bm_sv']
2026-06-01 00:38:34,540 INFO e14.session: primed Akamai session (thread 128937988445888): HTTP 200 cookies=['ak_bmsc', 'bm_sv']
2026-06-01 00:38:34,610 INFO e14.session: primed Akamai session (thread 128934314211008): HTTP 200 cookies=['ak_bmsc', 'bm_sv']
2026-06-01 00:38:34,773 INFO e14.session: primed Akamai session (thread 128940815410880): HTTP 200 cookies=['ak_bmsc', 'bm_sv']
2026-06-01 00:38:34,962 INFO e14.session: primed Akamai session (thread 128936478480064): HTTP 200 cookies=['ak_bmsc', 'bm_sv']
2026-06-01 00:38:35,473 INFO e14.session: primed Akamai session (thread 128937032136384): HTTP 200 cookies=['ak_bmsc', 'bm_sv']
2026-06-01 00:38:35,478 INFO e14.session: primed Akamai session (thread 128934070822592): HTTP 200 cookies=['ak_bmsc', 'bm_sv']
2026-06-01 00:38:35,561 INFO e14.session: primed Akamai session (thread 128934255462080): HTTP 200 cookies=['ak_bmsc', 'bm_sv']
2026-06-01 00:38:35,603 INFO e14.session: primed Akamai session (thread 128934129571520): HTTP 200 cookies=['ak_bmsc', 'bm_sv']
2026-06-01 00:38:36,503 INFO e14.session: primed Akamai session (thread 128938802144960): HTTP 200 cookies=['ak_bmsc', 'bm_sv']
2026-06-01 00:38:36,560 INFO e14.session: primed Akamai session (thread 128934037251776): HTTP 200 cookies=['ak_bmsc', 'bm_sv']
2026-06-01 00:38:36,663 INFO e14.session: primed Akamai session (thread 128933970110144): HTTP 200 cookies=['ak_bmsc', 'bm_sv']
2026-06-01 00:38:36,734 INFO e14.session: primed Akamai session (thread 128940270147264): HTTP 200 cookies=['ak_bmsc', 'bm_sv']
2026-06-01 00:38:36,866 INFO e14.session: primed Akamai session (thread 128938525316800): HTTP 200 cookies=['ak_bmsc', 'bm_sv']
2026-06-01 00:38:37,232 INFO e14.session: primed Akamai session (thread 128939188012736): HTTP 200 cookies=['ak_bmsc', 'bm_sv']
2026-06-01 00:38:37,362 INFO e14.session: primed Akamai session (thread 128933894575808): HTTP 200 cookies=['ak_bmsc', 'bm_sv']
2026-06-01 00:38:37,734 INFO e14.session: primed Akamai session (thread 128941427783360): HTTP 200 cookies=['ak_bmsc', 'bm_sv']
2026-06-01 00:38:38,150 INFO e14.session: primed Akamai session (thread 128935975179968): HTTP 200 cookies=['ak_bmsc', 'bm_sv']
2026-06-01 00:38:38,375 INFO e14.session: primed Akamai session (thread 128938785359552): HTTP 200 cookies=['ak_bmsc', 'bm_sv']
2026-06-01 00:38:38,448 INFO e14.session: primed Akamai session (thread 128934381352640): HTTP 200 cookies=['ak_bmsc', 'bm_sv']
2026-06-01 00:38:38,527 INFO e14.session: primed Akamai session (thread 128934154749632): HTTP 200 cookies=['ak_bmsc', 'bm_sv']
2026-06-01 00:38:38,621 INFO e14.session: primed Akamai session (thread 128934205105856): HTTP 200 cookies=['ak_bmsc', 'bm_sv']
2026-06-01 00:38:38,755 INFO e14.session: primed Akamai session (thread 128940236576448): HTTP 200 cookies=['ak_bmsc', 'bm_sv']
2026-06-01 00:38:38,995 INFO e14.session: primed Akamai session (thread 128937065707200): HTTP 200 cookies=['ak_bmsc', 'bm_sv']
2026-06-01 00:38:39,943 INFO e14.session: primed Akamai session (thread 128935941609152): HTTP 200 cookies=['ak_bmsc', 'bm_sv']
2026-06-01 00:38:39,957 INFO e14.session: primed Akamai session (thread 128934104393408): HTTP 200 cookies=['ak_bmsc', 'bm_sv']
2026-06-01 00:38:40,266 INFO e14.session: primed Akamai session (thread 128939162834624): HTTP 200 cookies=['ak_bmsc', 'bm_sv']
2026-06-01 00:38:40,550 INFO e14.session: primed Akamai session (thread 128934171535040): HTTP 200 cookies=['ak_bmsc', 'bm_sv']
2026-06-01 00:38:40,648 INFO e14.session: primed Akamai session (thread 128936495265472): HTTP 200 cookies=['ak_bmsc', 'bm_sv']
2026-06-01 00:38:40,756 INFO e14.session: primed Akamai session (thread 128939741669056): HTTP 200 cookies=['ak_bmsc', 'bm_sv']
2026-06-01 00:38:40,895 INFO e14.session: primed Akamai session (thread 128934096000704): HTTP 200 cookies=['ak_bmsc', 'bm_sv']
2026-06-01 00:38:41,194 INFO e14.session: primed Akamai session (thread 128933902968512): HTTP 200 cookies=['ak_bmsc', 'bm_sv']
2026-06-01 00:38:41,523 INFO e14.session: primed Akamai session (thread 128937057314496): HTTP 200 cookies=['ak_bmsc', 'bm_sv']
2026-06-01 00:38:41,540 INFO e14.session: primed Akamai session (thread 128939179620032): HTTP 200 cookies=['ak_bmsc', 'bm_sv']
2026-06-01 00:38:41,619 INFO e14.session: primed Akamai session (thread 128934893045440): HTTP 200 cookies=['ak_bmsc', 'bm_sv']
2026-06-01 00:38:42,054 INFO e14.session: primed Akamai session (thread 128938533709504): HTTP 200 cookies=['ak_bmsc', 'bm_sv']
2026-06-01 00:38:42,103 INFO e14.session: primed Akamai session (thread 128934339389120): HTTP 200 cookies=['ak_bmsc', 'bm_sv']
2026-06-01 00:38:42,146 INFO e14.session: primed Akamai session (thread 128936528836288): HTTP 200 cookies=['ak_bmsc', 'bm_sv']
2026-06-01 00:38:42,353 INFO e14.session: primed Akamai session (thread 128933886183104): HTTP 200 cookies=['ak_bmsc', 'bm_sv']
2026-06-01 00:38:42,485 INFO e14.session: primed Akamai session (thread 128941377427136): HTTP 200 cookies=['ak_bmsc', 'bm_sv']
2026-06-01 00:38:43,237 INFO e14.session: primed Akamai session (thread 128934263854784): HTTP 200 cookies=['ak_bmsc', 'bm_sv']
2026-06-01 00:38:43,330 INFO e14.session: primed Akamai session (thread 128939724883648): HTTP 200 cookies=['ak_bmsc', 'bm_sv']
2026-06-01 00:38:43,444 INFO e14.session: primed Akamai session (thread 128934356174528): HTTP 200 cookies=['ak_bmsc', 'bm_sv']
2026-06-01 00:38:44,971 INFO e14.session: primed Akamai session (thread 128935958394560): HTTP 200 cookies=['ak_bmsc', 'bm_sv']
2026-06-01 00:38:46,322 INFO e14.session: primed Akamai session (thread 128934876260032): HTTP 200 cookies=['ak_bmsc', 'bm_sv']
2026-06-01 00:38:46,963 INFO e14.session: primed Akamai session (thread 128934028859072): HTTP 200 cookies=['ak_bmsc', 'bm_sv']
2026-06-01 00:38:47,396 INFO e14.session: primed Akamai session (thread 128936503658176): HTTP 200 cookies=['ak_bmsc', 'bm_sv']
2026-06-01 00:38:48,607 INFO e14.session: primed Akamai session (thread 128934163142336): HTTP 200 cookies=['ak_bmsc', 'bm_sv']
2026-06-01 00:38:48,742 INFO e14.session: primed Akamai session (thread 128937040529088): HTTP 200 cookies=['ak_bmsc', 'bm_sv']
2026-06-01 00:38:49,251 INFO e14.session: primed Akamai session (thread 128933953324736): HTTP 200 cookies=['ak_bmsc', 'bm_sv']
2026-06-01 00:38:49,433 INFO e14.session: primed Akamai session (thread 128938491745984): HTTP 200 cookies=['ak_bmsc', 'bm_sv']
2026-06-01 00:38:49,589 INFO e14.session: primed Akamai session (thread 128934045644480): HTTP 200 cookies=['ak_bmsc', 'bm_sv']
2026-06-01 00:38:49,795 INFO e14.session: primed Akamai session (thread 128933936539328): HTTP 200 cookies=['ak_bmsc', 'bm_sv']
2026-06-01 00:38:50,104 INFO e14.session: primed Akamai session (thread 128934867867328): HTTP 200 cookies=['ak_bmsc', 'bm_sv']
2026-06-01 00:38:50,113 INFO e14.session: primed Akamai session (thread 128933995288256): HTTP 200 cookies=['ak_bmsc', 'bm_sv']
2026-06-01 00:38:50,409 INFO e14.session: primed Akamai session (thread 128935421523648): HTTP 200 cookies=['ak_bmsc', 'bm_sv']
2026-06-01 00:38:51,210 INFO e14.session: primed Akamai session (thread 128934305818304): HTTP 200 cookies=['ak_bmsc', 'bm_sv']
2026-06-01 00:38:51,343 INFO e14.session: primed Akamai session (thread 128938760181440): HTTP 200 cookies=['ak_bmsc', 'bm_sv']
2026-06-01 00:38:52,136 INFO e14.session: primed Akamai session (thread 128935404738240): HTTP 200 cookies=['ak_bmsc', 'bm_sv']
2026-06-01 00:38:54,170 INFO e14.session: primed Akamai session (thread 128935438309056): HTTP 200 cookies=['ak_bmsc', 'bm_sv']
2026-06-01 00:38:55,048 INFO e14.session: primed Akamai session (thread 128935991965376): HTTP 200 cookies=['ak_bmsc', 'bm_sv']
2026-06-01 00:38:55,262 INFO e14.session: primed Akamai session (thread 128934272247488): HTTP 200 cookies=['ak_bmsc', 'bm_sv']
2026-06-01 00:38:55,772 INFO e14.session: primed Akamai session (thread 128940253361856): HTTP 200 cookies=['ak_bmsc', 'bm_sv']
2026-06-01 00:38:55,815 INFO e14.session: primed Akamai session (thread 128939204798144): HTTP 200 cookies=['ak_bmsc', 'bm_sv']
2026-06-01 00:38:56,115 INFO e14.session: primed Akamai session (thread 128939708098240): HTTP 200 cookies=['ak_bmsc', 'bm_sv']
2026-06-01 00:38:56,318 INFO e14.session: primed Akamai session (thread 128934196713152): HTTP 200 cookies=['ak_bmsc', 'bm_sv']
2026-06-01 00:38:56,993 INFO e14.session: primed Akamai session (thread 128937048921792): HTTP 200 cookies=['ak_bmsc', 'bm_sv']
2026-06-01 00:38:57,044 INFO e14.session: primed Akamai session (thread 128940807018176): HTTP 200 cookies=['ak_bmsc', 'bm_sv']
2026-06-01 00:38:57,056 INFO e14.session: primed Akamai session (thread 128934179927744): HTTP 200 cookies=['ak_bmsc', 'bm_sv']
2026-06-01 00:38:57,311 INFO e14.session: primed Akamai session (thread 128934297425600): HTTP 200 cookies=['ak_bmsc', 'bm_sv']
2026-06-01 00:38:58,050 INFO e14.session: primed Akamai session (thread 128937023743680): HTTP 200 cookies=['ak_bmsc', 'bm_sv']
2026-06-01 00:38:58,647 INFO e14.session: primed Akamai session (thread 128933986895552): HTTP 200 cookies=['ak_bmsc', 'bm_sv']
2026-06-01 00:38:59,601 INFO e14.session: primed Akamai session (thread 128934909830848): HTTP 200 cookies=['ak_bmsc', 'bm_sv']
2026-06-01 00:39:00,112 INFO e14.session: primed Akamai session (thread 128941637691072): HTTP 200 cookies=['ak_bmsc', 'bm_sv']
2026-06-01 00:39:00,659 INFO e14.session: primed Akamai session (thread 128934238676672): HTTP 200 cookies=['ak_bmsc', 'bm_sv']
2026-06-01 00:39:01,225 INFO e14.session: primed Akamai session (thread 128940261754560): HTTP 200 cookies=['ak_bmsc', 'bm_sv']
2026-06-01 00:39:01,418 INFO e14.session: primed Akamai session (thread 128934079215296): HTTP 200 cookies=['ak_bmsc', 'bm_sv']
2026-06-01 00:39:01,602 INFO e14.session: primed Akamai session (thread 128933835826880): HTTP 200 cookies=['ak_bmsc', 'bm_sv']
2026-06-01 00:39:01,880 INFO e14.session: primed Akamai session (thread 128940278539968): HTTP 200 cookies=['ak_bmsc', 'bm_sv']
2026-06-01 00:39:02,202 INFO e14.session: primed Akamai session (thread 128934280640192): HTTP 200 cookies=['ak_bmsc', 'bm_sv']
2026-06-01 00:39:02,235 INFO e14.session: primed Akamai session (thread 128940781840064): HTTP 200 cookies=['ak_bmsc', 'bm_sv']
2026-06-01 00:39:02,905 INFO e14.session: primed Akamai session (thread 128941385819840): HTTP 200 cookies=['ak_bmsc', 'bm_sv']
2026-06-01 00:39:03,100 INFO e14.session: primed Akamai session (thread 128938005231296): HTTP 200 cookies=['ak_bmsc', 'bm_sv']
2026-06-01 00:39:04,086 INFO e14.session: primed Akamai session (thread 128934012073664): HTTP 200 cookies=['ak_bmsc', 'bm_sv']
2026-06-01 00:39:04,579 INFO e14.session: primed Akamai session (thread 128941410997952): HTTP 200 cookies=['ak_bmsc', 'bm_sv']
2026-06-01 00:39:04,587 INFO e14.session: primed Akamai session (thread 128937015350976): HTTP 200 cookies=['ak_bmsc', 'bm_sv']
2026-06-01 00:39:05,084 INFO e14.session: primed Akamai session (thread 128939699705536): HTTP 200 cookies=['ak_bmsc', 'bm_sv']
2026-06-01 00:39:06,425 INFO e14.session: primed Akamai session (thread 128933869397696): HTTP 200 cookies=['ak_bmsc', 'bm_sv']
2026-06-01 00:39:08,575 INFO e14.session: primed Akamai session (thread 128938768574144): HTTP 200 cookies=['ak_bmsc', 'bm_sv']
2026-06-01 00:39:08,587 INFO e14.session: primed Akamai session (thread 128934918223552): HTTP 200 cookies=['ak_bmsc', 'bm_sv']
2026-06-01 00:39:08,601 INFO e14.session: primed Akamai session (thread 128933978502848): HTTP 200 cookies=['ak_bmsc', 'bm_sv']
2026-06-01 00:39:08,831 INFO e14.session: primed Akamai session (thread 128940798625472): HTTP 200 cookies=['ak_bmsc', 'bm_sv']
2026-06-01 00:39:08,851 INFO e14.session: primed Akamai session (thread 128937954875072): HTTP 200 cookies=['ak_bmsc', 'bm_sv']
2026-06-01 00:39:09,834 INFO e14.session: primed Akamai session (thread 128939750061760): HTTP 200 cookies=['ak_bmsc', 'bm_sv']
2026-06-01 00:39:11,561 INFO e14.session: primed Akamai session (thread 128935966787264): HTTP 200 cookies=['ak_bmsc', 'bm_sv']
2026-06-01 00:39:11,665 INFO e14.session: primed Akamai session (thread 128934112786112): HTTP 200 cookies=['ak_bmsc', 'bm_sv']
2026-06-01 00:39:12,065 INFO e14.session: primed Akamai session (thread 128933928146624): HTTP 200 cookies=['ak_bmsc', 'bm_sv']
2026-06-01 00:39:12,720 INFO e14.session: primed Akamai session (thread 128938776966848): HTTP 200 cookies=['ak_bmsc', 'bm_sv']
2026-06-01 00:39:13,665 INFO e14.session: primed Akamai session (thread 128939733276352): HTTP 200 cookies=['ak_bmsc', 'bm_sv']
2026-06-01 00:39:16,566 INFO e14.session: primed Akamai session (thread 128938500138688): HTTP 200 cookies=['ak_bmsc', 'bm_sv']
2026-06-01 00:39:17,852 INFO e14.session: primed Akamai session (thread 128934137964224): HTTP 200 cookies=['ak_bmsc', 'bm_sv']
2026-06-01 00:39:19,543 INFO e14.session: primed Akamai session (thread 128933911361216): HTTP 200 cookies=['ak_bmsc', 'bm_sv']
2026-06-01 00:39:20,403 INFO e14.session: primed Akamai session (thread 128940790232768): HTTP 200 cookies=['ak_bmsc', 'bm_sv']
2026-06-01 00:39:20,507 INFO e14.session: primed Akamai session (thread 128941394212544): HTTP 200 cookies=['ak_bmsc', 'bm_sv']
2026-06-01 00:39:21,670 INFO e14.session: primed Akamai session (thread 128934884652736): HTTP 200 cookies=['ak_bmsc', 'bm_sv']
2026-06-01 00:39:23,991 INFO e14.session: primed Akamai session (thread 128934372959936): HTTP 200 cookies=['ak_bmsc', 'bm_sv']
2026-06-01 00:39:27,569 INFO e14.session: primed Akamai session (thread 128936486872768): HTTP 200 cookies=['ak_bmsc', 'bm_sv']
2026-06-01 00:39:27,778 INFO e14.session: primed Akamai session (thread 128940286932672): HTTP 200 cookies=['ak_bmsc', 'bm_sv']
2026-06-01 00:39:32,299 INFO e14.session: primed Akamai session (thread 128937971660480): HTTP 200 cookies=['ak_bmsc', 'bm_sv']
2026-06-01 00:39:33,331 INFO e14.session: primed Akamai session (thread 128934901438144): HTTP 200 cookies=['ak_bmsc', 'bm_sv']
2026-06-01 00:39:34,279 INFO e14.session: primed Akamai session (thread 128941654476480): HTTP 200 cookies=['ak_bmsc', 'bm_sv']
2026-06-01 00:39:34,834 INFO e14.session: primed Akamai session (thread 128935429916352): HTTP 200 cookies=['ak_bmsc', 'bm_sv']
2026-06-01 00:39:35,179 INFO e14.session: primed Akamai session (thread 128938810537664): HTTP 200 cookies=['ak_bmsc', 'bm_sv']
2026-06-01 00:39:35,187 INFO e14.session: primed Akamai session (thread 128937996838592): HTTP 200 cookies=['ak_bmsc', 'bm_sv']
2026-06-01 00:39:35,282 INFO e14.session: primed Akamai session (thread 128940823803584): HTTP 200 cookies=['ak_bmsc', 'bm_sv']
2026-06-01 00:39:35,485 INFO e14.session: primed Akamai session (thread 128941646083776): HTTP 200 cookies=['ak_bmsc', 'bm_sv']
2026-06-01 00:39:36,082 INFO e14.session: primed Akamai session (thread 128939213190848): HTTP 200 cookies=['ak_bmsc', 'bm_sv']
2026-06-01 00:39:36,295 INFO e14.session: primed Akamai session (thread 128937963267776): HTTP 200 cookies=['ak_bmsc', 'bm_sv']
2026-06-01 00:39:36,430 INFO e14.session: primed Akamai session (thread 128934247069376): HTTP 200 cookies=['ak_bmsc', 'bm_sv']
2026-06-01 00:39:36,585 INFO e14.session: primed Akamai session (thread 128936520443584): HTTP 200 cookies=['ak_bmsc', 'bm_sv']
2026-06-01 00:39:36,795 INFO e14.session: primed Akamai session (thread 128934221891264): HTTP 200 cookies=['ak_bmsc', 'bm_sv']
2026-06-01 00:39:36,811 INFO e14.session: primed Akamai session (thread 128934121178816): HTTP 200 cookies=['ak_bmsc', 'bm_sv']
2026-06-01 00:39:36,997 INFO e14.session: primed Akamai session (thread 128934347781824): HTTP 200 cookies=['ak_bmsc', 'bm_sv']
2026-06-01 00:39:37,280 INFO e14.session: primed Akamai session (thread 128933919753920): HTTP 200 cookies=['ak_bmsc', 'bm_sv']
2026-06-01 00:39:37,569 INFO e14.session: primed Akamai session (thread 128934003680960): HTTP 200 cookies=['ak_bmsc', 'bm_sv']
2026-06-01 00:39:37,965 INFO e14.session: primed Akamai session (thread 128938793752256): HTTP 200 cookies=['ak_bmsc', 'bm_sv']
2026-06-01 00:39:39,138 INFO e14.session: primed Akamai session (thread 128938802144960): HTTP 200 cookies=['ak_bmsc', 'bm_sv']
2026-06-01 00:39:39,294 INFO e14.session: primed Akamai session (thread 128938508531392): HTTP 200 cookies=['ak_bmsc', 'bm_sv']
2026-06-01 00:39:39,352 INFO e14.session: primed Akamai session (thread 128934087608000): HTTP 200 cookies=['ak_bmsc', 'bm_sv']
2026-06-01 00:39:39,903 INFO e14.session: primed Akamai session (thread 128934314211008): HTTP 200 cookies=['ak_bmsc', 'bm_sv']
2026-06-01 00:39:39,970 INFO e14.session: primed Akamai session (thread 128934230283968): HTTP 200 cookies=['ak_bmsc', 'bm_sv']
2026-06-01 00:39:40,278 INFO e14.session: primed Akamai session (thread 128935413130944): HTTP 200 cookies=['ak_bmsc', 'bm_sv']
2026-06-01 00:39:40,509 INFO e14.session: primed Akamai session (thread 128934188320448): HTTP 200 cookies=['ak_bmsc', 'bm_sv']
2026-06-01 00:39:40,550 INFO e14.session: primed Akamai session (thread 128934154749632): HTTP 200 cookies=['ak_bmsc', 'bm_sv']
2026-06-01 00:39:40,706 INFO e14.session: primed Akamai session (thread 128937032136384): HTTP 200 cookies=['ak_bmsc', 'bm_sv']
2026-06-01 00:39:41,203 INFO e14.session: primed Akamai session (thread 128934146356928): HTTP 200 cookies=['ak_bmsc', 'bm_sv']
2026-06-01 00:39:41,989 INFO e14.session: primed Akamai session (thread 128934062429888): HTTP 200 cookies=['ak_bmsc', 'bm_sv']
2026-06-01 00:39:43,119 INFO e14.session: primed Akamai session (thread 128940773447360): HTTP 200 cookies=['ak_bmsc', 'bm_sv']
2026-06-01 00:39:43,140 INFO e14.session: primed Akamai session (thread 128940244969152): HTTP 200 cookies=['ak_bmsc', 'bm_sv']
2026-06-01 00:39:43,175 INFO e14.session: primed Akamai session (thread 128934020466368): HTTP 200 cookies=['ak_bmsc', 'bm_sv']
2026-06-01 00:39:44,286 INFO e14.session: primed Akamai session (thread 128940236576448): HTTP 200 cookies=['ak_bmsc', 'bm_sv']
2026-06-01 00:39:44,436 INFO e14.session: primed Akamai session (thread 128934364567232): HTTP 200 cookies=['ak_bmsc', 'bm_sv']
2026-06-01 00:39:44,766 INFO e14.session: primed Akamai session (thread 128933861004992): HTTP 200 cookies=['ak_bmsc', 'bm_sv']
2026-06-01 00:39:46,543 INFO e14.session: primed Akamai session (thread 128933877790400): HTTP 200 cookies=['ak_bmsc', 'bm_sv']
2026-06-01 00:39:46,720 INFO e14.session: primed Akamai session (thread 128939162834624): HTTP 200 cookies=['ak_bmsc', 'bm_sv']
2026-06-01 00:39:47,117 INFO e14.session: primed Akamai session (thread 128941402605248): HTTP 200 cookies=['ak_bmsc', 'bm_sv']
2026-06-01 00:39:47,316 INFO e14.session: primed Akamai session (thread 128934054037184): HTTP 200 cookies=['ak_bmsc', 'bm_sv']
2026-06-01 00:39:47,489 INFO e14.session: primed Akamai session (thread 128935446701760): HTTP 200 cookies=['ak_bmsc', 'bm_sv']
2026-06-01 00:39:47,562 INFO e14.session: primed Akamai session (thread 128934289032896): HTTP 200 cookies=['ak_bmsc', 'bm_sv']
2026-06-01 00:39:48,329 INFO e14.session: primed Akamai session (thread 128933844219584): HTTP 200 cookies=['ak_bmsc', 'bm_sv']
2026-06-01 00:39:49,474 INFO e14.session: primed Akamai session (thread 128935975179968): HTTP 200 cookies=['ak_bmsc', 'bm_sv']
2026-06-01 00:39:50,027 INFO e14.session: primed Akamai session (thread 128934381352640): HTTP 200 cookies=['ak_bmsc', 'bm_sv']
2026-06-01 00:39:50,352 INFO e14.session: primed Akamai session (thread 128934263854784): HTTP 200 cookies=['ak_bmsc', 'bm_sv']
2026-06-01 00:39:51,224 INFO e14.session: primed Akamai session (thread 128933852612288): HTTP 200 cookies=['ak_bmsc', 'bm_sv']
2026-06-01 00:39:52,379 INFO e14.session: primed Akamai session (thread 128934205105856): HTTP 200 cookies=['ak_bmsc', 'bm_sv']
2026-06-01 00:39:52,888 INFO e14.session: primed Akamai session (thread 128935958394560): HTTP 200 cookies=['ak_bmsc', 'bm_sv']
2026-06-01 00:39:53,741 INFO e14.session: primed Akamai session (thread 128934096000704): HTTP 200 cookies=['ak_bmsc', 'bm_sv']
2026-06-01 00:39:53,872 INFO e14.session: primed Akamai session (thread 128937988445888): HTTP 200 cookies=['ak_bmsc', 'bm_sv']
2026-06-01 00:39:55,292 INFO e14.session: primed Akamai session (thread 128935455094464): HTTP 200 cookies=['ak_bmsc', 'bm_sv']
2026-06-01 00:39:55,644 INFO e14.session: primed Akamai session (thread 128934255462080): HTTP 200 cookies=['ak_bmsc', 'bm_sv']
2026-06-01 00:39:55,833 INFO e14.session: primed Akamai session (thread 128934356174528): HTTP 200 cookies=['ak_bmsc', 'bm_sv']
2026-06-01 00:39:56,510 INFO e14.session: primed Akamai session (thread 128939716490944): HTTP 200 cookies=['ak_bmsc', 'bm_sv']
2026-06-01 00:39:56,537 INFO e14.session: primed Akamai session (thread 128936478480064): HTTP 200 cookies=['ak_bmsc', 'bm_sv']
2026-06-01 00:39:56,677 INFO e14.session: primed Akamai session (thread 128938525316800): HTTP 200 cookies=['ak_bmsc', 'bm_sv']
2026-06-01 00:39:56,799 INFO e14.session: primed Akamai session (thread 128933970110144): HTTP 200 cookies=['ak_bmsc', 'bm_sv']
2026-06-01 00:39:57,212 INFO e14.session: primed Akamai session (thread 128933894575808): HTTP 200 cookies=['ak_bmsc', 'bm_sv']
2026-06-01 00:39:58,360 INFO e14.session: primed Akamai session (thread 128934037251776): HTTP 200 cookies=['ak_bmsc', 'bm_sv']
2026-06-01 00:39:59,422 INFO e14.session: primed Akamai session (thread 128938785359552): HTTP 200 cookies=['ak_bmsc', 'bm_sv']
2026-06-01 00:39:59,513 INFO e14.session: primed Akamai session (thread 128934070822592): HTTP 200 cookies=['ak_bmsc', 'bm_sv']
2026-06-01 00:40:00,159 INFO e14.session: primed Akamai session (thread 128938491745984): HTTP 200 cookies=['ak_bmsc', 'bm_sv']
2026-06-01 00:40:00,161 INFO e14.session: primed Akamai session (thread 128933902968512): HTTP 200 cookies=['ak_bmsc', 'bm_sv']
2026-06-01 00:40:00,362 INFO e14.session: primed Akamai session (thread 128939741669056): HTTP 200 cookies=['ak_bmsc', 'bm_sv']
2026-06-01 00:40:00,431 INFO e14.session: primed Akamai session (thread 128934104393408): HTTP 200 cookies=['ak_bmsc', 'bm_sv']
2026-06-01 00:40:00,813 INFO e14.session: primed Akamai session (thread 128934171535040): HTTP 200 cookies=['ak_bmsc', 'bm_sv']
2026-06-01 00:40:01,110 INFO e14.session: primed Akamai session (thread 128934893045440): HTTP 200 cookies=['ak_bmsc', 'bm_sv']
2026-06-01 00:40:01,129 INFO e14.session: primed Akamai session (thread 128935941609152): HTTP 200 cookies=['ak_bmsc', 'bm_sv']
2026-06-01 00:40:01,683 INFO e14.session: primed Akamai session (thread 128935991965376): HTTP 200 cookies=['ak_bmsc', 'bm_sv']
2026-06-01 00:40:01,889 INFO e14.session: primed Akamai session (thread 128938533709504): HTTP 200 cookies=['ak_bmsc', 'bm_sv']
2026-06-01 00:40:02,136 INFO e14.session: primed Akamai session (thread 128941377427136): HTTP 200 cookies=['ak_bmsc', 'bm_sv']
2026-06-01 00:40:02,146 INFO e14.session: primed Akamai session (thread 128936495265472): HTTP 200 cookies=['ak_bmsc', 'bm_sv']
2026-06-01 00:40:02,218 INFO e14.session: primed Akamai session (thread 128937057314496): HTTP 200 cookies=['ak_bmsc', 'bm_sv']
2026-06-01 00:40:02,882 INFO e14.session: primed Akamai session (thread 128934339389120): HTTP 200 cookies=['ak_bmsc', 'bm_sv']
2026-06-01 00:40:03,666 INFO e14.session: primed Akamai session (thread 128939179620032): HTTP 200 cookies=['ak_bmsc', 'bm_sv']
2026-06-01 00:40:03,787 INFO e14.session: primed Akamai session (thread 128933886183104): HTTP 200 cookies=['ak_bmsc', 'bm_sv']
2026-06-01 00:40:04,082 INFO e14.session: primed Akamai session (thread 128936528836288): HTTP 200 cookies=['ak_bmsc', 'bm_sv']
2026-06-01 00:40:04,565 INFO e14.session: primed Akamai session (thread 128940807018176): HTTP 200 cookies=['ak_bmsc', 'bm_sv']
2026-06-01 00:40:04,840 INFO e14.session: primed Akamai session (thread 128937048921792): HTTP 200 cookies=['ak_bmsc', 'bm_sv']
2026-06-01 00:40:05,018 INFO e14.session: primed Akamai session (thread 128934028859072): HTTP 200 cookies=['ak_bmsc', 'bm_sv']
2026-06-01 00:40:05,115 INFO e14.session: primed Akamai session (thread 128934876260032): HTTP 200 cookies=['ak_bmsc', 'bm_sv']
2026-06-01 00:40:05,598 INFO e14.session: primed Akamai session (thread 128939708098240): HTTP 200 cookies=['ak_bmsc', 'bm_sv']
2026-06-01 00:40:06,050 INFO e14.session: primed Akamai session (thread 128939724883648): HTTP 200 cookies=['ak_bmsc', 'bm_sv']
2026-06-01 00:40:06,067 INFO e14.session: primed Akamai session (thread 128935438309056): HTTP 200 cookies=['ak_bmsc', 'bm_sv']
2026-06-01 00:40:07,810 INFO e14.session: primed Akamai session (thread 128934196713152): HTTP 200 cookies=['ak_bmsc', 'bm_sv']
2026-06-01 00:40:07,997 INFO e14.session: primed Akamai session (thread 128936503658176): HTTP 200 cookies=['ak_bmsc', 'bm_sv']
2026-06-01 00:40:08,107 INFO e14.session: primed Akamai session (thread 128934867867328): HTTP 200 cookies=['ak_bmsc', 'bm_sv']
2026-06-01 00:40:08,455 INFO e14.session: primed Akamai session (thread 128939204798144): HTTP 200 cookies=['ak_bmsc', 'bm_sv']
2026-06-01 00:40:08,532 INFO e14.session: primed Akamai session (thread 128935950001856): HTTP 200 cookies=['ak_bmsc', 'bm_sv']
2026-06-01 00:40:09,580 INFO e14.session: primed Akamai session (thread 128934045644480): HTTP 200 cookies=['ak_bmsc', 'bm_sv']
2026-06-01 00:40:09,775 INFO e14.session: primed Akamai session (thread 128933936539328): HTTP 200 cookies=['ak_bmsc', 'bm_sv']
2026-06-01 00:40:10,200 INFO e14.session: primed Akamai session (thread 128934305818304): HTTP 200 cookies=['ak_bmsc', 'bm_sv']
2026-06-01 00:40:10,359 INFO e14.session: primed Akamai session (thread 128933995288256): HTTP 200 cookies=['ak_bmsc', 'bm_sv']
2026-06-01 00:40:10,603 INFO e14.session: primed Akamai session (thread 128935421523648): HTTP 200 cookies=['ak_bmsc', 'bm_sv']
2026-06-01 00:40:11,139 INFO e14.session: primed Akamai session (thread 128937040529088): HTTP 200 cookies=['ak_bmsc', 'bm_sv']
2026-06-01 00:40:13,377 INFO e14.session: primed Akamai session (thread 128935404738240): HTTP 200 cookies=['ak_bmsc', 'bm_sv']
2026-06-01 00:40:13,544 INFO e14.session: primed Akamai session (thread 128940815410880): HTTP 200 cookies=['ak_bmsc', 'bm_sv']
2026-06-01 00:40:13,594 INFO e14.session: primed Akamai session (thread 128938542102208): HTTP 200 cookies=['ak_bmsc', 'bm_sv']
2026-06-01 00:40:14,290 INFO e14.session: primed Akamai session (thread 128934272247488): HTTP 200 cookies=['ak_bmsc', 'bm_sv']
2026-06-01 00:40:14,991 INFO e14.session: primed Akamai session (thread 128940253361856): HTTP 200 cookies=['ak_bmsc', 'bm_sv']
2026-06-01 00:40:15,285 INFO e14.session: primed Akamai session (thread 128940798625472): HTTP 200 cookies=['ak_bmsc', 'bm_sv']
2026-06-01 00:40:16,697 INFO e14.session: primed Akamai session (thread 128934297425600): HTTP 200 cookies=['ak_bmsc', 'bm_sv']
2026-06-01 00:40:17,030 INFO e14.session: primed Akamai session (thread 128937023743680): HTTP 200 cookies=['ak_bmsc', 'bm_sv']
2026-06-01 00:40:18,016 INFO e14.session: primed Akamai session (thread 128941637691072): HTTP 200 cookies=['ak_bmsc', 'bm_sv']
2026-06-01 00:40:18,041 INFO e14.session: primed Akamai session (thread 128934179927744): HTTP 200 cookies=['ak_bmsc', 'bm_sv']
2026-06-01 00:40:18,254 INFO e14.session: primed Akamai session (thread 128938768574144): HTTP 200 cookies=['ak_bmsc', 'bm_sv']
2026-06-01 00:40:19,472 INFO e14.session: primed Akamai session (thread 128934129571520): HTTP 200 cookies=['ak_bmsc', 'bm_sv']
2026-06-01 00:40:20,658 INFO e14.session: primed Akamai session (thread 128940261754560): HTTP 200 cookies=['ak_bmsc', 'bm_sv']
2026-06-01 00:40:21,463 INFO e14.session: primed Akamai session (thread 128933986895552): HTTP 200 cookies=['ak_bmsc', 'bm_sv']
2026-06-01 00:40:21,623 INFO e14.session: primed Akamai session (thread 128939750061760): HTTP 200 cookies=['ak_bmsc', 'bm_sv']
2026-06-01 00:40:21,751 INFO e14.session: primed Akamai session (thread 128934909830848): HTTP 200 cookies=['ak_bmsc', 'bm_sv']
2026-06-01 00:40:21,853 INFO e14.session: primed Akamai session (thread 128934079215296): HTTP 200 cookies=['ak_bmsc', 'bm_sv']
2026-06-01 00:40:22,242 INFO e14.session: primed Akamai session (thread 128933835826880): HTTP 200 cookies=['ak_bmsc', 'bm_sv']
2026-06-01 00:40:22,431 INFO e14.session: primed Akamai session (thread 128935966787264): HTTP 200 cookies=['ak_bmsc', 'bm_sv']
2026-06-01 00:40:22,552 INFO e14.session: primed Akamai session (thread 128934280640192): HTTP 200 cookies=['ak_bmsc', 'bm_sv']
2026-06-01 00:40:22,615 INFO e14.session: primed Akamai session (thread 128940781840064): HTTP 200 cookies=['ak_bmsc', 'bm_sv']
2026-06-01 00:40:23,716 INFO e14.session: primed Akamai session (thread 128939699705536): HTTP 200 cookies=['ak_bmsc', 'bm_sv']
2026-06-01 00:40:23,815 INFO e14.session: primed Akamai session (thread 128937015350976): HTTP 200 cookies=['ak_bmsc', 'bm_sv']
2026-06-01 00:40:24,469 INFO e14.session: primed Akamai session (thread 128941385819840): HTTP 200 cookies=['ak_bmsc', 'bm_sv']
2026-06-01 00:40:24,765 INFO e14.session: primed Akamai session (thread 128934238676672): HTTP 200 cookies=['ak_bmsc', 'bm_sv']
2026-06-01 00:40:24,850 INFO e14.session: primed Akamai session (thread 128934012073664): HTTP 200 cookies=['ak_bmsc', 'bm_sv']
2026-06-01 00:40:25,534 INFO e14.session: primed Akamai session (thread 128941410997952): HTTP 200 cookies=['ak_bmsc', 'bm_sv']
2026-06-01 00:40:25,982 INFO e14.session: primed Akamai session (thread 128933928146624): HTTP 200 cookies=['ak_bmsc', 'bm_sv']
2026-06-01 00:40:27,766 INFO e14.session: primed Akamai session (thread 128935983572672): HTTP 200 cookies=['ak_bmsc', 'bm_sv']
2026-06-01 00:40:27,921 INFO e14.session: primed Akamai session (thread 128934884652736): HTTP 200 cookies=['ak_bmsc', 'bm_sv']
2026-06-01 00:40:28,405 INFO e14.session: primed Akamai session (thread 128933869397696): HTTP 200 cookies=['ak_bmsc', 'bm_sv']
2026-06-01 00:40:28,429 INFO e14.session: primed Akamai session (thread 128937954875072): HTTP 200 cookies=['ak_bmsc', 'bm_sv']
2026-06-01 00:40:32,390 INFO e14.session: primed Akamai session (thread 128936486872768): HTTP 200 cookies=['ak_bmsc', 'bm_sv']
2026-06-01 00:40:33,781 INFO e14.session: primed Akamai session (thread 128938776966848): HTTP 200 cookies=['ak_bmsc', 'bm_sv']
2026-06-01 00:40:35,235 INFO e14.session: primed Akamai session (thread 128934112786112): HTTP 200 cookies=['ak_bmsc', 'bm_sv']
2026-06-01 00:40:35,706 INFO e14.session: primed Akamai session (thread 128938500138688): HTTP 200 cookies=['ak_bmsc', 'bm_sv']
2026-06-01 00:40:36,419 INFO e14.session: primed Akamai session (thread 128940286932672): HTTP 200 cookies=['ak_bmsc', 'bm_sv']
2026-06-01 00:40:37,543 INFO e14.session: primed Akamai session (thread 128934137964224): HTTP 200 cookies=['ak_bmsc', 'bm_sv']
2026-06-01 00:40:37,929 INFO e14.session: primed Akamai session (thread 128940278539968): HTTP 200 cookies=['ak_bmsc', 'bm_sv']
2026-06-01 00:40:39,563 INFO e14.session: primed Akamai session (thread 128933911361216): HTTP 200 cookies=['ak_bmsc', 'bm_sv']
2026-06-01 00:40:40,959 INFO e14.session: primed Akamai session (thread 128940790232768): HTTP 200 cookies=['ak_bmsc', 'bm_sv']
2026-06-01 00:40:42,192 INFO e14.session: primed Akamai session (thread 128934087608000): HTTP 200 cookies=['ak_bmsc', 'bm_sv']
2026-06-01 00:40:43,027 INFO e14.session: primed Akamai session (thread 128941394212544): HTTP 200 cookies=['ak_bmsc', 'bm_sv']
2026-06-01 00:40:43,257 INFO e14.session: primed Akamai session (thread 128938802144960): HTTP 200 cookies=['ak_bmsc', 'bm_sv']
2026-06-01 00:40:43,317 INFO e14.session: primed Akamai session (thread 128938508531392): HTTP 200 cookies=['ak_bmsc', 'bm_sv']
2026-06-01 00:40:47,329 INFO e14.session: primed Akamai session (thread 128934154749632): HTTP 200 cookies=['ak_bmsc', 'bm_sv']
2026-06-01 00:40:47,760 INFO e14.session: primed Akamai session (thread 128937032136384): HTTP 200 cookies=['ak_bmsc', 'bm_sv']
2026-06-01 00:40:47,791 INFO e14.session: primed Akamai session (thread 128939213190848): HTTP 200 cookies=['ak_bmsc', 'bm_sv']
2026-06-01 00:40:49,069 INFO e14.session: primed Akamai session (thread 128940236576448): HTTP 200 cookies=['ak_bmsc', 'bm_sv']
2026-06-01 00:40:50,963 INFO e14.session: primed Akamai session (thread 128934121178816): HTTP 200 cookies=['ak_bmsc', 'bm_sv']
2026-06-01 00:40:51,119 INFO e14.session: primed Akamai session (thread 128934163142336): HTTP 200 cookies=['ak_bmsc', 'bm_sv']
2026-06-01 00:40:51,352 INFO e14.session: primed Akamai session (thread 128934054037184): HTTP 200 cookies=['ak_bmsc', 'bm_sv']
2026-06-01 00:40:51,417 INFO e14.session: primed Akamai session (thread 128934247069376): HTTP 200 cookies=['ak_bmsc', 'bm_sv']
2026-06-01 00:40:52,752 INFO e14.session: primed Akamai session (thread 128939162834624): HTTP 200 cookies=['ak_bmsc', 'bm_sv']
2026-06-01 00:40:53,190 INFO e14.session: primed Akamai session (thread 128933877790400): HTTP 200 cookies=['ak_bmsc', 'bm_sv']
2026-06-01 00:40:53,257 INFO e14.session: primed Akamai session (thread 128935413130944): HTTP 200 cookies=['ak_bmsc', 'bm_sv']
2026-06-01 00:40:53,384 INFO e14.session: primed Akamai session (thread 128941654476480): HTTP 200 cookies=['ak_bmsc', 'bm_sv']
2026-06-01 00:40:55,070 INFO e14.session: primed Akamai session (thread 128934289032896): HTTP 200 cookies=['ak_bmsc', 'bm_sv']
2026-06-01 00:40:55,288 INFO e14.session: primed Akamai session (thread 128934901438144): HTTP 200 cookies=['ak_bmsc', 'bm_sv']
2026-06-01 00:40:55,593 INFO e14.session: primed Akamai session (thread 128934347781824): HTTP 200 cookies=['ak_bmsc', 'bm_sv']
2026-06-01 00:40:55,744 INFO e14.session: primed Akamai session (thread 128937996838592): HTTP 200 cookies=['ak_bmsc', 'bm_sv']
2026-06-01 00:40:55,752 INFO e14.session: primed Akamai session (thread 128935429916352): HTTP 200 cookies=['ak_bmsc', 'bm_sv']
2026-06-01 00:40:56,230 INFO e14.session: primed Akamai session (thread 128940823803584): HTTP 200 cookies=['ak_bmsc', 'bm_sv']
2026-06-01 00:40:56,375 INFO e14.session: primed Akamai session (thread 128938516924096): HTTP 200 cookies=['ak_bmsc', 'bm_sv']
2026-06-01 00:40:56,510 INFO e14.session: primed Akamai session (thread 128939188012736): HTTP 200 cookies=['ak_bmsc', 'bm_sv']
2026-06-01 00:40:56,558 INFO e14.session: primed Akamai session (thread 128941646083776): HTTP 200 cookies=['ak_bmsc', 'bm_sv']
2026-06-01 00:40:57,263 INFO e14.session: primed Akamai session (thread 128934221891264): HTTP 200 cookies=['ak_bmsc', 'bm_sv']
2026-06-01 00:40:57,388 INFO e14.session: primed Akamai session (thread 128938525316800): HTTP 200 cookies=['ak_bmsc', 'bm_sv']
2026-06-01 00:40:58,044 INFO e14.session: primed Akamai session (thread 128934003680960): HTTP 200 cookies=['ak_bmsc', 'bm_sv']
2026-06-01 00:40:58,054 INFO e14.session: primed Akamai session (thread 128933844219584): HTTP 200 cookies=['ak_bmsc', 'bm_sv']
2026-06-01 00:41:00,470 INFO e14.session: primed Akamai session (thread 128933902968512): HTTP 200 cookies=['ak_bmsc', 'bm_sv']
2026-06-01 00:41:00,561 INFO e14.session: primed Akamai session (thread 128933894575808): HTTP 200 cookies=['ak_bmsc', 'bm_sv']
2026-06-01 00:41:00,882 INFO e14.session: primed Akamai session (thread 128934146356928): HTTP 200 cookies=['ak_bmsc', 'bm_sv']
2026-06-01 00:41:01,429 INFO e14.session: primed Akamai session (thread 128934188320448): HTTP 200 cookies=['ak_bmsc', 'bm_sv']
2026-06-01 00:41:02,783 INFO e14.session: primed Akamai session (thread 128934037251776): HTTP 200 cookies=['ak_bmsc', 'bm_sv']
2026-06-01 00:41:02,966 INFO e14.session: primed Akamai session (thread 128939716490944): HTTP 200 cookies=['ak_bmsc', 'bm_sv']
2026-06-01 00:41:03,401 INFO e14.session: primed Akamai session (thread 128934020466368): HTTP 200 cookies=['ak_bmsc', 'bm_sv']
2026-06-01 00:41:03,902 INFO e14.session: primed Akamai session (thread 128934263854784): HTTP 200 cookies=['ak_bmsc', 'bm_sv']
2026-06-01 00:41:04,464 INFO e14.session: primed Akamai session (thread 128934104393408): HTTP 200 cookies=['ak_bmsc', 'bm_sv']
2026-06-01 00:41:04,552 INFO e14.session: primed Akamai session (thread 128935941609152): HTTP 200 cookies=['ak_bmsc', 'bm_sv']
2026-06-01 00:41:04,928 INFO e14.session: primed Akamai session (thread 128933861004992): HTTP 200 cookies=['ak_bmsc', 'bm_sv']
2026-06-01 00:41:05,444 INFO e14.session: primed Akamai session (thread 128935958394560): HTTP 200 cookies=['ak_bmsc', 'bm_sv']
2026-06-01 00:41:06,228 INFO e14.session: primed Akamai session (thread 128939733276352): HTTP 200 cookies=['ak_bmsc', 'bm_sv']
2026-06-01 00:41:06,255 INFO e14.session: primed Akamai session (thread 128933944932032): HTTP 200 cookies=['ak_bmsc', 'bm_sv']
2026-06-01 00:41:06,746 INFO e14.session: primed Akamai session (thread 128934028859072): HTTP 200 cookies=['ak_bmsc', 'bm_sv']
2026-06-01 00:41:07,627 INFO e14.session: primed Akamai session (thread 128934876260032): HTTP 200 cookies=['ak_bmsc', 'bm_sv']
2026-06-01 00:41:07,643 INFO e14.session: primed Akamai session (thread 128938005231296): HTTP 200 cookies=['ak_bmsc', 'bm_sv']
2026-06-01 00:41:08,162 INFO e14.session: primed Akamai session (thread 128936528836288): HTTP 200 cookies=['ak_bmsc', 'bm_sv']
2026-06-01 00:41:08,249 INFO e14.session: primed Akamai session (thread 128934381352640): HTTP 200 cookies=['ak_bmsc', 'bm_sv']
2026-06-01 00:41:08,771 INFO e14.session: primed Akamai session (thread 128940244969152): HTTP 200 cookies=['ak_bmsc', 'bm_sv']
2026-06-01 00:41:08,869 INFO e14.session: primed Akamai session (thread 128936495265472): HTTP 200 cookies=['ak_bmsc', 'bm_sv']
2026-06-01 00:41:09,592 INFO e14.session: primed Akamai session (thread 128935975179968): HTTP 200 cookies=['ak_bmsc', 'bm_sv']
2026-06-01 00:41:10,321 INFO e14.session: primed Akamai session (thread 128938491745984): HTTP 200 cookies=['ak_bmsc', 'bm_sv']
2026-06-01 00:41:10,940 INFO e14.session: primed Akamai session (thread 128933919753920): HTTP 200 cookies=['ak_bmsc', 'bm_sv']
2026-06-01 00:41:11,127 INFO e14.session: primed Akamai session (thread 128934230283968): HTTP 200 cookies=['ak_bmsc', 'bm_sv']
2026-06-01 00:41:11,134 INFO e14.session: primed Akamai session (thread 128941427783360): HTTP 200 cookies=['ak_bmsc', 'bm_sv']
2026-06-01 00:41:11,658 INFO e14.session: primed Akamai session (thread 128936503658176): HTTP 200 cookies=['ak_bmsc', 'bm_sv']
2026-06-01 00:41:12,054 INFO e14.session: primed Akamai session (thread 128934339389120): HTTP 200 cookies=['ak_bmsc', 'bm_sv']
2026-06-01 00:41:12,073 INFO e14.session: primed Akamai session (thread 128933936539328): HTTP 200 cookies=['ak_bmsc', 'bm_sv']
2026-06-01 00:41:12,335 INFO e14.session: primed Akamai session (thread 128934372959936): HTTP 200 cookies=['ak_bmsc', 'bm_sv']
2026-06-01 00:41:12,376 INFO e14.session: primed Akamai session (thread 128934205105856): HTTP 200 cookies=['ak_bmsc', 'bm_sv']
2026-06-01 00:41:12,381 INFO e14.session: primed Akamai session (thread 128934305818304): HTTP 200 cookies=['ak_bmsc', 'bm_sv']
2026-06-01 00:41:12,740 INFO e14.session: primed Akamai session (thread 128935421523648): HTTP 200 cookies=['ak_bmsc', 'bm_sv']
2026-06-01 00:41:12,760 INFO e14.session: primed Akamai session (thread 128938760181440): HTTP 200 cookies=['ak_bmsc', 'bm_sv']
2026-06-01 00:41:12,774 INFO e14.session: primed Akamai session (thread 128933995288256): HTTP 200 cookies=['ak_bmsc', 'bm_sv']
2026-06-01 00:41:13,694 INFO e14.session: primed Akamai session (thread 128934045644480): HTTP 200 cookies=['ak_bmsc', 'bm_sv']
2026-06-01 00:41:14,640 INFO e14.session: primed Akamai session (thread 128935991965376): HTTP 200 cookies=['ak_bmsc', 'bm_sv']
2026-06-01 00:41:15,991 INFO e14.session: primed Akamai session (thread 128937963267776): HTTP 200 cookies=['ak_bmsc', 'bm_sv']
2026-06-01 00:41:16,806 INFO e14.session: primed Akamai session (thread 128939708098240): HTTP 200 cookies=['ak_bmsc', 'bm_sv']
2026-06-01 00:41:17,141 INFO e14.session: primed Akamai session (thread 128934096000704): HTTP 200 cookies=['ak_bmsc', 'bm_sv']
2026-06-01 00:41:17,699 INFO e14.session: primed Akamai session (thread 128934356174528): HTTP 200 cookies=['ak_bmsc', 'bm_sv']
2026-06-01 00:41:17,947 INFO e14.session: primed Akamai session (thread 128935950001856): HTTP 200 cookies=['ak_bmsc', 'bm_sv']
2026-06-01 00:41:20,252 INFO e14.session: primed Akamai session (thread 128937048921792): HTTP 200 cookies=['ak_bmsc', 'bm_sv']
2026-06-01 00:41:20,432 INFO e14.session: primed Akamai session (thread 128940807018176): HTTP 200 cookies=['ak_bmsc', 'bm_sv']
2026-06-01 00:41:21,030 INFO e14.session: primed Akamai session (thread 128940815410880): HTTP 200 cookies=['ak_bmsc', 'bm_sv']
2026-06-01 00:41:21,324 INFO e14.session: primed Akamai session (thread 128938542102208): HTTP 200 cookies=['ak_bmsc', 'bm_sv']
2026-06-01 00:41:21,595 INFO e14.session: primed Akamai session (thread 128934893045440): HTTP 200 cookies=['ak_bmsc', 'bm_sv']
2026-06-01 00:41:22,175 INFO e14.session: primed Akamai session (thread 128937980053184): HTTP 200 cookies=['ak_bmsc', 'bm_sv']
2026-06-01 00:41:22,851 INFO e14.session: primed Akamai session (thread 128940798625472): HTTP 200 cookies=['ak_bmsc', 'bm_sv']
2026-06-01 00:41:23,248 INFO e14.session: primed Akamai session (thread 128940261754560): HTTP 200 cookies=['ak_bmsc', 'bm_sv']
2026-06-01 00:41:23,996 INFO e14.session: primed Akamai session (thread 128935438309056): HTTP 200 cookies=['ak_bmsc', 'bm_sv']
2026-06-01 00:41:26,285 INFO e14.session: primed Akamai session (thread 128936512050880): HTTP 200 cookies=['ak_bmsc', 'bm_sv']
2026-06-01 00:41:27,026 INFO e14.session: primed Akamai session (thread 128937988445888): HTTP 200 cookies=['ak_bmsc', 'bm_sv']
2026-06-01 00:41:27,414 INFO e14.session: primed Akamai session (thread 128934196713152): HTTP 200 cookies=['ak_bmsc', 'bm_sv']
2026-06-01 00:41:27,958 INFO e14.session: primed Akamai session (thread 128939204798144): HTTP 200 cookies=['ak_bmsc', 'bm_sv']
2026-06-01 00:41:30,929 INFO e14.session: primed Akamai session (thread 128934012073664): HTTP 200 cookies=['ak_bmsc', 'bm_sv']
2026-06-01 00:41:31,485 INFO e14.session: primed Akamai session (thread 128938768574144): HTTP 200 cookies=['ak_bmsc', 'bm_sv']
2026-06-01 00:41:32,850 INFO e14.session: primed Akamai session (thread 128936478480064): HTTP 200 cookies=['ak_bmsc', 'bm_sv']
2026-06-01 00:41:37,117 INFO e14.session: primed Akamai session (thread 128934884652736): HTTP 200 cookies=['ak_bmsc', 'bm_sv']
2026-06-01 00:41:40,382 INFO e14.session: primed Akamai session (thread 128936486872768): HTTP 200 cookies=['ak_bmsc', 'bm_sv']
2026-06-01 00:41:42,214 INFO e14.session: primed Akamai session (thread 128935966787264): HTTP 200 cookies=['ak_bmsc', 'bm_sv']
2026-06-01 00:41:42,914 INFO e14.session: primed Akamai session (thread 128939750061760): HTTP 200 cookies=['ak_bmsc', 'bm_sv']
2026-06-01 00:41:42,952 INFO e14.session: primed Akamai session (thread 128933970110144): HTTP 200 cookies=['ak_bmsc', 'bm_sv']
2026-06-01 00:41:43,562 INFO e14.session: primed Akamai session (thread 128934062429888): HTTP 200 cookies=['ak_bmsc', 'bm_sv']
2026-06-01 00:41:44,056 INFO e14.session: primed Akamai session (thread 128940286932672): HTTP 200 cookies=['ak_bmsc', 'bm_sv']
2026-06-01 00:41:44,726 INFO e14.session: primed Akamai session (thread 128933928146624): HTTP 200 cookies=['ak_bmsc', 'bm_sv']
2026-06-01 00:41:45,650 INFO e14.session: primed Akamai session (thread 128938533709504): HTTP 200 cookies=['ak_bmsc', 'bm_sv']
2026-06-01 00:41:51,388 INFO e14.session: primed Akamai session (thread 128934322603712): HTTP 200 cookies=['ak_bmsc', 'bm_sv']
2026-06-01 00:41:51,636 INFO e14.session: primed Akamai session (thread 128937057314496): HTTP 200 cookies=['ak_bmsc', 'bm_sv']
2026-06-01 00:41:51,639 INFO e14.session: primed Akamai session (thread 128940781840064): HTTP 200 cookies=['ak_bmsc', 'bm_sv']
2026-06-01 00:41:51,752 INFO e14.session: primed Akamai session (thread 128934272247488): HTTP 200 cookies=['ak_bmsc', 'bm_sv']
2026-06-01 00:41:51,867 INFO e14.session: primed Akamai session (thread 128938500138688): HTTP 200 cookies=['ak_bmsc', 'bm_sv']
2026-06-01 00:41:52,394 INFO e14.session: primed Akamai session (thread 128933869397696): HTTP 200 cookies=['ak_bmsc', 'bm_sv']
2026-06-01 00:41:54,075 INFO e14.session: primed Akamai session (thread 128938802144960): HTTP 200 cookies=['ak_bmsc', 'bm_sv']
2026-06-01 00:41:54,528 INFO e14.session: primed Akamai session (thread 128934154749632): HTTP 200 cookies=['ak_bmsc', 'bm_sv']
2026-06-01 00:41:54,625 INFO e14.session: primed Akamai session (thread 128934330996416): HTTP 200 cookies=['ak_bmsc', 'bm_sv']
2026-06-01 00:41:55,935 INFO e14.session: primed Akamai session (thread 128937996838592): HTTP 200 cookies=['ak_bmsc', 'bm_sv']
2026-06-01 00:41:56,471 INFO e14.session: primed Akamai session (thread 128934163142336): HTTP 200 cookies=['ak_bmsc', 'bm_sv']
2026-06-01 00:41:56,776 INFO e14.session: primed Akamai session (thread 128940236576448): HTTP 200 cookies=['ak_bmsc', 'bm_sv']
2026-06-01 00:41:57,299 INFO e14.session: primed Akamai session (thread 128938793752256): HTTP 200 cookies=['ak_bmsc', 'bm_sv']
2026-06-01 00:41:58,076 INFO e14.session: primed Akamai session (thread 128934054037184): HTTP 200 cookies=['ak_bmsc', 'bm_sv']
2026-06-01 00:41:59,025 INFO e14.session: primed Akamai session (thread 128941637691072): HTTP 200 cookies=['ak_bmsc', 'bm_sv']
2026-06-01 00:41:59,473 INFO e14.session: primed Akamai session (thread 128941394212544): HTTP 200 cookies=['ak_bmsc', 'bm_sv']
2026-06-01 00:42:00,905 INFO e14.session: primed Akamai session (thread 128934003680960): HTTP 200 cookies=['ak_bmsc', 'bm_sv']
2026-06-01 00:42:00,924 INFO e14.session: primed Akamai session (thread 128937954875072): HTTP 200 cookies=['ak_bmsc', 'bm_sv']
2026-06-01 00:42:01,116 INFO e14.session: primed Akamai session (thread 128937032136384): HTTP 200 cookies=['ak_bmsc', 'bm_sv']
2026-06-01 00:42:01,584 INFO e14.session: primed Akamai session (thread 128939162834624): HTTP 200 cookies=['ak_bmsc', 'bm_sv']
2026-06-01 00:42:01,946 INFO e14.session: primed Akamai session (thread 128935455094464): HTTP 200 cookies=['ak_bmsc', 'bm_sv']
2026-06-01 00:42:01,948 INFO e14.session: primed Akamai session (thread 128939188012736): HTTP 200 cookies=['ak_bmsc', 'bm_sv']
2026-06-01 00:42:02,361 INFO e14.session: primed Akamai session (thread 128934314211008): HTTP 200 cookies=['ak_bmsc', 'bm_sv']
2026-06-01 00:42:02,513 INFO e14.session: primed Akamai session (thread 128938516924096): HTTP 200 cookies=['ak_bmsc', 'bm_sv']
2026-06-01 00:42:02,985 INFO e14.session: primed Akamai session (thread 128940253361856): HTTP 200 cookies=['ak_bmsc', 'bm_sv']
2026-06-01 00:42:03,084 INFO e14.session: primed Akamai session (thread 128937065707200): HTTP 200 cookies=['ak_bmsc', 'bm_sv']
2026-06-01 00:42:03,197 INFO e14.session: primed Akamai session (thread 128933877790400): HTTP 200 cookies=['ak_bmsc', 'bm_sv']
2026-06-01 00:42:05,432 INFO e14.session: primed Akamai session (thread 128938525316800): HTTP 200 cookies=['ak_bmsc', 'bm_sv']
2026-06-01 00:42:06,130 INFO e14.session: primed Akamai session (thread 128934280640192): HTTP 200 cookies=['ak_bmsc', 'bm_sv']
2026-06-01 00:42:06,237 INFO e14.session: primed Akamai session (thread 128935404738240): HTTP 200 cookies=['ak_bmsc', 'bm_sv']
2026-06-01 00:42:06,455 INFO e14.session: primed Akamai session (thread 128934020466368): HTTP 200 cookies=['ak_bmsc', 'bm_sv']
2026-06-01 00:42:06,833 INFO e14.session: primed Akamai session (thread 128934289032896): HTTP 200 cookies=['ak_bmsc', 'bm_sv']
2026-06-01 00:42:07,366 INFO e14.session: primed Akamai session (thread 128933844219584): HTTP 200 cookies=['ak_bmsc', 'bm_sv']
2026-06-01 00:42:07,399 INFO e14.session: primed Akamai session (thread 128941385819840): HTTP 200 cookies=['ak_bmsc', 'bm_sv']
2026-06-01 00:42:08,466 INFO e14.session: primed Akamai session (thread 128933861004992): HTTP 200 cookies=['ak_bmsc', 'bm_sv']
2026-06-01 00:42:08,693 INFO e14.session: primed Akamai session (thread 128934037251776): HTTP 200 cookies=['ak_bmsc', 'bm_sv']
2026-06-01 00:42:08,895 INFO e14.session: primed Akamai session (thread 128933902968512): HTTP 200 cookies=['ak_bmsc', 'bm_sv']
2026-06-01 00:42:09,165 INFO e14.session: primed Akamai session (thread 128934121178816): HTTP 200 cookies=['ak_bmsc', 'bm_sv']
2026-06-01 00:42:09,508 INFO e14.session: primed Akamai session (thread 128938810537664): HTTP 200 cookies=['ak_bmsc', 'bm_sv']
2026-06-01 00:42:10,063 INFO e14.session: primed Akamai session (thread 128939213190848): HTTP 200 cookies=['ak_bmsc', 'bm_sv']
2026-06-01 00:42:10,302 INFO e14.session: primed Akamai session (thread 128935941609152): HTTP 200 cookies=['ak_bmsc', 'bm_sv']
2026-06-01 00:42:11,360 INFO e14.session: primed Akamai session (thread 128939716490944): HTTP 200 cookies=['ak_bmsc', 'bm_sv']
2026-06-01 00:42:11,996 INFO e14.session: primed Akamai session (thread 128934247069376): HTTP 200 cookies=['ak_bmsc', 'bm_sv']
2026-06-01 00:42:12,574 INFO e14.session: primed Akamai session (thread 128938005231296): HTTP 200 cookies=['ak_bmsc', 'bm_sv']
2026-06-01 00:42:12,857 INFO e14.session: primed Akamai session (thread 128939733276352): HTTP 200 cookies=['ak_bmsc', 'bm_sv']
2026-06-01 00:42:13,282 INFO e14.session: primed Akamai session (thread 128934297425600): HTTP 200 cookies=['ak_bmsc', 'bm_sv']
2026-06-01 00:42:13,489 INFO e14.session: primed Akamai session (thread 128935413130944): HTTP 200 cookies=['ak_bmsc', 'bm_sv']
2026-06-01 00:42:13,923 INFO e14.session: primed Akamai session (thread 128934028859072): HTTP 200 cookies=['ak_bmsc', 'bm_sv']
2026-06-01 00:42:14,790 INFO e14.session: primed Akamai session (thread 128934876260032): HTTP 200 cookies=['ak_bmsc', 'bm_sv']
2026-06-01 00:42:14,811 INFO e14.session: primed Akamai session (thread 128936528836288): HTTP 200 cookies=['ak_bmsc', 'bm_sv']
2026-06-01 00:42:14,879 INFO e14.session: primed Akamai session (thread 128940244969152): HTTP 200 cookies=['ak_bmsc', 'bm_sv']
2026-06-01 00:42:15,551 INFO e14.session: primed Akamai session (thread 128934230283968): HTTP 200 cookies=['ak_bmsc', 'bm_sv']
2026-06-01 00:42:16,576 INFO e14.session: primed Akamai session (thread 128936495265472): HTTP 200 cookies=['ak_bmsc', 'bm_sv']
2026-06-01 00:42:16,622 INFO e14.session: primed Akamai session (thread 128933936539328): HTTP 200 cookies=['ak_bmsc', 'bm_sv']
2026-06-01 00:42:16,790 INFO e14.session: primed Akamai session (thread 128938760181440): HTTP 200 cookies=['ak_bmsc', 'bm_sv']
2026-06-01 00:42:17,117 INFO e14.session: primed Akamai session (thread 128933919753920): HTTP 200 cookies=['ak_bmsc', 'bm_sv']
2026-06-01 00:42:18,454 INFO e14.session: primed Akamai session (thread 128934372959936): HTTP 200 cookies=['ak_bmsc', 'bm_sv']
2026-06-01 00:42:18,607 INFO e14.session: primed Akamai session (thread 128934305818304): HTTP 200 cookies=['ak_bmsc', 'bm_sv']
2026-06-01 00:42:18,769 INFO e14.session: primed Akamai session (thread 128941427783360): HTTP 200 cookies=['ak_bmsc', 'bm_sv']
2026-06-01 00:42:18,806 INFO e14.session: primed Akamai session (thread 128936503658176): HTTP 200 cookies=['ak_bmsc', 'bm_sv']
2026-06-01 00:42:18,840 INFO e14.session: primed Akamai session (thread 128934339389120): HTTP 200 cookies=['ak_bmsc', 'bm_sv']
2026-06-01 00:42:19,088 INFO e14.session: primed Akamai session (thread 128935421523648): HTTP 200 cookies=['ak_bmsc', 'bm_sv']
2026-06-01 00:42:19,741 INFO e14.session: primed Akamai session (thread 128934045644480): HTTP 200 cookies=['ak_bmsc', 'bm_sv']
2026-06-01 00:42:20,517 INFO e14.session: primed Akamai session (thread 128937963267776): HTTP 200 cookies=['ak_bmsc', 'bm_sv']
2026-06-01 00:42:21,047 INFO e14.session: primed Akamai session (thread 128933995288256): HTTP 200 cookies=['ak_bmsc', 'bm_sv']
2026-06-01 00:42:23,709 INFO e14.session: primed Akamai session (thread 128934213498560): HTTP 200 cookies=['ak_bmsc', 'bm_sv']
2026-06-01 00:42:24,979 INFO e14.session: primed Akamai session (thread 128935958394560): HTTP 200 cookies=['ak_bmsc', 'bm_sv']
2026-06-01 00:42:25,605 INFO e14.session: primed Akamai session (thread 128934205105856): HTTP 200 cookies=['ak_bmsc', 'bm_sv']
2026-06-01 00:42:25,683 INFO e14.session: primed Akamai session (thread 128939196405440): HTTP 200 cookies=['ak_bmsc', 'bm_sv']
2026-06-01 00:42:25,920 INFO e14.session: primed Akamai session (thread 128940823803584): HTTP 200 cookies=['ak_bmsc', 'bm_sv']
2026-06-01 00:42:26,319 INFO e14.session: primed Akamai session (thread 128935438309056): HTTP 200 cookies=['ak_bmsc', 'bm_sv']
2026-06-01 00:42:26,416 INFO e14.session: primed Akamai session (thread 128935950001856): HTTP 200 cookies=['ak_bmsc', 'bm_sv']
2026-06-01 00:42:26,633 INFO e14.session: primed Akamai session (thread 128934356174528): HTTP 200 cookies=['ak_bmsc', 'bm_sv']
2026-06-01 00:42:27,401 INFO e14.session: primed Akamai session (thread 128941654476480): HTTP 200 cookies=['ak_bmsc', 'bm_sv']
2026-06-01 00:42:28,031 INFO e14.session: primed Akamai session (thread 128937015350976): HTTP 200 cookies=['ak_bmsc', 'bm_sv']
2026-06-01 00:42:28,211 INFO e14.session: primed Akamai session (thread 128934347781824): HTTP 200 cookies=['ak_bmsc', 'bm_sv']
2026-06-01 00:42:28,310 INFO e14.session: primed Akamai session (thread 128934263854784): HTTP 200 cookies=['ak_bmsc', 'bm_sv']
2026-06-01 00:42:28,347 INFO e14.session: primed Akamai session (thread 128934221891264): HTTP 200 cookies=['ak_bmsc', 'bm_sv']
2026-06-01 00:42:28,385 INFO e14.session: primed Akamai session (thread 128933986895552): HTTP 200 cookies=['ak_bmsc', 'bm_sv']
2026-06-01 00:42:28,629 INFO e14.session: primed Akamai session (thread 128938785359552): HTTP 200 cookies=['ak_bmsc', 'bm_sv']
2026-06-01 00:42:28,654 INFO e14.session: primed Akamai session (thread 128938491745984): HTTP 200 cookies=['ak_bmsc', 'bm_sv']
2026-06-01 00:42:28,845 INFO e14.session: primed Akamai session (thread 128937023743680): HTTP 200 cookies=['ak_bmsc', 'bm_sv']
2026-06-01 00:42:28,859 INFO e14.session: primed Akamai session (thread 128939179620032): HTTP 200 cookies=['ak_bmsc', 'bm_sv']
2026-06-01 00:42:29,180 INFO e14.session: primed Akamai session (thread 128935983572672): HTTP 200 cookies=['ak_bmsc', 'bm_sv']
2026-06-01 00:42:29,353 INFO e14.session: primed Akamai session (thread 128941402605248): HTTP 200 cookies=['ak_bmsc', 'bm_sv']
2026-06-01 00:42:29,400 INFO e14.session: primed Akamai session (thread 128933953324736): HTTP 200 cookies=['ak_bmsc', 'bm_sv']
2026-06-01 00:42:29,537 INFO e14.session: primed Akamai session (thread 128934893045440): HTTP 200 cookies=['ak_bmsc', 'bm_sv']
2026-06-01 00:42:29,541 INFO e14.session: primed Akamai session (thread 128934255462080): HTTP 200 cookies=['ak_bmsc', 'bm_sv']
2026-06-01 00:42:29,683 INFO e14.session: primed Akamai session (thread 128933835826880): HTTP 200 cookies=['ak_bmsc', 'bm_sv']
2026-06-01 00:42:31,223 INFO e14.session: primed Akamai session (thread 128937988445888): HTTP 200 cookies=['ak_bmsc', 'bm_sv']
2026-06-01 00:42:31,251 INFO e14.session: primed Akamai session (thread 128934364567232): HTTP 200 cookies=['ak_bmsc', 'bm_sv']
2026-06-01 00:42:31,750 INFO e14.session: primed Akamai session (thread 128938542102208): HTTP 200 cookies=['ak_bmsc', 'bm_sv']
2026-06-01 00:42:31,782 INFO e14.session: primed Akamai session (thread 128940261754560): HTTP 200 cookies=['ak_bmsc', 'bm_sv']
2026-06-01 00:42:32,257 INFO e14.session: primed Akamai session (thread 128939741669056): HTTP 200 cookies=['ak_bmsc', 'bm_sv']
2026-06-01 00:42:32,967 INFO e14.session: primed Akamai session (thread 128934129571520): HTTP 200 cookies=['ak_bmsc', 'bm_sv']
2026-06-01 00:42:33,275 INFO e14.session: primed Akamai session (thread 128934079215296): HTTP 200 cookies=['ak_bmsc', 'bm_sv']
2026-06-01 00:42:34,871 INFO e14.session: primed Akamai session (thread 128935991965376): HTTP 200 cookies=['ak_bmsc', 'bm_sv']
2026-06-01 00:42:35,861 INFO e14.session: primed Akamai session (thread 128935429916352): HTTP 200 cookies=['ak_bmsc', 'bm_sv']
2026-06-01 00:42:37,038 INFO e14.session: primed Akamai session (thread 128934918223552): HTTP 200 cookies=['ak_bmsc', 'bm_sv']
2026-06-01 00:42:37,355 INFO e14.session: primed Akamai session (thread 128940798625472): HTTP 200 cookies=['ak_bmsc', 'bm_sv']
2026-06-01 00:42:37,361 INFO e14.session: primed Akamai session (thread 128939708098240): HTTP 200 cookies=['ak_bmsc', 'bm_sv']
2026-06-01 00:42:37,856 INFO e14.session: primed Akamai session (thread 128940270147264): HTTP 200 cookies=['ak_bmsc', 'bm_sv']
2026-06-01 00:42:38,939 INFO e14.session: primed Akamai session (thread 128934012073664): HTTP 200 cookies=['ak_bmsc', 'bm_sv']
2026-06-01 00:42:39,169 INFO e14.session: primed Akamai session (thread 128937048921792): HTTP 200 cookies=['ak_bmsc', 'bm_sv']
2026-06-01 00:42:39,568 INFO e14.session: primed Akamai session (thread 128936478480064): HTTP 200 cookies=['ak_bmsc', 'bm_sv']
2026-06-01 00:42:40,625 INFO e14.session: primed Akamai session (thread 128938776966848): HTTP 200 cookies=['ak_bmsc', 'bm_sv']
2026-06-01 00:42:40,852 INFO e14.session: primed Akamai session (thread 128934179927744): HTTP 200 cookies=['ak_bmsc', 'bm_sv']
2026-06-01 00:42:41,824 INFO e14.session: primed Akamai session (thread 128940807018176): HTTP 200 cookies=['ak_bmsc', 'bm_sv']
2026-06-01 00:42:43,218 INFO e14.session: primed Akamai session (thread 128940278539968): HTTP 200 cookies=['ak_bmsc', 'bm_sv']
2026-06-01 00:42:43,649 INFO e14.session: primed Akamai session (thread 128933886183104): HTTP 200 cookies=['ak_bmsc', 'bm_sv']
2026-06-01 00:42:45,157 INFO e14.session: primed Akamai session (thread 128935975179968): HTTP 200 cookies=['ak_bmsc', 'bm_sv']
2026-06-01 00:42:46,446 INFO e14.session: primed Akamai session (thread 128939724883648): HTTP 200 cookies=['ak_bmsc', 'bm_sv']
2026-06-01 00:42:46,892 INFO e14.session: primed Akamai session (thread 128933852612288): HTTP 200 cookies=['ak_bmsc', 'bm_sv']
2026-06-01 00:42:48,848 INFO e14.session: primed Akamai session (thread 128934884652736): HTTP 200 cookies=['ak_bmsc', 'bm_sv']
2026-06-01 00:42:49,289 INFO e14.session: primed Akamai session (thread 128939699705536): HTTP 200 cookies=['ak_bmsc', 'bm_sv']
2026-06-01 00:42:50,621 INFO e14.session: primed Akamai session (thread 128934096000704): HTTP 200 cookies=['ak_bmsc', 'bm_sv']
2026-06-01 00:42:51,229 INFO e14.session: primed Akamai session (thread 128938533709504): HTTP 200 cookies=['ak_bmsc', 'bm_sv']
2026-06-01 00:42:53,967 INFO e14.session: primed Akamai session (thread 128938768574144): HTTP 200 cookies=['ak_bmsc', 'bm_sv']
2026-06-01 00:42:55,091 INFO e14.session: primed Akamai session (thread 128934062429888): HTTP 200 cookies=['ak_bmsc', 'bm_sv']
2026-06-01 00:42:57,309 INFO e14.session: primed Akamai session (thread 128938500138688): HTTP 200 cookies=['ak_bmsc', 'bm_sv']
2026-06-01 00:42:57,314 INFO e14.session: primed Akamai session (thread 128934322603712): HTTP 200 cookies=['ak_bmsc', 'bm_sv']
2026-06-01 00:42:57,462 INFO e14.session: primed Akamai session (thread 128933869397696): HTTP 200 cookies=['ak_bmsc', 'bm_sv']
2026-06-01 00:42:57,924 INFO e14.session: primed Akamai session (thread 128937057314496): HTTP 200 cookies=['ak_bmsc', 'bm_sv']
2026-06-01 00:42:57,982 INFO e14.session: primed Akamai session (thread 128934272247488): HTTP 200 cookies=['ak_bmsc', 'bm_sv']
2026-06-01 00:42:58,656 INFO e14.session: primed Akamai session (thread 128940781840064): HTTP 200 cookies=['ak_bmsc', 'bm_sv']
2026-06-01 00:43:02,570 INFO e14.session: primed Akamai session (thread 128934330996416): HTTP 200 cookies=['ak_bmsc', 'bm_sv']
2026-06-01 00:43:03,065 INFO e14.session: primed Akamai session (thread 128938793752256): HTTP 200 cookies=['ak_bmsc', 'bm_sv']
2026-06-01 00:43:03,807 INFO e14.session: primed Akamai session (thread 128934163142336): HTTP 200 cookies=['ak_bmsc', 'bm_sv']
2026-06-01 00:43:05,199 INFO e14.session: primed Akamai session (thread 128941637691072): HTTP 200 cookies=['ak_bmsc', 'bm_sv']
2026-06-01 00:43:05,681 INFO e14.session: primed Akamai session (thread 128934054037184): HTTP 200 cookies=['ak_bmsc', 'bm_sv']
2026-06-01 00:43:06,750 INFO e14.session: primed Akamai session (thread 128938802144960): HTTP 200 cookies=['ak_bmsc', 'bm_sv']
2026-06-01 00:43:06,871 INFO e14.session: primed Akamai session (thread 128934171535040): HTTP 200 cookies=['ak_bmsc', 'bm_sv']
2026-06-01 00:43:07,620 INFO e14.session: primed Akamai session (thread 128934314211008): HTTP 200 cookies=['ak_bmsc', 'bm_sv']
2026-06-01 00:43:08,751 INFO e14.session: primed Akamai session (thread 128941394212544): HTTP 200 cookies=['ak_bmsc', 'bm_sv']
2026-06-01 00:43:09,350 INFO e14.session: primed Akamai session (thread 128940253361856): HTTP 200 cookies=['ak_bmsc', 'bm_sv']
2026-06-01 00:43:09,483 INFO e14.session: primed Akamai session (thread 128934154749632): HTTP 200 cookies=['ak_bmsc', 'bm_sv']
2026-06-01 00:43:09,663 INFO e14.session: primed Akamai session (thread 128937065707200): HTTP 200 cookies=['ak_bmsc', 'bm_sv']
2026-06-01 00:43:09,839 INFO e14.session: primed Akamai session (thread 128934003680960): HTTP 200 cookies=['ak_bmsc', 'bm_sv']
2026-06-01 00:43:09,855 INFO e14.session: primed Akamai session (thread 128937954875072): HTTP 200 cookies=['ak_bmsc', 'bm_sv']
2026-06-01 00:43:10,056 INFO e14.session: primed Akamai session (thread 128935455094464): HTTP 200 cookies=['ak_bmsc', 'bm_sv']
2026-06-01 00:43:10,454 INFO e14.session: primed Akamai session (thread 128934280640192): HTTP 200 cookies=['ak_bmsc', 'bm_sv']
2026-06-01 00:43:11,068 INFO e14.session: primed Akamai session (thread 128939188012736): HTTP 200 cookies=['ak_bmsc', 'bm_sv']
2026-06-01 00:43:11,771 INFO e14.session: primed Akamai session (thread 128935404738240): HTTP 200 cookies=['ak_bmsc', 'bm_sv']
2026-06-01 00:43:12,467 INFO e14.session: primed Akamai session (thread 128938516924096): HTTP 200 cookies=['ak_bmsc', 'bm_sv']
2026-06-01 00:43:13,023 INFO e14.session: primed Akamai session (thread 128940236576448): HTTP 200 cookies=['ak_bmsc', 'bm_sv']
2026-06-01 00:43:13,290 INFO e14.session: primed Akamai session (thread 128934020466368): HTTP 200 cookies=['ak_bmsc', 'bm_sv']
2026-06-01 00:43:14,521 INFO e14.session: primed Akamai session (thread 128938525316800): HTTP 200 cookies=['ak_bmsc', 'bm_sv']
2026-06-01 00:43:16,000 INFO e14.session: primed Akamai session (thread 128933877790400): HTTP 200 cookies=['ak_bmsc', 'bm_sv']
2026-06-01 00:43:16,448 INFO e14.session: primed Akamai session (thread 128939162834624): HTTP 200 cookies=['ak_bmsc', 'bm_sv']
2026-06-01 00:43:17,293 INFO e14.session: primed Akamai session (thread 128938810537664): HTTP 200 cookies=['ak_bmsc', 'bm_sv']
2026-06-01 00:43:17,962 INFO e14.session: primed Akamai session (thread 128933844219584): HTTP 200 cookies=['ak_bmsc', 'bm_sv']
2026-06-01 00:43:18,099 INFO e14.session: primed Akamai session (thread 128933902968512): HTTP 200 cookies=['ak_bmsc', 'bm_sv']
2026-06-01 00:43:19,692 INFO e14.session: primed Akamai session (thread 128934289032896): HTTP 200 cookies=['ak_bmsc', 'bm_sv']
2026-06-01 00:43:20,145 INFO e14.session: primed Akamai session (thread 128934297425600): HTTP 200 cookies=['ak_bmsc', 'bm_sv']
2026-06-01 00:43:20,432 INFO e14.session: primed Akamai session (thread 128937032136384): HTTP 200 cookies=['ak_bmsc', 'bm_sv']
2026-06-01 00:43:21,063 INFO e14.session: primed Akamai session (thread 128937980053184): HTTP 200 cookies=['ak_bmsc', 'bm_sv']
2026-06-01 00:43:22,120 INFO e14.session: primed Akamai session (thread 128939716490944): HTTP 200 cookies=['ak_bmsc', 'bm_sv']
2026-06-01 00:43:22,295 INFO e14.session: primed Akamai session (thread 128934867867328): HTTP 200 cookies=['ak_bmsc', 'bm_sv']
2026-06-01 00:43:22,336 INFO e14.session: primed Akamai session (thread 128934230283968): HTTP 200 cookies=['ak_bmsc', 'bm_sv']
2026-06-01 00:43:22,571 INFO e14.session: primed Akamai session (thread 128936528836288): HTTP 200 cookies=['ak_bmsc', 'bm_sv']
2026-06-01 00:43:23,339 INFO e14.session: primed Akamai session (thread 128933944932032): HTTP 200 cookies=['ak_bmsc', 'bm_sv']
2026-06-01 00:43:23,750 INFO e14.session: primed Akamai session (thread 128934876260032): HTTP 200 cookies=['ak_bmsc', 'bm_sv']
2026-06-01 00:43:25,064 INFO e14.session: primed Akamai session (thread 128938760181440): HTTP 200 cookies=['ak_bmsc', 'bm_sv']
2026-06-01 00:43:25,571 INFO e14.session: primed Akamai session (thread 128933936539328): HTTP 200 cookies=['ak_bmsc', 'bm_sv']
2026-06-01 00:43:25,573 INFO e14.session: primed Akamai session (thread 128934028859072): HTTP 200 cookies=['ak_bmsc', 'bm_sv']
2026-06-01 00:43:25,937 INFO e14.session: primed Akamai session (thread 128933919753920): HTTP 200 cookies=['ak_bmsc', 'bm_sv']
2026-06-01 00:43:26,156 INFO e14.session: primed Akamai session (thread 128936495265472): HTTP 200 cookies=['ak_bmsc', 'bm_sv']
2026-06-01 00:43:26,481 INFO e14.session: primed Akamai session (thread 128934901438144): HTTP 200 cookies=['ak_bmsc', 'bm_sv']
2026-06-01 00:43:26,699 INFO e14.session: primed Akamai session (thread 128940244969152): HTTP 200 cookies=['ak_bmsc', 'bm_sv']
2026-06-01 00:43:26,754 INFO e14.session: primed Akamai session (thread 128934372959936): HTTP 200 cookies=['ak_bmsc', 'bm_sv']
2026-06-01 00:43:27,236 INFO e14.session: primed Akamai session (thread 128934238676672): HTTP 200 cookies=['ak_bmsc', 'bm_sv']
2026-06-01 00:43:27,693 INFO e14.session: primed Akamai session (thread 128936503658176): HTTP 200 cookies=['ak_bmsc', 'bm_sv']
2026-06-01 00:43:27,789 INFO e14.session: primed Akamai session (thread 128933995288256): HTTP 200 cookies=['ak_bmsc', 'bm_sv']
2026-06-01 00:43:28,484 INFO e14.session: primed Akamai session (thread 128934045644480): HTTP 200 cookies=['ak_bmsc', 'bm_sv']
2026-06-01 00:43:28,584 INFO e14.session: primed Akamai session (thread 128934305818304): HTTP 200 cookies=['ak_bmsc', 'bm_sv']
2026-06-01 00:43:28,924 INFO e14.session: primed Akamai session (thread 128934339389120): HTTP 200 cookies=['ak_bmsc', 'bm_sv']
2026-06-01 00:43:29,782 INFO e14.session: primed Akamai session (thread 128934213498560): HTTP 200 cookies=['ak_bmsc', 'bm_sv']
2026-06-01 00:43:30,736 INFO e14.session: primed Akamai session (thread 128933928146624): HTTP 200 cookies=['ak_bmsc', 'bm_sv']
2026-06-01 00:43:31,207 INFO e14.session: primed Akamai session (thread 128934381352640): HTTP 200 cookies=['ak_bmsc', 'bm_sv']
2026-06-01 00:43:31,397 INFO e14.session: primed Akamai session (thread 128937963267776): HTTP 200 cookies=['ak_bmsc', 'bm_sv']
2026-06-01 00:43:31,545 INFO e14.session: primed Akamai session (thread 128935438309056): HTTP 200 cookies=['ak_bmsc', 'bm_sv']
2026-06-01 00:43:32,054 INFO e14.session: primed Akamai session (thread 128941427783360): HTTP 200 cookies=['ak_bmsc', 'bm_sv']
2026-06-01 00:43:32,445 INFO e14.session: primed Akamai session (thread 128941654476480): HTTP 200 cookies=['ak_bmsc', 'bm_sv']
2026-06-01 00:43:32,448 INFO e14.session: primed Akamai session (thread 128937015350976): HTTP 200 cookies=['ak_bmsc', 'bm_sv']
2026-06-01 00:43:33,008 INFO e14.session: primed Akamai session (thread 128934263854784): HTTP 200 cookies=['ak_bmsc', 'bm_sv']
2026-06-01 00:43:33,403 INFO e14.session: primed Akamai session (thread 128934356174528): HTTP 200 cookies=['ak_bmsc', 'bm_sv']
2026-06-01 00:43:33,523 INFO e14.session: primed Akamai session (thread 128933986895552): HTTP 200 cookies=['ak_bmsc', 'bm_sv']
2026-06-01 00:43:33,850 INFO e14.session: primed Akamai session (thread 128934221891264): HTTP 200 cookies=['ak_bmsc', 'bm_sv']
2026-06-01 00:43:33,866 INFO e14.session: primed Akamai session (thread 128933953324736): HTTP 200 cookies=['ak_bmsc', 'bm_sv']
2026-06-01 00:43:33,944 INFO e14.session: primed Akamai session (thread 128934347781824): HTTP 200 cookies=['ak_bmsc', 'bm_sv']
2026-06-01 00:43:34,508 INFO e14.session: primed Akamai session (thread 128938785359552): HTTP 200 cookies=['ak_bmsc', 'bm_sv']
2026-06-01 00:43:34,741 INFO e14.session: primed Akamai session (thread 128941402605248): HTTP 200 cookies=['ak_bmsc', 'bm_sv']
2026-06-01 00:43:35,349 INFO e14.session: primed Akamai session (thread 128939179620032): HTTP 200 cookies=['ak_bmsc', 'bm_sv']
2026-06-01 00:43:35,395 INFO e14.session: primed Akamai session (thread 128933961717440): HTTP 200 cookies=['ak_bmsc', 'bm_sv']
2026-06-01 00:43:36,637 INFO e14.session: primed Akamai session (thread 128934129571520): HTTP 200 cookies=['ak_bmsc', 'bm_sv']
2026-06-01 00:43:37,123 INFO e14.session: primed Akamai session (thread 128939741669056): HTTP 200 cookies=['ak_bmsc', 'bm_sv']
2026-06-01 00:43:37,684 INFO e14.session: primed Akamai session (thread 128934255462080): HTTP 200 cookies=['ak_bmsc', 'bm_sv']
2026-06-01 00:43:37,774 INFO e14.session: primed Akamai session (thread 128934079215296): HTTP 200 cookies=['ak_bmsc', 'bm_sv']
2026-06-01 00:43:37,807 INFO e14.session: primed Akamai session (thread 128937988445888): HTTP 200 cookies=['ak_bmsc', 'bm_sv']
2026-06-01 00:43:37,998 INFO e14.session: primed Akamai session (thread 128934364567232): HTTP 200 cookies=['ak_bmsc', 'bm_sv']
2026-06-01 00:43:38,201 INFO e14.session: primed Akamai session (thread 128940773447360): HTTP 200 cookies=['ak_bmsc', 'bm_sv']
2026-06-01 00:43:38,725 INFO e14.session: primed Akamai session (thread 128940790232768): HTTP 200 cookies=['ak_bmsc', 'bm_sv']
2026-06-01 00:43:38,817 INFO e14.session: primed Akamai session (thread 128935991965376): HTTP 200 cookies=['ak_bmsc', 'bm_sv']
2026-06-01 00:43:38,972 INFO e14.session: primed Akamai session (thread 128937023743680): HTTP 200 cookies=['ak_bmsc', 'bm_sv']
2026-06-01 00:43:39,069 INFO e14.session: primed Akamai session (thread 128934121178816): HTTP 200 cookies=['ak_bmsc', 'bm_sv']
2026-06-01 00:43:39,141 INFO e14.session: primed Akamai session (thread 128935983572672): HTTP 200 cookies=['ak_bmsc', 'bm_sv']
2026-06-01 00:43:39,395 INFO e14.session: primed Akamai session (thread 128933835826880): HTTP 200 cookies=['ak_bmsc', 'bm_sv']
2026-06-01 00:43:40,490 INFO e14.session: primed Akamai session (thread 128934918223552): HTTP 200 cookies=['ak_bmsc', 'bm_sv']
2026-06-01 00:43:40,999 INFO e14.session: primed Akamai session (thread 128939708098240): HTTP 200 cookies=['ak_bmsc', 'bm_sv']
2026-06-01 00:43:41,326 INFO e14.session: primed Akamai session (thread 128935958394560): HTTP 200 cookies=['ak_bmsc', 'bm_sv']
2026-06-01 00:43:41,510 INFO e14.session: primed Akamai session (thread 128934893045440): HTTP 200 cookies=['ak_bmsc', 'bm_sv']
2026-06-01 00:43:41,955 INFO e14.session: primed Akamai session (thread 128934247069376): HTTP 200 cookies=['ak_bmsc', 'bm_sv']
2026-06-01 00:43:42,072 INFO e14.session: primed Akamai session (thread 128936486872768): HTTP 200 cookies=['ak_bmsc', 'bm_sv']
2026-06-01 00:43:42,210 INFO e14.session: primed Akamai session (thread 128935413130944): HTTP 200 cookies=['ak_bmsc', 'bm_sv']
2026-06-01 00:43:42,226 INFO e14.session: primed Akamai session (thread 128939204798144): HTTP 200 cookies=['ak_bmsc', 'bm_sv']
2026-06-01 00:43:42,598 INFO e14.session: primed Akamai session (thread 128938491745984): HTTP 200 cookies=['ak_bmsc', 'bm_sv']
2026-06-01 00:43:44,429 INFO e14.session: primed Akamai session (thread 128937048921792): HTTP 200 cookies=['ak_bmsc', 'bm_sv']
2026-06-01 00:43:44,984 INFO e14.session: primed Akamai session (thread 128934909830848): HTTP 200 cookies=['ak_bmsc', 'bm_sv']
2026-06-01 00:43:45,199 INFO e14.session: primed Akamai session (thread 128933970110144): HTTP 200 cookies=['ak_bmsc', 'bm_sv']
2026-06-01 00:43:45,427 INFO e14.session: primed Akamai session (thread 128940807018176): HTTP 200 cookies=['ak_bmsc', 'bm_sv']
2026-06-01 00:43:45,698 INFO e14.session: primed Akamai session (thread 128934104393408): HTTP 200 cookies=['ak_bmsc', 'bm_sv']
2026-06-01 00:43:45,844 INFO e14.session: primed Akamai session (thread 128934070822592): HTTP 200 cookies=['ak_bmsc', 'bm_sv']
2026-06-01 00:43:45,890 INFO e14.session: primed Akamai session (thread 128938542102208): HTTP 200 cookies=['ak_bmsc', 'bm_sv']
2026-06-01 00:43:45,990 INFO e14.session: primed Akamai session (thread 128935429916352): HTTP 200 cookies=['ak_bmsc', 'bm_sv']
2026-06-01 00:43:46,156 INFO e14.session: primed Akamai session (thread 128934137964224): HTTP 200 cookies=['ak_bmsc', 'bm_sv']
2026-06-01 00:43:46,244 INFO e14.session: primed Akamai session (thread 128935446701760): HTTP 200 cookies=['ak_bmsc', 'bm_sv']
2026-06-01 00:43:46,365 INFO e14.session: primed Akamai session (thread 128933978502848): HTTP 200 cookies=['ak_bmsc', 'bm_sv']
2026-06-01 00:43:47,044 INFO e14.session: primed Akamai session (thread 128940270147264): HTTP 200 cookies=['ak_bmsc', 'bm_sv']
2026-06-01 00:43:47,195 INFO e14.session: primed Akamai session (thread 128937996838592): HTTP 200 cookies=['ak_bmsc', 'bm_sv']
2026-06-01 00:43:47,212 INFO e14.session: primed Akamai session (thread 128934087608000): HTTP 200 cookies=['ak_bmsc', 'bm_sv']
2026-06-01 00:43:47,314 INFO e14.session: primed Akamai session (thread 128933911361216): HTTP 200 cookies=['ak_bmsc', 'bm_sv']
2026-06-01 00:43:47,862 INFO e14.session: primed Akamai session (thread 128936478480064): HTTP 200 cookies=['ak_bmsc', 'bm_sv']
2026-06-01 00:43:48,537 INFO e14.session: primed Akamai session (thread 128940278539968): HTTP 200 cookies=['ak_bmsc', 'bm_sv']
2026-06-01 00:43:48,572 INFO e14.session: primed Akamai session (thread 128938508531392): HTTP 200 cookies=['ak_bmsc', 'bm_sv']
2026-06-01 00:43:49,245 INFO e14.session: primed Akamai session (thread 128941419390656): HTTP 200 cookies=['ak_bmsc', 'bm_sv']
2026-06-01 00:43:50,482 INFO e14.session: primed Akamai session (thread 128933886183104): HTTP 200 cookies=['ak_bmsc', 'bm_sv']
2026-06-01 00:43:50,652 INFO e14.session: primed Akamai session (thread 128934012073664): HTTP 200 cookies=['ak_bmsc', 'bm_sv']
2026-06-01 00:43:51,016 INFO e14.session: primed Akamai session (thread 128937971660480): HTTP 200 cookies=['ak_bmsc', 'bm_sv']
2026-06-01 00:43:51,017 INFO e14.session: primed Akamai session (thread 128934179927744): HTTP 200 cookies=['ak_bmsc', 'bm_sv']
2026-06-01 00:43:52,238 INFO e14.session: primed Akamai session (thread 128935975179968): HTTP 200 cookies=['ak_bmsc', 'bm_sv']
2026-06-01 00:43:52,930 INFO e14.session: primed Akamai session (thread 128939171227328): HTTP 200 cookies=['ak_bmsc', 'bm_sv']
2026-06-01 00:43:53,666 INFO e14.session: primed Akamai session (thread 128939724883648): HTTP 200 cookies=['ak_bmsc', 'bm_sv']
2026-06-01 00:43:53,796 INFO e14.session: primed Akamai session (thread 128939213190848): HTTP 200 cookies=['ak_bmsc', 'bm_sv']
2026-06-01 00:43:54,411 INFO e14.session: primed Akamai session (thread 128936512050880): HTTP 200 cookies=['ak_bmsc', 'bm_sv']
2026-06-01 00:43:54,729 INFO e14.session: primed Akamai session (thread 128933852612288): HTTP 200 cookies=['ak_bmsc', 'bm_sv']
2026-06-01 00:43:55,223 INFO e14.session: primed Akamai session (thread 128933894575808): HTTP 200 cookies=['ak_bmsc', 'bm_sv']
2026-06-01 00:43:55,332 INFO e14.session: primed Akamai session (thread 128934196713152): HTTP 200 cookies=['ak_bmsc', 'bm_sv']
2026-06-01 00:43:55,438 INFO e14.session: primed Akamai session (thread 128940815410880): HTTP 200 cookies=['ak_bmsc', 'bm_sv']
2026-06-01 00:43:55,762 INFO e14.session: primed Akamai session (thread 128936520443584): HTTP 200 cookies=['ak_bmsc', 'bm_sv']
2026-06-01 00:43:56,840 INFO e14.session: primed Akamai session (thread 128940798625472): HTTP 200 cookies=['ak_bmsc', 'bm_sv']
2026-06-01 00:43:57,336 INFO e14.session: primed Akamai session (thread 128939699705536): HTTP 200 cookies=['ak_bmsc', 'bm_sv']
2026-06-01 00:43:58,742 INFO e14.session: primed Akamai session (thread 128938768574144): HTTP 200 cookies=['ak_bmsc', 'bm_sv']
2026-06-01 00:43:58,952 INFO e14.session: primed Akamai session (thread 128934037251776): HTTP 200 cookies=['ak_bmsc', 'bm_sv']
2026-06-01 00:43:58,986 INFO e14.session: primed Akamai session (thread 128941646083776): HTTP 200 cookies=['ak_bmsc', 'bm_sv']
2026-06-01 00:43:58,992 INFO e14.session: primed Akamai session (thread 128934096000704): HTTP 200 cookies=['ak_bmsc', 'bm_sv']
2026-06-01 00:43:59,735 INFO e14.session: primed Akamai session (thread 128934188320448): HTTP 200 cookies=['ak_bmsc', 'bm_sv']
2026-06-01 00:43:59,951 INFO e14.session: primed Akamai session (thread 128938533709504): HTTP 200 cookies=['ak_bmsc', 'bm_sv']
2026-06-01 00:44:02,411 INFO e14.session: primed Akamai session (thread 128934062429888): HTTP 200 cookies=['ak_bmsc', 'bm_sv']
2026-06-01 00:44:02,628 INFO e14.session: primed Akamai session (thread 128934146356928): HTTP 200 cookies=['ak_bmsc', 'bm_sv']
2026-06-01 00:44:03,074 INFO e14.session: primed Akamai session (thread 128934112786112): HTTP 200 cookies=['ak_bmsc', 'bm_sv']
2026-06-01 00:44:04,414 INFO e14.session: primed Akamai session (thread 128939733276352): HTTP 200 cookies=['ak_bmsc', 'bm_sv']
2026-06-01 00:44:04,575 INFO e14.session: primed Akamai session (thread 128938500138688): HTTP 200 cookies=['ak_bmsc', 'bm_sv']
2026-06-01 00:44:05,261 INFO e14.session: primed Akamai session (thread 128933869397696): HTTP 200 cookies=['ak_bmsc', 'bm_sv']
2026-06-01 00:44:05,931 INFO e14.session: primed Akamai session (thread 128934272247488): HTTP 200 cookies=['ak_bmsc', 'bm_sv']
2026-06-01 00:44:06,371 INFO e14.session: primed Akamai session (thread 128940286932672): HTTP 200 cookies=['ak_bmsc', 'bm_sv']
2026-06-01 00:44:07,069 INFO e14.session: primed Akamai session (thread 128934322603712): HTTP 200 cookies=['ak_bmsc', 'bm_sv']
2026-06-01 00:44:07,391 INFO e14.session: primed Akamai session (thread 128937057314496): HTTP 200 cookies=['ak_bmsc', 'bm_sv']
2026-06-01 00:44:08,033 INFO e14.session: primed Akamai session (thread 128940781840064): HTTP 200 cookies=['ak_bmsc', 'bm_sv']
2026-06-01 00:44:09,024 INFO e14.session: primed Akamai session (thread 128934884652736): HTTP 200 cookies=['ak_bmsc', 'bm_sv']
2026-06-01 00:44:10,202 INFO e14.session: primed Akamai session (thread 128934330996416): HTTP 200 cookies=['ak_bmsc', 'bm_sv']
2026-06-01 00:44:10,584 INFO e14.session: primed Akamai session (thread 128938793752256): HTTP 200 cookies=['ak_bmsc', 'bm_sv']
2026-06-01 00:44:12,264 INFO e14.session: primed Akamai session (thread 128941385819840): HTTP 200 cookies=['ak_bmsc', 'bm_sv']
2026-06-01 00:44:13,545 INFO e14.session: primed Akamai session (thread 128934171535040): HTTP 200 cookies=['ak_bmsc', 'bm_sv']
2026-06-01 00:44:14,132 INFO e14.session: primed Akamai session (thread 128941410997952): HTTP 200 cookies=['ak_bmsc', 'bm_sv']
2026-06-01 00:44:15,275 INFO e14.session: primed Akamai session (thread 128937040529088): HTTP 200 cookies=['ak_bmsc', 'bm_sv']
2026-06-01 00:44:16,494 INFO e14.session: primed Akamai session (thread 128934314211008): HTTP 200 cookies=['ak_bmsc', 'bm_sv']
2026-06-01 00:44:17,115 INFO e14.session: primed Akamai session (thread 128935941609152): HTTP 200 cookies=['ak_bmsc', 'bm_sv']
2026-06-01 00:44:17,876 INFO e14.session: primed Akamai session (thread 128940253361856): HTTP 200 cookies=['ak_bmsc', 'bm_sv']
2026-06-01 00:44:17,883 INFO e14.session: primed Akamai session (thread 128934280640192): HTTP 200 cookies=['ak_bmsc', 'bm_sv']
2026-06-01 00:44:17,888 INFO e14.session: primed Akamai session (thread 128935455094464): HTTP 200 cookies=['ak_bmsc', 'bm_sv']
2026-06-01 00:44:18,267 INFO e14.session: primed Akamai session (thread 128937954875072): HTTP 200 cookies=['ak_bmsc', 'bm_sv']
2026-06-01 00:44:18,299 INFO e14.session: primed Akamai session (thread 128937065707200): HTTP 200 cookies=['ak_bmsc', 'bm_sv']
2026-06-01 00:44:18,442 INFO e14.session: primed Akamai session (thread 128935966787264): HTTP 200 cookies=['ak_bmsc', 'bm_sv']
2026-06-01 00:44:18,576 INFO e14.session: primed Akamai session (thread 128934003680960): HTTP 200 cookies=['ak_bmsc', 'bm_sv']
2026-06-01 00:44:20,135 INFO e14.session: primed Akamai session (thread 128934163142336): HTTP 200 cookies=['ak_bmsc', 'bm_sv']
2026-06-01 00:44:20,447 INFO e14.session: primed Akamai session (thread 128941394212544): HTTP 200 cookies=['ak_bmsc', 'bm_sv']
2026-06-01 00:44:20,825 INFO e14.session: primed Akamai session (thread 128934020466368): HTTP 200 cookies=['ak_bmsc', 'bm_sv']
2026-06-01 00:44:26,035 INFO e14.session: primed Akamai session (thread 128938525316800): HTTP 200 cookies=['ak_bmsc', 'bm_sv']
2026-06-01 00:44:26,937 INFO e14.session: primed Akamai session (thread 128938802144960): HTTP 200 cookies=['ak_bmsc', 'bm_sv']
2026-06-01 00:44:28,972 INFO e14.session: primed Akamai session (thread 128937980053184): HTTP 200 cookies=['ak_bmsc', 'bm_sv']
2026-06-01 00:44:29,334 INFO e14.session: primed Akamai session (thread 128933902968512): HTTP 200 cookies=['ak_bmsc', 'bm_sv']
2026-06-01 00:44:29,447 INFO e14.session: primed Akamai session (thread 128934867867328): HTTP 200 cookies=['ak_bmsc', 'bm_sv']
2026-06-01 00:44:30,031 INFO e14.session: primed Akamai session (thread 128934154749632): HTTP 200 cookies=['ak_bmsc', 'bm_sv']
2026-06-01 00:44:30,115 INFO e14.session: primed Akamai session (thread 128934297425600): HTTP 200 cookies=['ak_bmsc', 'bm_sv']
2026-06-01 00:44:30,949 INFO e14.session: primed Akamai session (thread 128933944932032): HTTP 200 cookies=['ak_bmsc', 'bm_sv']
2026-06-01 00:44:32,839 INFO e14.session: primed Akamai session (thread 128934901438144): HTTP 200 cookies=['ak_bmsc', 'bm_sv']
2026-06-01 00:44:32,911 INFO e14.session: primed Akamai session (thread 128934238676672): HTTP 200 cookies=['ak_bmsc', 'bm_sv']
2026-06-01 00:44:33,476 INFO e14.session: primed Akamai session (thread 128940236576448): HTTP 200 cookies=['ak_bmsc', 'bm_sv']
2026-06-01 00:44:34,118 INFO e14.session: primed Akamai session (thread 128934230283968): HTTP 200 cookies=['ak_bmsc', 'bm_sv']
2026-06-01 00:44:34,673 INFO e14.session: primed Akamai session (thread 128933877790400): HTTP 200 cookies=['ak_bmsc', 'bm_sv']
2026-06-01 00:44:34,807 INFO e14.session: primed Akamai session (thread 128939162834624): HTTP 200 cookies=['ak_bmsc', 'bm_sv']
2026-06-01 00:44:35,310 INFO e14.session: primed Akamai session (thread 128934876260032): HTTP 200 cookies=['ak_bmsc', 'bm_sv']
2026-06-01 00:44:36,274 INFO e14.session: primed Akamai session (thread 128933844219584): HTTP 200 cookies=['ak_bmsc', 'bm_sv']
2026-06-01 00:44:36,627 INFO e14.session: primed Akamai session (thread 128938760181440): HTTP 200 cookies=['ak_bmsc', 'bm_sv']
2026-06-01 00:44:37,474 INFO e14.session: primed Akamai session (thread 128936495265472): HTTP 200 cookies=['ak_bmsc', 'bm_sv']
2026-06-01 00:44:37,882 INFO e14.session: primed Akamai session (thread 128936528836288): HTTP 200 cookies=['ak_bmsc', 'bm_sv']
2026-06-01 00:44:37,926 INFO e14.session: primed Akamai session (thread 128934213498560): HTTP 200 cookies=['ak_bmsc', 'bm_sv']
2026-06-01 00:44:38,010 INFO e14.session: primed Akamai session (thread 128940244969152): HTTP 200 cookies=['ak_bmsc', 'bm_sv']
2026-06-01 00:44:38,057 INFO e14.session: primed Akamai session (thread 128933928146624): HTTP 200 cookies=['ak_bmsc', 'bm_sv']
2026-06-01 00:44:38,229 INFO e14.session: primed Akamai session (thread 128933936539328): HTTP 200 cookies=['ak_bmsc', 'bm_sv']
2026-06-01 00:44:38,355 INFO e14.session: primed Akamai session (thread 128933919753920): HTTP 200 cookies=['ak_bmsc', 'bm_sv']
2026-06-01 00:44:38,520 INFO e14.session: primed Akamai session (thread 128934381352640): HTTP 200 cookies=['ak_bmsc', 'bm_sv']
2026-06-01 00:44:38,774 INFO e14.session: primed Akamai session (thread 128934028859072): HTTP 200 cookies=['ak_bmsc', 'bm_sv']
2026-06-01 00:44:38,917 INFO e14.session: primed Akamai session (thread 128940823803584): HTTP 200 cookies=['ak_bmsc', 'bm_sv']
2026-06-01 00:44:38,953 INFO e14.session: primed Akamai session (thread 128941654476480): HTTP 200 cookies=['ak_bmsc', 'bm_sv']
2026-06-01 00:44:39,537 INFO e14.session: primed Akamai session (thread 128934289032896): HTTP 200 cookies=['ak_bmsc', 'bm_sv']
2026-06-01 00:44:39,697 INFO e14.session: primed Akamai session (thread 128934263854784): HTTP 200 cookies=['ak_bmsc', 'bm_sv']
2026-06-01 00:44:40,991 INFO e14.session: primed Akamai session (thread 128934347781824): HTTP 200 cookies=['ak_bmsc', 'bm_sv']
2026-06-01 00:44:41,004 INFO e14.session: primed Akamai session (thread 128934045644480): HTTP 200 cookies=['ak_bmsc', 'bm_sv']
2026-06-01 00:44:41,030 INFO e14.session: primed Akamai session (thread 128936503658176): HTTP 200 cookies=['ak_bmsc', 'bm_sv']
2026-06-01 00:44:41,062 INFO e14.session: primed Akamai session (thread 128934305818304): HTTP 200 cookies=['ak_bmsc', 'bm_sv']
2026-06-01 00:44:41,191 INFO e14.session: primed Akamai session (thread 128933861004992): HTTP 200 cookies=['ak_bmsc', 'bm_sv']
2026-06-01 00:44:41,262 INFO e14.session: primed Akamai session (thread 128934356174528): HTTP 200 cookies=['ak_bmsc', 'bm_sv']
2026-06-01 00:44:41,496 INFO e14.session: primed Akamai session (thread 128935438309056): HTTP 200 cookies=['ak_bmsc', 'bm_sv']
2026-06-01 00:44:41,688 INFO e14.session: primed Akamai session (thread 128933986895552): HTTP 200 cookies=['ak_bmsc', 'bm_sv']
2026-06-01 00:44:42,097 INFO e14.session: primed Akamai session (thread 128937015350976): HTTP 200 cookies=['ak_bmsc', 'bm_sv']
2026-06-01 00:44:43,118 INFO e14.session: primed Akamai session (thread 128933961717440): HTTP 200 cookies=['ak_bmsc', 'bm_sv']
2026-06-01 00:44:43,342 INFO e14.session: primed Akamai session (thread 128941427783360): HTTP 200 cookies=['ak_bmsc', 'bm_sv']
2026-06-01 00:44:43,478 INFO e14.session: primed Akamai session (thread 128941402605248): HTTP 200 cookies=['ak_bmsc', 'bm_sv']
2026-06-01 00:44:43,563 INFO e14.session: primed Akamai session (thread 128938785359552): HTTP 200 cookies=['ak_bmsc', 'bm_sv']
2026-06-01 00:44:44,073 INFO e14.session: primed Akamai session (thread 128934121178816): HTTP 200 cookies=['ak_bmsc', 'bm_sv']
2026-06-01 00:44:44,132 INFO e14.session: primed Akamai session (thread 128940790232768): HTTP 200 cookies=['ak_bmsc', 'bm_sv']
2026-06-01 00:44:44,264 INFO e14.session: primed Akamai session (thread 128937963267776): HTTP 200 cookies=['ak_bmsc', 'bm_sv']
2026-06-01 00:44:44,523 INFO e14.session: primed Akamai session (thread 128940773447360): HTTP 200 cookies=['ak_bmsc', 'bm_sv']
2026-06-01 00:44:44,551 INFO e14.session: primed Akamai session (thread 128934364567232): HTTP 200 cookies=['ak_bmsc', 'bm_sv']
2026-06-01 00:44:44,659 INFO e14.session: primed Akamai session (thread 128934079215296): HTTP 200 cookies=['ak_bmsc', 'bm_sv']
2026-06-01 00:44:44,679 INFO e14.session: primed Akamai session (thread 128934339389120): HTTP 200 cookies=['ak_bmsc', 'bm_sv']
2026-06-01 00:44:44,881 INFO e14.session: primed Akamai session (thread 128933953324736): HTTP 200 cookies=['ak_bmsc', 'bm_sv']
2026-06-01 00:44:44,924 INFO e14.session: primed Akamai session (thread 128934129571520): HTTP 200 cookies=['ak_bmsc', 'bm_sv']
2026-06-01 00:44:45,158 INFO e14.session: primed Akamai session (thread 128934247069376): HTTP 200 cookies=['ak_bmsc', 'bm_sv']
2026-06-01 00:44:45,786 INFO e14.session: primed Akamai session (thread 128939708098240): HTTP 200 cookies=['ak_bmsc', 'bm_sv']
2026-06-01 00:44:45,854 INFO e14.session: primed Akamai session (thread 128934221891264): HTTP 200 cookies=['ak_bmsc', 'bm_sv']
2026-06-01 00:44:45,922 INFO e14.session: primed Akamai session (thread 128937023743680): HTTP 200 cookies=['ak_bmsc', 'bm_sv']
2026-06-01 00:44:46,214 INFO e14.session: primed Akamai session (thread 128936486872768): HTTP 200 cookies=['ak_bmsc', 'bm_sv']
2026-06-01 00:44:47,365 INFO e14.session: primed Akamai session (thread 128933835826880): HTTP 200 cookies=['ak_bmsc', 'bm_sv']
2026-06-01 00:44:47,392 INFO e14.session: primed Akamai session (thread 128934918223552): HTTP 200 cookies=['ak_bmsc', 'bm_sv']
2026-06-01 00:44:47,402 INFO e14.session: primed Akamai session (thread 128934255462080): HTTP 200 cookies=['ak_bmsc', 'bm_sv']
2026-06-01 00:44:47,477 INFO e14.session: primed Akamai session (thread 128935991965376): HTTP 200 cookies=['ak_bmsc', 'bm_sv']
2026-06-01 00:44:47,709 INFO e14.session: primed Akamai session (thread 128935413130944): HTTP 200 cookies=['ak_bmsc', 'bm_sv']
2026-06-01 00:44:47,774 INFO e14.session: primed Akamai session (thread 128935958394560): HTTP 200 cookies=['ak_bmsc', 'bm_sv']
2026-06-01 00:44:47,839 INFO e14.session: primed Akamai session (thread 128935983572672): HTTP 200 cookies=['ak_bmsc', 'bm_sv']
2026-06-01 00:44:49,245 INFO e14.session: primed Akamai session (thread 128933970110144): HTTP 200 cookies=['ak_bmsc', 'bm_sv']
2026-06-01 00:44:49,351 INFO e14.session: primed Akamai session (thread 128939204798144): HTTP 200 cookies=['ak_bmsc', 'bm_sv']
2026-06-01 00:44:50,587 INFO e14.session: primed Akamai session (thread 128937048921792): HTTP 200 cookies=['ak_bmsc', 'bm_sv']
2026-06-01 00:44:50,647 INFO e14.session: primed Akamai session (thread 128933978502848): HTTP 200 cookies=['ak_bmsc', 'bm_sv']
2026-06-01 00:44:50,947 INFO e14.session: primed Akamai session (thread 128938491745984): HTTP 200 cookies=['ak_bmsc', 'bm_sv']
2026-06-01 00:44:51,234 INFO e14.session: primed Akamai session (thread 128935446701760): HTTP 200 cookies=['ak_bmsc', 'bm_sv']
2026-06-01 00:44:51,463 INFO e14.session: primed Akamai session (thread 128937996838592): HTTP 200 cookies=['ak_bmsc', 'bm_sv']
2026-06-01 00:44:51,472 INFO e14.session: primed Akamai session (thread 128933911361216): HTTP 200 cookies=['ak_bmsc', 'bm_sv']
2026-06-01 00:44:51,553 INFO e14.session: primed Akamai session (thread 128939196405440): HTTP 200 cookies=['ak_bmsc', 'bm_sv']
2026-06-01 00:44:51,862 INFO e14.session: primed Akamai session (thread 128940807018176): HTTP 200 cookies=['ak_bmsc', 'bm_sv']
2026-06-01 00:44:52,421 INFO e14.session: primed Akamai session (thread 128934070822592): HTTP 200 cookies=['ak_bmsc', 'bm_sv']
2026-06-01 00:44:52,806 INFO e14.session: primed Akamai session (thread 128937988445888): HTTP 200 cookies=['ak_bmsc', 'bm_sv']
2026-06-01 00:44:52,890 INFO e14.session: primed Akamai session (thread 128934137964224): HTTP 200 cookies=['ak_bmsc', 'bm_sv']
2026-06-01 00:44:53,143 INFO e14.session: primed Akamai session (thread 128934104393408): HTTP 200 cookies=['ak_bmsc', 'bm_sv']
2026-06-01 00:44:53,438 INFO e14.session: primed Akamai session (thread 128934909830848): HTTP 200 cookies=['ak_bmsc', 'bm_sv']
2026-06-01 00:44:53,661 INFO e14.session: primed Akamai session (thread 128935429916352): HTTP 200 cookies=['ak_bmsc', 'bm_sv']
2026-06-01 00:44:53,885 INFO e14.session: primed Akamai session (thread 128934087608000): HTTP 200 cookies=['ak_bmsc', 'bm_sv']
2026-06-01 00:44:54,839 INFO e14.session: primed Akamai session (thread 128940270147264): HTTP 200 cookies=['ak_bmsc', 'bm_sv']
2026-06-01 00:44:54,886 INFO e14.session: primed Akamai session (thread 128940278539968): HTTP 200 cookies=['ak_bmsc', 'bm_sv']
2026-06-01 00:44:55,585 INFO e14.session: primed Akamai session (thread 128938508531392): HTTP 200 cookies=['ak_bmsc', 'bm_sv']
2026-06-01 00:44:55,966 INFO e14.session: primed Akamai session (thread 128937971660480): HTTP 200 cookies=['ak_bmsc', 'bm_sv']
2026-06-01 00:44:58,789 INFO e14.session: primed Akamai session (thread 128933886183104): HTTP 200 cookies=['ak_bmsc', 'bm_sv']
2026-06-01 00:44:59,654 INFO e14.session: primed Akamai session (thread 128936512050880): HTTP 200 cookies=['ak_bmsc', 'bm_sv']
2026-06-01 00:44:59,757 INFO e14.session: primed Akamai session (thread 128934179927744): HTTP 200 cookies=['ak_bmsc', 'bm_sv']
2026-06-01 00:45:00,037 INFO e14.session: primed Akamai session (thread 128939171227328): HTTP 200 cookies=['ak_bmsc', 'bm_sv']
2026-06-01 00:45:01,079 INFO e14.session: primed Akamai session (thread 128941377427136): HTTP 200 cookies=['ak_bmsc', 'bm_sv']
2026-06-01 00:45:01,229 INFO e14.session: primed Akamai session (thread 128935975179968): HTTP 200 cookies=['ak_bmsc', 'bm_sv']
2026-06-01 00:45:01,312 INFO e14.session: primed Akamai session (thread 128940815410880): HTTP 200 cookies=['ak_bmsc', 'bm_sv']
2026-06-01 00:45:01,867 INFO e14.session: primed Akamai session (thread 128933894575808): HTTP 200 cookies=['ak_bmsc', 'bm_sv']
2026-06-01 00:45:01,892 INFO e14.session: primed Akamai session (thread 128936520443584): HTTP 200 cookies=['ak_bmsc', 'bm_sv']
2026-06-01 00:45:02,052 INFO e14.session: primed Akamai session (thread 128939213190848): HTTP 200 cookies=['ak_bmsc', 'bm_sv']
2026-06-01 00:45:02,561 INFO e14.session: primed Akamai session (thread 128936478480064): HTTP 200 cookies=['ak_bmsc', 'bm_sv']
2026-06-01 00:45:04,088 INFO e14.session: primed Akamai session (thread 128934196713152): HTTP 200 cookies=['ak_bmsc', 'bm_sv']
2026-06-01 00:45:04,196 INFO e14.session: primed Akamai session (thread 128934037251776): HTTP 200 cookies=['ak_bmsc', 'bm_sv']
2026-06-01 00:45:04,476 INFO e14.session: primed Akamai session (thread 128933852612288): HTTP 200 cookies=['ak_bmsc', 'bm_sv']
2026-06-01 00:45:04,748 INFO e14.session: primed Akamai session (thread 128941646083776): HTTP 200 cookies=['ak_bmsc', 'bm_sv']
2026-06-01 00:45:05,027 INFO e14.session: primed Akamai session (thread 128938768574144): HTTP 200 cookies=['ak_bmsc', 'bm_sv']
2026-06-01 00:45:05,327 INFO e14.session: primed Akamai session (thread 128938542102208): HTTP 200 cookies=['ak_bmsc', 'bm_sv']
2026-06-01 00:45:05,357 INFO e14.session: primed Akamai session (thread 128939724883648): HTTP 200 cookies=['ak_bmsc', 'bm_sv']
2026-06-01 00:45:06,106 INFO e14.session: primed Akamai session (thread 128934188320448): HTTP 200 cookies=['ak_bmsc', 'bm_sv']
2026-06-01 00:45:07,326 INFO e14.session: primed Akamai session (thread 128934112786112): HTTP 200 cookies=['ak_bmsc', 'bm_sv']
2026-06-01 00:45:09,404 INFO e14.session: primed Akamai session (thread 128934146356928): HTTP 200 cookies=['ak_bmsc', 'bm_sv']
2026-06-01 00:45:10,575 INFO e14.session: primed Akamai session (thread 128938810537664): HTTP 200 cookies=['ak_bmsc', 'bm_sv']
2026-06-01 00:45:11,955 INFO e14.session: primed Akamai session (thread 128940286932672): HTTP 200 cookies=['ak_bmsc', 'bm_sv']
2026-06-01 00:45:12,249 INFO e14.session: primed Akamai session (thread 128938533709504): HTTP 200 cookies=['ak_bmsc', 'bm_sv']
2026-06-01 00:45:13,019 INFO e14.session: primed Akamai session (thread 128934012073664): HTTP 200 cookies=['ak_bmsc', 'bm_sv']
2026-06-01 00:45:13,730 INFO e14.session: primed Akamai session (thread 128939733276352): HTTP 200 cookies=['ak_bmsc', 'bm_sv']
2026-06-01 00:45:16,657 INFO e14.session: primed Akamai session (thread 128941385819840): HTTP 200 cookies=['ak_bmsc', 'bm_sv']
2026-06-01 00:45:17,143 INFO e14.session: primed Akamai session (thread 128933869397696): HTTP 200 cookies=['ak_bmsc', 'bm_sv']
2026-06-01 00:45:18,827 INFO e14.session: primed Akamai session (thread 128941410997952): HTTP 200 cookies=['ak_bmsc', 'bm_sv']
2026-06-01 00:45:18,841 INFO e14.session: primed Akamai session (thread 128940781840064): HTTP 200 cookies=['ak_bmsc', 'bm_sv']
2026-06-01 00:45:19,801 INFO e14.session: primed Akamai session (thread 128937057314496): HTTP 200 cookies=['ak_bmsc', 'bm_sv']
2026-06-01 00:45:20,157 INFO e14.session: primed Akamai session (thread 128934272247488): HTTP 200 cookies=['ak_bmsc', 'bm_sv']
2026-06-01 00:45:20,707 INFO e14.session: primed Akamai session (thread 128937040529088): HTTP 200 cookies=['ak_bmsc', 'bm_sv']
2026-06-01 00:45:20,944 INFO e14.session: primed Akamai session (thread 128934322603712): HTTP 200 cookies=['ak_bmsc', 'bm_sv']
2026-06-01 00:45:22,341 INFO e14.session: primed Akamai session (thread 128934330996416): HTTP 200 cookies=['ak_bmsc', 'bm_sv']
2026-06-01 00:45:23,168 INFO e14.session: primed Akamai session (thread 128935941609152): HTTP 200 cookies=['ak_bmsc', 'bm_sv']
2026-06-01 00:45:23,909 INFO e14.session: primed Akamai session (thread 128938793752256): HTTP 200 cookies=['ak_bmsc', 'bm_sv']
2026-06-01 00:45:27,689 INFO e14.session: primed Akamai session (thread 128935966787264): HTTP 200 cookies=['ak_bmsc', 'bm_sv']
2026-06-01 00:45:30,435 INFO e14.session: primed Akamai session (thread 128935455094464): HTTP 200 cookies=['ak_bmsc', 'bm_sv']
2026-06-01 00:45:31,350 INFO e14.session: primed Akamai session (thread 128934314211008): HTTP 200 cookies=['ak_bmsc', 'bm_sv']
2026-06-01 00:45:31,657 INFO e14.session: primed Akamai session (thread 128937065707200): HTTP 200 cookies=['ak_bmsc', 'bm_sv']
2026-06-01 00:45:31,979 INFO e14.session: primed Akamai session (thread 128937954875072): HTTP 200 cookies=['ak_bmsc', 'bm_sv']
2026-06-01 00:45:34,435 INFO e14.session: primed Akamai session (thread 128941394212544): HTTP 200 cookies=['ak_bmsc', 'bm_sv']
2026-06-01 00:45:34,475 INFO e14.session: primed Akamai session (thread 128934003680960): HTTP 200 cookies=['ak_bmsc', 'bm_sv']
2026-06-01 00:45:35,088 INFO e14.session: primed Akamai session (thread 128939716490944): HTTP 200 cookies=['ak_bmsc', 'bm_sv']
2026-06-01 00:45:35,664 INFO e14.session: primed Akamai session (thread 128940253361856): HTTP 200 cookies=['ak_bmsc', 'bm_sv']
2026-06-01 00:45:37,002 INFO e14.session: primed Akamai session (thread 128934867867328): HTTP 200 cookies=['ak_bmsc', 'bm_sv']
2026-06-01 00:45:37,145 INFO e14.session: primed Akamai session (thread 128933877790400): HTTP 200 cookies=['ak_bmsc', 'bm_sv']
2026-06-01 00:45:37,474 INFO e14.session: primed Akamai session (thread 128937980053184): HTTP 200 cookies=['ak_bmsc', 'bm_sv']
2026-06-01 00:45:37,847 INFO e14.session: primed Akamai session (thread 128933944932032): HTTP 200 cookies=['ak_bmsc', 'bm_sv']
2026-06-01 00:45:40,969 INFO e14.session: primed Akamai session (thread 128934901438144): HTTP 200 cookies=['ak_bmsc', 'bm_sv']
2026-06-01 00:45:45,259 INFO e14.session: primed Akamai session (thread 128934238676672): HTTP 200 cookies=['ak_bmsc', 'bm_sv']
2026-06-01 00:45:47,264 INFO e14.session: primed Akamai session (thread 128935421523648): HTTP 200 cookies=['ak_bmsc', 'bm_sv']
2026-06-01 00:45:47,540 INFO e14.session: primed Akamai session (thread 128938516924096): HTTP 200 cookies=['ak_bmsc', 'bm_sv']
2026-06-01 00:45:47,654 INFO e14.session: primed Akamai session (thread 128935950001856): HTTP 200 cookies=['ak_bmsc', 'bm_sv']
2026-06-01 00:45:47,765 INFO e14.session: primed Akamai session (thread 128940823803584): HTTP 200 cookies=['ak_bmsc', 'bm_sv']
2026-06-01 00:45:48,041 INFO e14.session: primed Akamai session (thread 128934263854784): HTTP 200 cookies=['ak_bmsc', 'bm_sv']
2026-06-01 00:45:48,066 INFO e14.session: primed Akamai session (thread 128933861004992): HTTP 200 cookies=['ak_bmsc', 'bm_sv']
2026-06-01 00:45:48,815 INFO e14.session: primed Akamai session (thread 128933902968512): HTTP 200 cookies=['ak_bmsc', 'bm_sv']
2026-06-01 00:45:49,397 INFO e14.session: primed Akamai session (thread 128934381352640): HTTP 200 cookies=['ak_bmsc', 'bm_sv']
2026-06-01 00:45:49,633 INFO e14.session: primed Akamai session (thread 128934884652736): HTTP 200 cookies=['ak_bmsc', 'bm_sv']
2026-06-01 00:45:50,443 INFO e14.session: primed Akamai session (thread 128933961717440): HTTP 200 cookies=['ak_bmsc', 'bm_sv']
2026-06-01 00:45:51,477 INFO e14.session: primed Akamai session (thread 128934171535040): HTTP 200 cookies=['ak_bmsc', 'bm_sv']
2026-06-01 00:45:51,529 INFO e14.session: primed Akamai session (thread 128934213498560): HTTP 200 cookies=['ak_bmsc', 'bm_sv']
2026-06-01 00:45:51,834 INFO e14.session: primed Akamai session (thread 128934347781824): HTTP 200 cookies=['ak_bmsc', 'bm_sv']
2026-06-01 00:45:51,990 INFO e14.session: primed Akamai session (thread 128934356174528): HTTP 200 cookies=['ak_bmsc', 'bm_sv']
2026-06-01 00:45:52,241 INFO e14.session: primed Akamai session (thread 128941654476480): HTTP 200 cookies=['ak_bmsc', 'bm_sv']
2026-06-01 00:45:52,275 INFO e14.session: primed Akamai session (thread 128940790232768): HTTP 200 cookies=['ak_bmsc', 'bm_sv']
2026-06-01 00:45:52,300 INFO e14.session: primed Akamai session (thread 128937015350976): HTTP 200 cookies=['ak_bmsc', 'bm_sv']
2026-06-01 00:45:52,499 INFO e14.session: primed Akamai session (thread 128934247069376): HTTP 200 cookies=['ak_bmsc', 'bm_sv']
2026-06-01 00:45:52,630 INFO e14.session: primed Akamai session (thread 128939188012736): HTTP 200 cookies=['ak_bmsc', 'bm_sv']
2026-06-01 00:45:52,761 INFO e14.session: primed Akamai session (thread 128940773447360): HTTP 200 cookies=['ak_bmsc', 'bm_sv']
2026-06-01 00:45:52,874 INFO e14.session: primed Akamai session (thread 128935438309056): HTTP 200 cookies=['ak_bmsc', 'bm_sv']
2026-06-01 00:45:53,489 INFO e14.session: primed Akamai session (thread 128934230283968): HTTP 200 cookies=['ak_bmsc', 'bm_sv']
2026-06-01 00:45:53,526 INFO e14.session: primed Akamai session (thread 128934121178816): HTTP 200 cookies=['ak_bmsc', 'bm_sv']
2026-06-01 00:45:54,626 INFO e14.session: primed Akamai session (thread 128933986895552): HTTP 200 cookies=['ak_bmsc', 'bm_sv']
2026-06-01 00:45:54,877 INFO e14.session: primed Akamai session (thread 128934062429888): HTTP 200 cookies=['ak_bmsc', 'bm_sv']
2026-06-01 00:45:55,370 INFO e14.session: primed Akamai session (thread 128938785359552): HTTP 200 cookies=['ak_bmsc', 'bm_sv']
2026-06-01 00:45:55,706 INFO e14.session: primed Akamai session (thread 128940244969152): HTTP 200 cookies=['ak_bmsc', 'bm_sv']
2026-06-01 00:45:55,745 INFO e14.session: primed Akamai session (thread 128941402605248): HTTP 200 cookies=['ak_bmsc', 'bm_sv']
2026-06-01 00:45:55,812 INFO e14.session: primed Akamai session (thread 128939708098240): HTTP 200 cookies=['ak_bmsc', 'bm_sv']
2026-06-01 00:45:55,818 INFO e14.session: primed Akamai session (thread 128935413130944): HTTP 200 cookies=['ak_bmsc', 'bm_sv']
2026-06-01 00:45:55,858 INFO e14.session: primed Akamai session (thread 128934876260032): HTTP 200 cookies=['ak_bmsc', 'bm_sv']
2026-06-01 00:45:55,923 INFO e14.session: primed Akamai session (thread 128935991965376): HTTP 200 cookies=['ak_bmsc', 'bm_sv']
2026-06-01 00:45:55,950 INFO e14.session: primed Akamai session (thread 128936486872768): HTTP 200 cookies=['ak_bmsc', 'bm_sv']
2026-06-01 00:45:56,715 INFO e14.session: primed Akamai session (thread 128938760181440): HTTP 200 cookies=['ak_bmsc', 'bm_sv']
2026-06-01 00:45:56,814 INFO e14.session: primed Akamai session (thread 128939196405440): HTTP 200 cookies=['ak_bmsc', 'bm_sv']
2026-06-01 00:45:57,271 INFO e14.session: primed Akamai session (thread 128934221891264): HTTP 200 cookies=['ak_bmsc', 'bm_sv']
2026-06-01 00:45:57,284 INFO e14.session: primed Akamai session (thread 128934364567232): HTTP 200 cookies=['ak_bmsc', 'bm_sv']
2026-06-01 00:45:57,315 INFO e14.session: primed Akamai session (thread 128934079215296): HTTP 200 cookies=['ak_bmsc', 'bm_sv']
2026-06-01 00:45:57,466 INFO e14.session: primed Akamai session (thread 128936528836288): HTTP 200 cookies=['ak_bmsc', 'bm_sv']
2026-06-01 00:45:57,736 INFO e14.session: primed Akamai session (thread 128938491745984): HTTP 200 cookies=['ak_bmsc', 'bm_sv']
2026-06-01 00:45:58,172 INFO e14.session: primed Akamai session (thread 128935958394560): HTTP 200 cookies=['ak_bmsc', 'bm_sv']
2026-06-01 00:45:58,328 INFO e14.session: primed Akamai session (thread 128939204798144): HTTP 200 cookies=['ak_bmsc', 'bm_sv']
2026-06-01 00:45:58,568 INFO e14.session: primed Akamai session (thread 128933953324736): HTTP 200 cookies=['ak_bmsc', 'bm_sv']
2026-06-01 00:45:58,713 INFO e14.session: primed Akamai session (thread 128933978502848): HTTP 200 cookies=['ak_bmsc', 'bm_sv']
2026-06-01 00:45:58,738 INFO e14.session: primed Akamai session (thread 128937996838592): HTTP 200 cookies=['ak_bmsc', 'bm_sv']
2026-06-01 00:45:58,788 INFO e14.session: primed Akamai session (thread 128933936539328): HTTP 200 cookies=['ak_bmsc', 'bm_sv']
2026-06-01 00:45:58,859 INFO e14.session: primed Akamai session (thread 128937023743680): HTTP 200 cookies=['ak_bmsc', 'bm_sv']
2026-06-01 00:45:59,348 INFO e14.session: primed Akamai session (thread 128934028859072): HTTP 200 cookies=['ak_bmsc', 'bm_sv']
2026-06-01 00:45:59,704 INFO e14.session: primed Akamai session (thread 128933970110144): HTTP 200 cookies=['ak_bmsc', 'bm_sv']
2026-06-01 00:45:59,733 INFO e14.session: primed Akamai session (thread 128933844219584): HTTP 200 cookies=['ak_bmsc', 'bm_sv']
2026-06-01 00:45:59,838 INFO e14.session: primed Akamai session (thread 128937048921792): HTTP 200 cookies=['ak_bmsc', 'bm_sv']
2026-06-01 00:45:59,858 INFO e14.session: primed Akamai session (thread 128933919753920): HTTP 200 cookies=['ak_bmsc', 'bm_sv']
2026-06-01 00:45:59,878 INFO e14.session: primed Akamai session (thread 128934255462080): HTTP 200 cookies=['ak_bmsc', 'bm_sv']
2026-06-01 00:45:59,980 INFO e14.session: primed Akamai session (thread 128933835826880): HTTP 200 cookies=['ak_bmsc', 'bm_sv']
2026-06-01 00:46:00,084 INFO e14.session: primed Akamai session (thread 128934070822592): HTTP 200 cookies=['ak_bmsc', 'bm_sv']
2026-06-01 00:46:00,085 INFO e14.session: primed Akamai session (thread 128934918223552): HTTP 200 cookies=['ak_bmsc', 'bm_sv']
2026-06-01 00:46:00,099 INFO e14.session: primed Akamai session (thread 128934305818304): HTTP 200 cookies=['ak_bmsc', 'bm_sv']
2026-06-01 00:46:00,176 INFO e14.session: primed Akamai session (thread 128934104393408): HTTP 200 cookies=['ak_bmsc', 'bm_sv']
2026-06-01 00:46:00,353 INFO e14.session: primed Akamai session (thread 128940807018176): HTTP 200 cookies=['ak_bmsc', 'bm_sv']
2026-06-01 00:46:00,573 INFO e14.session: primed Akamai session (thread 128935446701760): HTTP 200 cookies=['ak_bmsc', 'bm_sv']
2026-06-01 00:46:00,761 INFO e14.session: primed Akamai session (thread 128934096000704): HTTP 200 cookies=['ak_bmsc', 'bm_sv']
2026-06-01 00:46:01,179 INFO e14.session: primed Akamai session (thread 128934045644480): HTTP 200 cookies=['ak_bmsc', 'bm_sv']
2026-06-01 00:46:01,407 INFO e14.session: primed Akamai session (thread 128935983572672): HTTP 200 cookies=['ak_bmsc', 'bm_sv']
2026-06-01 00:46:01,557 INFO e14.session: primed Akamai session (thread 128933911361216): HTTP 200 cookies=['ak_bmsc', 'bm_sv']
2026-06-01 00:46:01,861 INFO e14.session: primed Akamai session (thread 128934087608000): HTTP 200 cookies=['ak_bmsc', 'bm_sv']
2026-06-01 00:46:02,345 INFO e14.session: primed Akamai session (thread 128938508531392): HTTP 200 cookies=['ak_bmsc', 'bm_sv']
2026-06-01 00:46:02,376 INFO e14.session: primed Akamai session (thread 128934137964224): HTTP 200 cookies=['ak_bmsc', 'bm_sv']
2026-06-01 00:46:02,397 INFO e14.session: primed Akamai session (thread 128934909830848): HTTP 200 cookies=['ak_bmsc', 'bm_sv']
2026-06-01 00:46:02,768 INFO e14.session: primed Akamai session (thread 128936503658176): HTTP 200 cookies=['ak_bmsc', 'bm_sv']
2026-06-01 00:46:03,061 INFO e14.session: primed Akamai session (thread 128939741669056): HTTP 200 cookies=['ak_bmsc', 'bm_sv']
2026-06-01 00:46:03,252 INFO e14.session: primed Akamai session (thread 128937971660480): HTTP 200 cookies=['ak_bmsc', 'bm_sv']
2026-06-01 00:46:03,447 INFO e14.session: primed Akamai session (thread 128934339389120): HTTP 200 cookies=['ak_bmsc', 'bm_sv']
2026-06-01 00:46:04,344 INFO e14.session: primed Akamai session (thread 128937963267776): HTTP 200 cookies=['ak_bmsc', 'bm_sv']
2026-06-01 00:46:05,225 INFO e14.session: primed Akamai session (thread 128935429916352): HTTP 200 cookies=['ak_bmsc', 'bm_sv']
2026-06-01 00:46:05,914 INFO e14.session: primed Akamai session (thread 128939171227328): HTTP 200 cookies=['ak_bmsc', 'bm_sv']
2026-06-01 00:46:06,483 INFO e14.session: primed Akamai session (thread 128941427783360): HTTP 200 cookies=['ak_bmsc', 'bm_sv']
2026-06-01 00:46:06,859 INFO e14.session: primed Akamai session (thread 128940278539968): HTTP 200 cookies=['ak_bmsc', 'bm_sv']
2026-06-01 00:46:07,394 INFO e14.session: primed Akamai session (thread 128941377427136): HTTP 200 cookies=['ak_bmsc', 'bm_sv']
2026-06-01 00:46:08,189 INFO e14.session: primed Akamai session (thread 128940815410880): HTTP 200 cookies=['ak_bmsc', 'bm_sv']
2026-06-01 00:46:09,483 INFO e14.session: primed Akamai session (thread 128933894575808): HTTP 200 cookies=['ak_bmsc', 'bm_sv']
2026-06-01 00:46:09,822 INFO e14.session: primed Akamai session (thread 128939213190848): HTTP 200 cookies=['ak_bmsc', 'bm_sv']
2026-06-01 00:46:09,965 INFO e14.session: primed Akamai session (thread 128934893045440): HTTP 200 cookies=['ak_bmsc', 'bm_sv']
2026-06-01 00:46:10,052 INFO e14.session: primed Akamai session (thread 128936520443584): HTTP 200 cookies=['ak_bmsc', 'bm_sv']
2026-06-01 00:46:10,649 INFO e14.session: primed Akamai session (thread 128933886183104): HTTP 200 cookies=['ak_bmsc', 'bm_sv']
2026-06-01 00:46:12,698 INFO e14.session: primed Akamai session (thread 128934188320448): HTTP 200 cookies=['ak_bmsc', 'bm_sv']
2026-06-01 00:46:12,988 INFO e14.session: primed Akamai session (thread 128938768574144): HTTP 200 cookies=['ak_bmsc', 'bm_sv']
2026-06-01 00:46:13,155 INFO e14.session: primed Akamai session (thread 128941646083776): HTTP 200 cookies=['ak_bmsc', 'bm_sv']
2026-06-01 00:46:13,429 INFO e14.session: primed Akamai session (thread 128934196713152): HTTP 200 cookies=['ak_bmsc', 'bm_sv']
2026-06-01 00:46:13,934 INFO e14.session: primed Akamai session (thread 128934037251776): HTTP 200 cookies=['ak_bmsc', 'bm_sv']
2026-06-01 00:46:14,553 INFO e14.session: primed Akamai session (thread 128934112786112): HTTP 200 cookies=['ak_bmsc', 'bm_sv']
2026-06-01 00:46:14,640 INFO e14.session: primed Akamai session (thread 128934179927744): HTTP 200 cookies=['ak_bmsc', 'bm_sv']
2026-06-01 00:46:14,976 INFO e14.session: primed Akamai session (thread 128937032136384): HTTP 200 cookies=['ak_bmsc', 'bm_sv']
2026-06-01 00:46:14,993 INFO e14.session: primed Akamai session (thread 128937988445888): HTTP 200 cookies=['ak_bmsc', 'bm_sv']
2026-06-01 00:46:15,474 INFO e14.session: primed Akamai session (thread 128939162834624): HTTP 200 cookies=['ak_bmsc', 'bm_sv']
2026-06-01 00:46:16,212 INFO e14.session: primed Akamai session (thread 128935975179968): HTTP 200 cookies=['ak_bmsc', 'bm_sv']
2026-06-01 00:46:16,608 INFO e14.session: primed Akamai session (thread 128939724883648): HTTP 200 cookies=['ak_bmsc', 'bm_sv']
2026-06-01 00:46:16,882 INFO e14.session: primed Akamai session (thread 128934146356928): HTTP 200 cookies=['ak_bmsc', 'bm_sv']
2026-06-01 00:46:19,310 INFO e14.session: primed Akamai session (thread 128940286932672): HTTP 200 cookies=['ak_bmsc', 'bm_sv']
2026-06-01 00:46:20,336 INFO e14.session: primed Akamai session (thread 128935404738240): HTTP 200 cookies=['ak_bmsc', 'bm_sv']
2026-06-01 00:46:20,948 INFO e14.session: primed Akamai session (thread 128939733276352): HTTP 200 cookies=['ak_bmsc', 'bm_sv']
2026-06-01 00:46:21,311 INFO e14.session: primed Akamai session (thread 128934289032896): HTTP 200 cookies=['ak_bmsc', 'bm_sv']
2026-06-01 00:46:24,327 INFO e14.session: primed Akamai session (thread 128936478480064): HTTP 200 cookies=['ak_bmsc', 'bm_sv']
2026-06-01 00:46:24,525 INFO e14.session: primed Akamai session (thread 128941385819840): HTTP 200 cookies=['ak_bmsc', 'bm_sv']
2026-06-01 00:46:24,766 INFO e14.session: primed Akamai session (thread 128934020466368): HTTP 200 cookies=['ak_bmsc', 'bm_sv']
2026-06-01 00:46:26,651 INFO e14.session: primed Akamai session (thread 128934372959936): HTTP 200 cookies=['ak_bmsc', 'bm_sv']
2026-06-01 00:46:26,721 INFO e14.session: primed Akamai session (thread 128934012073664): HTTP 200 cookies=['ak_bmsc', 'bm_sv']
2026-06-01 00:46:27,202 INFO e14.session: primed Akamai session (thread 128938500138688): HTTP 200 cookies=['ak_bmsc', 'bm_sv']
2026-06-01 00:46:28,460 INFO e14.session: primed Akamai session (thread 128938802144960): HTTP 200 cookies=['ak_bmsc', 'bm_sv']
2026-06-01 00:46:28,715 INFO e14.session: primed Akamai session (thread 128937040529088): HTTP 200 cookies=['ak_bmsc', 'bm_sv']
2026-06-01 00:46:29,290 INFO e14.session: primed Akamai session (thread 128941410997952): HTTP 200 cookies=['ak_bmsc', 'bm_sv']
2026-06-01 00:46:32,057 INFO e14.session: primed Akamai session (thread 128935941609152): HTTP 200 cookies=['ak_bmsc', 'bm_sv']
2026-06-01 00:46:33,906 INFO e14.session: primed Akamai session (thread 128938005231296): HTTP 200 cookies=['ak_bmsc', 'bm_sv']
2026-06-01 00:46:35,100 INFO e14.session: primed Akamai session (thread 128935966787264): HTTP 200 cookies=['ak_bmsc', 'bm_sv']
2026-06-01 00:46:37,121 INFO e14.session: primed Akamai session (thread 128933869397696): HTTP 200 cookies=['ak_bmsc', 'bm_sv']
2026-06-01 00:46:38,681 INFO e14.session: primed Akamai session (thread 128938533709504): HTTP 200 cookies=['ak_bmsc', 'bm_sv']
2026-06-01 00:46:39,095 INFO e14.session: primed Akamai session (thread 128941637691072): HTTP 200 cookies=['ak_bmsc', 'bm_sv']
2026-06-01 00:46:40,038 INFO e14.session: primed Akamai session (thread 128934322603712): HTTP 200 cookies=['ak_bmsc', 'bm_sv']
2026-06-01 00:46:40,561 INFO e14.session: primed Akamai session (thread 128937057314496): HTTP 200 cookies=['ak_bmsc', 'bm_sv']
2026-06-01 00:46:40,764 INFO e14.session: primed Akamai session (thread 128934330996416): HTTP 200 cookies=['ak_bmsc', 'bm_sv']
2026-06-01 00:46:42,132 INFO e14.session: primed Akamai session (thread 128933877790400): HTTP 200 cookies=['ak_bmsc', 'bm_sv']
2026-06-01 00:46:42,639 INFO e14.session: primed Akamai session (thread 128939716490944): HTTP 200 cookies=['ak_bmsc', 'bm_sv']
2026-06-01 00:46:43,422 INFO e14.session: primed Akamai session (thread 128938793752256): HTTP 200 cookies=['ak_bmsc', 'bm_sv']
2026-06-01 00:46:43,527 INFO e14.session: primed Akamai session (thread 128934272247488): HTTP 200 cookies=['ak_bmsc', 'bm_sv']
2026-06-01 00:46:47,407 INFO e14.session: primed Akamai session (thread 128934867867328): HTTP 200 cookies=['ak_bmsc', 'bm_sv']
2026-06-01 00:46:50,266 INFO e14.session: primed Akamai session (thread 128933944932032): HTTP 200 cookies=['ak_bmsc', 'bm_sv']
2026-06-01 00:46:50,312 INFO e14.session: primed Akamai session (thread 128934901438144): HTTP 200 cookies=['ak_bmsc', 'bm_sv']
2026-06-01 00:46:50,843 INFO e14.session: primed Akamai session (thread 128935455094464): HTTP 200 cookies=['ak_bmsc', 'bm_sv']
2026-06-01 00:46:50,934 INFO e14.session: primed Akamai session (thread 128934314211008): HTTP 200 cookies=['ak_bmsc', 'bm_sv']
2026-06-01 00:46:51,907 INFO e14.session: primed Akamai session (thread 128937954875072): HTTP 200 cookies=['ak_bmsc', 'bm_sv']
2026-06-01 00:46:53,631 INFO e14.session: primed Akamai session (thread 128935950001856): HTTP 200 cookies=['ak_bmsc', 'bm_sv']
2026-06-01 00:46:54,018 INFO e14.session: primed Akamai session (thread 128937065707200): HTTP 200 cookies=['ak_bmsc', 'bm_sv']
2026-06-01 00:46:54,670 INFO e14.session: primed Akamai session (thread 128935421523648): HTTP 200 cookies=['ak_bmsc', 'bm_sv']
2026-06-01 00:46:55,827 INFO e14.session: primed Akamai session (thread 128941394212544): HTTP 200 cookies=['ak_bmsc', 'bm_sv']
2026-06-01 00:46:55,952 INFO e14.session: primed Akamai session (thread 128940253361856): HTTP 200 cookies=['ak_bmsc', 'bm_sv']
2026-06-01 00:46:56,197 INFO e14.session: primed Akamai session (thread 128940823803584): HTTP 200 cookies=['ak_bmsc', 'bm_sv']
2026-06-01 00:46:56,209 INFO e14.session: primed Akamai session (thread 128933861004992): HTTP 200 cookies=['ak_bmsc', 'bm_sv']
2026-06-01 00:46:57,292 INFO e14.session: primed Akamai session (thread 128934003680960): HTTP 200 cookies=['ak_bmsc', 'bm_sv']
2026-06-01 00:46:57,306 INFO e14.session: primed Akamai session (thread 128934238676672): HTTP 200 cookies=['ak_bmsc', 'bm_sv']
2026-06-01 00:46:57,534 INFO e14.session: primed Akamai session (thread 128934884652736): HTTP 200 cookies=['ak_bmsc', 'bm_sv']
2026-06-01 00:46:58,003 INFO e14.session: primed Akamai session (thread 128938516924096): HTTP 200 cookies=['ak_bmsc', 'bm_sv']
2026-06-01 00:46:58,512 INFO e14.session: primed Akamai session (thread 128934171535040): HTTP 200 cookies=['ak_bmsc', 'bm_sv']
2026-06-01 00:47:02,163 INFO e14.session: primed Akamai session (thread 128934381352640): HTTP 200 cookies=['ak_bmsc', 'bm_sv']
2026-06-01 00:47:02,715 INFO e14.session: primed Akamai session (thread 128933961717440): HTTP 200 cookies=['ak_bmsc', 'bm_sv']
2026-06-01 00:47:03,087 INFO e14.session: primed Akamai session (thread 128934045644480): HTTP 200 cookies=['ak_bmsc', 'bm_sv']
2026-06-01 00:47:03,373 INFO e14.session: primed Akamai session (thread 128934062429888): HTTP 200 cookies=['ak_bmsc', 'bm_sv']
2026-06-01 00:47:04,004 INFO e14.session: primed Akamai session (thread 128940790232768): HTTP 200 cookies=['ak_bmsc', 'bm_sv']
2026-06-01 00:47:04,330 INFO e14.session: primed Akamai session (thread 128934247069376): HTTP 200 cookies=['ak_bmsc', 'bm_sv']
2026-06-01 00:47:04,377 INFO e14.session: primed Akamai session (thread 128934121178816): HTTP 200 cookies=['ak_bmsc', 'bm_sv']
2026-06-01 00:47:04,991 INFO e14.session: primed Akamai session (thread 128940773447360): HTTP 200 cookies=['ak_bmsc', 'bm_sv']
2026-06-01 00:47:05,824 INFO e14.session: primed Akamai session (thread 128939196405440): HTTP 200 cookies=['ak_bmsc', 'bm_sv']
2026-06-01 00:47:06,470 INFO e14.session: primed Akamai session (thread 128938810537664): HTTP 200 cookies=['ak_bmsc', 'bm_sv']
2026-06-01 00:47:07,509 INFO e14.session: primed Akamai session (thread 128936486872768): HTTP 200 cookies=['ak_bmsc', 'bm_sv']
2026-06-01 00:47:08,517 INFO e14.session: primed Akamai session (thread 128934230283968): HTTP 200 cookies=['ak_bmsc', 'bm_sv']
2026-06-01 00:47:08,646 INFO e14.session: primed Akamai session (thread 128939708098240): HTTP 200 cookies=['ak_bmsc', 'bm_sv']
2026-06-01 00:47:08,717 INFO e14.session: primed Akamai session (thread 128935991965376): HTTP 200 cookies=['ak_bmsc', 'bm_sv']
2026-06-01 00:47:09,502 INFO e14.session: primed Akamai session (thread 128933902968512): HTTP 200 cookies=['ak_bmsc', 'bm_sv']
2026-06-01 00:47:09,547 INFO e14.session: primed Akamai session (thread 128934280640192): HTTP 200 cookies=['ak_bmsc', 'bm_sv']
2026-06-01 00:47:09,610 INFO e14.session: primed Akamai session (thread 128935413130944): HTTP 200 cookies=['ak_bmsc', 'bm_sv']
2026-06-01 00:47:09,807 INFO e14.session: primed Akamai session (thread 128939204798144): HTTP 200 cookies=['ak_bmsc', 'bm_sv']
2026-06-01 00:47:10,100 INFO e14.session: primed Akamai session (thread 128933978502848): HTTP 200 cookies=['ak_bmsc', 'bm_sv']
2026-06-01 00:47:10,153 INFO e14.session: primed Akamai session (thread 128934356174528): HTTP 200 cookies=['ak_bmsc', 'bm_sv']
2026-06-01 00:47:10,457 INFO e14.session: primed Akamai session (thread 128937015350976): HTTP 200 cookies=['ak_bmsc', 'bm_sv']
2026-06-01 00:47:10,859 INFO e14.session: primed Akamai session (thread 128933844219584): HTTP 200 cookies=['ak_bmsc', 'bm_sv']
2026-06-01 00:47:11,044 INFO e14.session: primed Akamai session (thread 128935958394560): HTTP 200 cookies=['ak_bmsc', 'bm_sv']
2026-06-01 00:47:11,054 INFO e14.session: primed Akamai session (thread 128934070822592): HTTP 200 cookies=['ak_bmsc', 'bm_sv']
2026-06-01 00:47:11,058 INFO e14.session: primed Akamai session (thread 128941654476480): HTTP 200 cookies=['ak_bmsc', 'bm_sv']
2026-06-01 00:47:11,139 INFO e14.session: primed Akamai session (thread 128935446701760): HTTP 200 cookies=['ak_bmsc', 'bm_sv']
2026-06-01 00:47:11,292 INFO e14.session: primed Akamai session (thread 128938491745984): HTTP 200 cookies=['ak_bmsc', 'bm_sv']
2026-06-01 00:47:11,306 INFO e14.session: primed Akamai session (thread 128940807018176): HTTP 200 cookies=['ak_bmsc', 'bm_sv']
2026-06-01 00:47:11,380 INFO e14.session: primed Akamai session (thread 128938776966848): HTTP 200 cookies=['ak_bmsc', 'bm_sv']
2026-06-01 00:47:11,516 INFO e14.session: primed Akamai session (thread 128934205105856): HTTP 200 cookies=['ak_bmsc', 'bm_sv']
2026-06-01 00:47:11,640 INFO e14.session: primed Akamai session (thread 128933970110144): HTTP 200 cookies=['ak_bmsc', 'bm_sv']
2026-06-01 00:47:12,102 INFO e14.session: primed Akamai session (thread 128937996838592): HTTP 200 cookies=['ak_bmsc', 'bm_sv']
2026-06-01 00:47:12,206 INFO e14.session: primed Akamai session (thread 128940236576448): HTTP 200 cookies=['ak_bmsc', 'bm_sv']
2026-06-01 00:47:12,384 INFO e14.session: primed Akamai session (thread 128934347781824): HTTP 200 cookies=['ak_bmsc', 'bm_sv']
2026-06-01 00:47:12,431 INFO e14.session: primed Akamai session (thread 128934104393408): HTTP 200 cookies=['ak_bmsc', 'bm_sv']
2026-06-01 00:47:12,432 INFO e14.session: primed Akamai session (thread 128934213498560): HTTP 200 cookies=['ak_bmsc', 'bm_sv']
2026-06-01 00:47:13,316 INFO e14.session: primed Akamai session (thread 128933911361216): HTTP 200 cookies=['ak_bmsc', 'bm_sv']
2026-06-01 00:47:13,482 INFO e14.session: primed Akamai session (thread 128937048921792): HTTP 200 cookies=['ak_bmsc', 'bm_sv']
2026-06-01 00:47:13,505 INFO e14.session: primed Akamai session (thread 128937971660480): HTTP 200 cookies=['ak_bmsc', 'bm_sv']
2026-06-01 00:47:13,794 INFO e14.session: primed Akamai session (thread 128941377427136): HTTP 200 cookies=['ak_bmsc', 'bm_sv']
2026-06-01 00:47:14,295 INFO e14.session: primed Akamai session (thread 128938508531392): HTTP 200 cookies=['ak_bmsc', 'bm_sv']
2026-06-01 00:47:14,457 INFO e14.session: primed Akamai session (thread 128934087608000): HTTP 200 cookies=['ak_bmsc', 'bm_sv']
2026-06-01 00:47:14,720 INFO e14.session: primed Akamai session (thread 128934137964224): HTTP 200 cookies=['ak_bmsc', 'bm_sv']
2026-06-01 00:47:14,771 INFO e14.session: primed Akamai session (thread 128934909830848): HTTP 200 cookies=['ak_bmsc', 'bm_sv']
2026-06-01 00:47:15,055 INFO e14.session: primed Akamai session (thread 128933986895552): HTTP 200 cookies=['ak_bmsc', 'bm_sv']
2026-06-01 00:47:15,261 INFO e14.session: primed Akamai session (thread 128934221891264): HTTP 200 cookies=['ak_bmsc', 'bm_sv']
2026-06-01 00:47:15,812 INFO e14.session: primed Akamai session (thread 128938785359552): HTTP 200 cookies=['ak_bmsc', 'bm_sv']
2026-06-01 00:47:16,225 INFO e14.session: primed Akamai session (thread 128934364567232): HTTP 200 cookies=['ak_bmsc', 'bm_sv']
2026-06-01 00:47:16,410 INFO e14.session: primed Akamai session (thread 128934129571520): HTTP 200 cookies=['ak_bmsc', 'bm_sv']
2026-06-01 00:47:16,507 INFO e14.session: primed Akamai session (thread 128934079215296): HTTP 200 cookies=['ak_bmsc', 'bm_sv']
2026-06-01 00:47:16,976 INFO e14.session: primed Akamai session (thread 128941402605248): HTTP 200 cookies=['ak_bmsc', 'bm_sv']
2026-06-01 00:47:17,063 INFO e14.session: primed Akamai session (thread 128933953324736): HTTP 200 cookies=['ak_bmsc', 'bm_sv']
2026-06-01 00:47:18,809 INFO e14.session: primed Akamai session (thread 128940815410880): HTTP 200 cookies=['ak_bmsc', 'bm_sv']
2026-06-01 00:47:18,917 INFO e14.session: primed Akamai session (thread 128937032136384): HTTP 200 cookies=['ak_bmsc', 'bm_sv']
2026-06-01 00:47:19,075 INFO e14.session: primed Akamai session (thread 128939171227328): HTTP 200 cookies=['ak_bmsc', 'bm_sv']
2026-06-01 00:47:19,672 INFO e14.session: primed Akamai session (thread 128936520443584): HTTP 200 cookies=['ak_bmsc', 'bm_sv']
2026-06-01 00:47:20,205 INFO e14.session: primed Akamai session (thread 128934255462080): HTTP 200 cookies=['ak_bmsc', 'bm_sv']
2026-06-01 00:47:20,210 INFO e14.session: primed Akamai session (thread 128939162834624): HTTP 200 cookies=['ak_bmsc', 'bm_sv']
2026-06-01 00:47:20,527 INFO e14.session: primed Akamai session (thread 128939213190848): HTTP 200 cookies=['ak_bmsc', 'bm_sv']
2026-06-01 00:47:20,591 INFO e14.session: primed Akamai session (thread 128937023743680): HTTP 200 cookies=['ak_bmsc', 'bm_sv']
2026-06-01 00:47:20,670 INFO e14.session: primed Akamai session (thread 128933894575808): HTTP 200 cookies=['ak_bmsc', 'bm_sv']
2026-06-01 00:47:20,713 INFO e14.session: primed Akamai session (thread 128941427783360): HTTP 200 cookies=['ak_bmsc', 'bm_sv']
2026-06-01 00:47:20,752 INFO e14.session: primed Akamai session (thread 128934918223552): HTTP 200 cookies=['ak_bmsc', 'bm_sv']
2026-06-01 00:47:21,146 INFO e14.session: primed Akamai session (thread 128935983572672): HTTP 200 cookies=['ak_bmsc', 'bm_sv']
2026-06-01 00:47:21,551 INFO e14.session: primed Akamai session (thread 128937988445888): HTTP 200 cookies=['ak_bmsc', 'bm_sv']
2026-06-01 00:47:22,468 INFO e14.session: primed Akamai session (thread 128938760181440): HTTP 200 cookies=['ak_bmsc', 'bm_sv']
2026-06-01 00:47:23,238 INFO e14.session: primed Akamai session (thread 128936512050880): HTTP 200 cookies=['ak_bmsc', 'bm_sv']
2026-06-01 00:47:23,816 INFO e14.session: primed Akamai session (thread 128935429916352): HTTP 200 cookies=['ak_bmsc', 'bm_sv']
2026-06-01 00:47:23,974 INFO e14.session: primed Akamai session (thread 128934188320448): HTTP 200 cookies=['ak_bmsc', 'bm_sv']
2026-06-01 00:47:24,095 INFO e14.session: primed Akamai session (thread 128938768574144): HTTP 200 cookies=['ak_bmsc', 'bm_sv']
2026-06-01 00:47:24,240 INFO e14.session: primed Akamai session (thread 128934196713152): HTTP 200 cookies=['ak_bmsc', 'bm_sv']
2026-06-01 00:47:24,612 INFO e14.session: primed Akamai session (thread 128941646083776): HTTP 200 cookies=['ak_bmsc', 'bm_sv']
2026-06-01 00:47:24,833 INFO e14.session: primed Akamai session (thread 128934054037184): HTTP 200 cookies=['ak_bmsc', 'bm_sv']
2026-06-01 00:47:25,040 INFO e14.session: primed Akamai session (thread 128934289032896): HTTP 200 cookies=['ak_bmsc', 'bm_sv']
2026-06-01 00:47:25,259 INFO e14.session: primed Akamai session (thread 128934112786112): HTTP 200 cookies=['ak_bmsc', 'bm_sv']
2026-06-01 00:47:25,746 INFO e14.session: primed Akamai session (thread 128940278539968): HTTP 200 cookies=['ak_bmsc', 'bm_sv']
2026-06-01 00:47:25,893 INFO e14.session: primed Akamai session (thread 128934037251776): HTTP 200 cookies=['ak_bmsc', 'bm_sv']
2026-06-01 00:47:27,597 INFO e14.session: primed Akamai session (thread 128934146356928): HTTP 200 cookies=['ak_bmsc', 'bm_sv']
2026-06-01 00:47:29,858 INFO e14.session: primed Akamai session (thread 128933995288256): HTTP 200 cookies=['ak_bmsc', 'bm_sv']
2026-06-01 00:47:30,124 INFO e14.session: primed Akamai session (thread 128940286932672): HTTP 200 cookies=['ak_bmsc', 'bm_sv']
2026-06-01 00:47:30,557 INFO e14.session: primed Akamai session (thread 128939733276352): HTTP 200 cookies=['ak_bmsc', 'bm_sv']
2026-06-01 00:47:30,669 INFO e14.session: primed Akamai session (thread 128933886183104): HTTP 200 cookies=['ak_bmsc', 'bm_sv']
2026-06-01 00:47:31,545 INFO e14.session: primed Akamai session (thread 128938500138688): HTTP 200 cookies=['ak_bmsc', 'bm_sv']
2026-06-01 00:47:31,627 INFO e14.session: primed Akamai session (thread 128934012073664): HTTP 200 cookies=['ak_bmsc', 'bm_sv']
2026-06-01 00:47:33,145 INFO e14.session: primed Akamai session (thread 128935975179968): HTTP 200 cookies=['ak_bmsc', 'bm_sv']
2026-06-01 00:47:34,514 INFO e14.session: primed Akamai session (thread 128938802144960): HTTP 200 cookies=['ak_bmsc', 'bm_sv']
2026-06-01 00:47:35,106 INFO e14.session: primed Akamai session (thread 128941385819840): HTTP 200 cookies=['ak_bmsc', 'bm_sv']
2026-06-01 00:47:35,327 INFO e14.session: primed Akamai session (thread 128939724883648): HTTP 200 cookies=['ak_bmsc', 'bm_sv']
2026-06-01 00:47:39,860 INFO e14.session: primed Akamai session (thread 128937040529088): HTTP 200 cookies=['ak_bmsc', 'bm_sv']
2026-06-01 00:47:40,206 INFO e14.session: primed Akamai session (thread 128941410997952): HTTP 200 cookies=['ak_bmsc', 'bm_sv']
2026-06-01 00:47:41,706 INFO e14.session: primed Akamai session (thread 128935941609152): HTTP 200 cookies=['ak_bmsc', 'bm_sv']
2026-06-01 00:47:46,105 INFO e14.session: primed Akamai session (thread 128935966787264): HTTP 200 cookies=['ak_bmsc', 'bm_sv']
2026-06-01 00:47:49,040 INFO e14.session: primed Akamai session (thread 128933877790400): HTTP 200 cookies=['ak_bmsc', 'bm_sv']
2026-06-01 00:47:49,237 INFO e14.session: primed Akamai session (thread 128939716490944): HTTP 200 cookies=['ak_bmsc', 'bm_sv']
2026-06-01 00:48:01,845 INFO e14.session: primed Akamai session (thread 128935421523648): HTTP 200 cookies=['ak_bmsc', 'bm_sv']
2026-06-01 00:48:03,265 INFO e14.session: primed Akamai session (thread 128938516924096): HTTP 200 cookies=['ak_bmsc', 'bm_sv']
2026-06-01 00:48:05,995 INFO e14.session: primed Akamai session (thread 128933861004992): HTTP 200 cookies=['ak_bmsc', 'bm_sv']
2026-06-01 00:48:06,384 INFO e14.session: primed Akamai session (thread 128940823803584): HTTP 200 cookies=['ak_bmsc', 'bm_sv']
2026-06-01 00:48:06,576 INFO e14.session: primed Akamai session (thread 128934171535040): HTTP 200 cookies=['ak_bmsc', 'bm_sv']
2026-06-01 00:48:08,511 INFO e14.session: primed Akamai session (thread 128933944932032): HTTP 200 cookies=['ak_bmsc', 'bm_sv']
2026-06-01 00:48:10,761 INFO e14.session: primed Akamai session (thread 128938810537664): HTTP 200 cookies=['ak_bmsc', 'bm_sv']
2026-06-01 00:48:12,618 INFO e14.session: primed Akamai session (thread 128934230283968): HTTP 200 cookies=['ak_bmsc', 'bm_sv']
2026-06-01 00:48:13,901 INFO e14.session: primed Akamai session (thread 128934280640192): HTTP 200 cookies=['ak_bmsc', 'bm_sv']
2026-06-01 00:48:16,113 INFO e14.session: primed Akamai session (thread 128938776966848): HTTP 200 cookies=['ak_bmsc', 'bm_sv']
2026-06-01 00:48:16,135 INFO e14.session: primed Akamai session (thread 128940236576448): HTTP 200 cookies=['ak_bmsc', 'bm_sv']
2026-06-01 00:48:20,637 INFO e14.session: primed Akamai session (thread 128934129571520): HTTP 200 cookies=['ak_bmsc', 'bm_sv']
2026-06-01 00:48:21,911 INFO e14.session: primed Akamai session (thread 128933961717440): HTTP 200 cookies=['ak_bmsc', 'bm_sv']
2026-06-01 00:48:22,078 INFO e14.session: primed Akamai session (thread 128940790232768): HTTP 200 cookies=['ak_bmsc', 'bm_sv']
2026-06-01 00:48:22,390 INFO e14.session: primed Akamai session (thread 128934247069376): HTTP 200 cookies=['ak_bmsc', 'bm_sv']
2026-06-01 00:48:22,535 INFO e14.session: primed Akamai session (thread 128940773447360): HTTP 200 cookies=['ak_bmsc', 'bm_sv']
2026-06-01 00:48:22,589 INFO e14.session: primed Akamai session (thread 128934121178816): HTTP 200 cookies=['ak_bmsc', 'bm_sv']
2026-06-01 00:48:25,573 INFO e14.session: primed Akamai session (thread 128941377427136): HTTP 200 cookies=['ak_bmsc', 'bm_sv']
2026-06-01 00:48:26,711 INFO e14.session: primed Akamai session (thread 128936486872768): HTTP 200 cookies=['ak_bmsc', 'bm_sv']
2026-06-01 00:48:27,235 INFO e14.session: primed Akamai session (thread 128939708098240): HTTP 200 cookies=['ak_bmsc', 'bm_sv']
2026-06-01 00:48:27,646 INFO e14.session: primed Akamai session (thread 128933978502848): HTTP 200 cookies=['ak_bmsc', 'bm_sv']
2026-06-01 00:48:27,742 INFO e14.session: primed Akamai session (thread 128935991965376): HTTP 200 cookies=['ak_bmsc', 'bm_sv']
2026-06-01 00:48:28,377 INFO e14.session: primed Akamai session (thread 128934070822592): HTTP 200 cookies=['ak_bmsc', 'bm_sv']
2026-06-01 00:48:28,386 INFO e14.session: primed Akamai session (thread 128939204798144): HTTP 200 cookies=['ak_bmsc', 'bm_sv']
2026-06-01 00:48:28,709 INFO e14.session: primed Akamai session (thread 128935413130944): HTTP 200 cookies=['ak_bmsc', 'bm_sv']
2026-06-01 00:48:28,781 INFO e14.session: primed Akamai session (thread 128935958394560): HTTP 200 cookies=['ak_bmsc', 'bm_sv']
2026-06-01 00:48:29,205 INFO e14.session: primed Akamai session (thread 128938491745984): HTTP 200 cookies=['ak_bmsc', 'bm_sv']
2026-06-01 00:48:30,128 INFO e14.session: primed Akamai session (thread 128937996838592): HTTP 200 cookies=['ak_bmsc', 'bm_sv']
2026-06-01 00:48:30,329 INFO e14.session: primed Akamai session (thread 128934289032896): HTTP 200 cookies=['ak_bmsc', 'bm_sv']
2026-06-01 00:48:30,423 INFO e14.session: primed Akamai session (thread 128933970110144): HTTP 200 cookies=['ak_bmsc', 'bm_sv']
2026-06-01 00:48:30,767 INFO e14.session: primed Akamai session (thread 128934104393408): HTTP 200 cookies=['ak_bmsc', 'bm_sv']
2026-06-01 00:48:31,294 INFO e14.session: primed Akamai session (thread 128933911361216): HTTP 200 cookies=['ak_bmsc', 'bm_sv']
2026-06-01 00:48:31,551 INFO e14.session: primed Akamai session (thread 128937971660480): HTTP 200 cookies=['ak_bmsc', 'bm_sv']
2026-06-01 00:48:31,758 INFO e14.session: primed Akamai session (thread 128937048921792): HTTP 200 cookies=['ak_bmsc', 'bm_sv']
2026-06-01 00:48:32,250 INFO e14.session: primed Akamai session (thread 128938508531392): HTTP 200 cookies=['ak_bmsc', 'bm_sv']
2026-06-01 00:48:32,593 INFO e14.session: primed Akamai session (thread 128934087608000): HTTP 200 cookies=['ak_bmsc', 'bm_sv']
2026-06-01 00:48:33,100 INFO e14.session: primed Akamai session (thread 128934137964224): HTTP 200 cookies=['ak_bmsc', 'bm_sv']
2026-06-01 00:48:36,002 INFO e14.session: primed Akamai session (thread 128939171227328): HTTP 200 cookies=['ak_bmsc', 'bm_sv']
2026-06-01 00:48:37,220 INFO e14.session: primed Akamai session (thread 128940815410880): HTTP 200 cookies=['ak_bmsc', 'bm_sv']
2026-06-01 00:48:37,813 INFO e14.session: primed Akamai session (thread 128936520443584): HTTP 200 cookies=['ak_bmsc', 'bm_sv']
2026-06-01 00:48:37,984 INFO e14.session: primed Akamai session (thread 128934012073664): HTTP 200 cookies=['ak_bmsc', 'bm_sv']
2026-06-01 00:48:38,194 INFO e14.session: primed Akamai session (thread 128939213190848): HTTP 200 cookies=['ak_bmsc', 'bm_sv']
2026-06-01 00:48:38,621 INFO e14.session: primed Akamai session (thread 128933894575808): HTTP 200 cookies=['ak_bmsc', 'bm_sv']
2026-06-01 00:48:40,570 INFO e14.session: primed Akamai session (thread 128934188320448): HTTP 200 cookies=['ak_bmsc', 'bm_sv']
2026-06-01 00:48:41,209 INFO e14.session: primed Akamai session (thread 128938768574144): HTTP 200 cookies=['ak_bmsc', 'bm_sv']
2026-06-01 00:48:41,525 INFO e14.session: primed Akamai session (thread 128934196713152): HTTP 200 cookies=['ak_bmsc', 'bm_sv']
2026-06-01 00:48:42,648 INFO e14.session: primed Akamai session (thread 128941646083776): HTTP 200 cookies=['ak_bmsc', 'bm_sv']
2026-06-01 00:48:42,939 INFO e14.session: primed Akamai session (thread 128934112786112): HTTP 200 cookies=['ak_bmsc', 'bm_sv']
2026-06-01 00:48:44,294 INFO e14.session: primed Akamai session (thread 128934037251776): HTTP 200 cookies=['ak_bmsc', 'bm_sv']
2026-06-01 00:48:45,408 INFO e14.session: primed Akamai session (thread 128934146356928): HTTP 200 cookies=['ak_bmsc', 'bm_sv']
2026-06-01 00:48:47,252 INFO e14.session: primed Akamai session (thread 128940286932672): HTTP 200 cookies=['ak_bmsc', 'bm_sv']
2026-06-01 00:48:48,504 INFO e14.session: primed Akamai session (thread 128939733276352): HTTP 200 cookies=['ak_bmsc', 'bm_sv']
2026-06-01 00:48:52,187 INFO e14.session: primed Akamai session (thread 128941385819840): HTTP 200 cookies=['ak_bmsc', 'bm_sv']
2026-06-01 00:48:57,174 INFO e14.session: primed Akamai session (thread 128941410997952): HTTP 200 cookies=['ak_bmsc', 'bm_sv']
2026-06-01 00:48:58,001 INFO e14.session: primed Akamai session (thread 128937040529088): HTTP 200 cookies=['ak_bmsc', 'bm_sv']
2026-06-01 00:48:59,593 INFO e14.session: primed Akamai session (thread 128935941609152): HTTP 200 cookies=['ak_bmsc', 'bm_sv']
2026-06-01 00:49:02,638 INFO e14.session: primed Akamai session (thread 128935966787264): HTTP 200 cookies=['ak_bmsc', 'bm_sv']
2026-06-01 00:49:05,073 INFO e14.download: download: 367 to fetch, 120505 already done/skipped (variant=delegados)
2026-06-01 00:49:05,252 INFO e14.session: primed Akamai session (thread 128941806235776): HTTP 200 cookies=['ak_bmsc']
2026-06-01 00:49:05,494 INFO e14.session: primed Akamai session (thread 128933861004992): HTTP 200 cookies=['ak_bmsc']
2026-06-01 00:49:05,508 INFO e14.session: primed Akamai session (thread 128941637691072): HTTP 200 cookies=['ak_bmsc']
2026-06-01 00:49:05,517 INFO e14.session: primed Akamai session (thread 128941646083776): HTTP 200 cookies=['ak_bmsc']
2026-06-01 00:49:05,547 INFO e14.session: primed Akamai session (thread 128941377427136): HTTP 200 cookies=['ak_bmsc']
2026-06-01 00:49:05,550 INFO e14.session: primed Akamai session (thread 128940807018176): HTTP 200 cookies=['ak_bmsc']
2026-06-01 00:49:05,570 INFO e14.session: primed Akamai session (thread 128940823803584): HTTP 200 cookies=['ak_bmsc']
2026-06-01 00:49:05,575 INFO e14.session: primed Akamai session (thread 128941419390656): HTTP 200 cookies=['ak_bmsc']
2026-06-01 00:49:05,597 INFO e14.session: primed Akamai session (thread 128939733276352): HTTP 200 cookies=['ak_bmsc']
2026-06-01 00:49:05,611 INFO e14.session: primed Akamai session (thread 128939708098240): HTTP 200 cookies=['ak_bmsc']
2026-06-01 00:49:05,623 INFO e14.session: primed Akamai session (thread 128941654476480): HTTP 200 cookies=['ak_bmsc']
2026-06-01 00:49:05,627 INFO e14.session: primed Akamai session (thread 128941402605248): HTTP 200 cookies=['ak_bmsc']
2026-06-01 00:49:05,627 INFO e14.session: primed Akamai session (thread 128941427783360): HTTP 200 cookies=['ak_bmsc']
2026-06-01 00:49:05,630 INFO e14.session: primed Akamai session (thread 128940790232768): HTTP 200 cookies=['ak_bmsc']
2026-06-01 00:49:05,633 INFO e14.session: primed Akamai session (thread 128941385819840): HTTP 200 cookies=['ak_bmsc']
2026-06-01 00:49:05,639 INFO e14.session: primed Akamai session (thread 128941410997952): HTTP 200 cookies=['ak_bmsc']
2026-06-01 00:49:05,642 INFO e14.session: primed Akamai session (thread 128934230283968): HTTP 200 cookies=['ak_bmsc']
2026-06-01 00:49:05,658 INFO e14.session: primed Akamai session (thread 128940781840064): HTTP 200 cookies=['ak_bmsc']
2026-06-01 00:49:05,674 INFO e14.session: primed Akamai session (thread 128934129571520): HTTP 200 cookies=['ak_bmsc']
2026-06-01 00:49:05,663 INFO e14.session: primed Akamai session (thread 128940815410880): HTTP 200 cookies=['ak_bmsc']
2026-06-01 00:49:05,676 INFO e14.session: primed Akamai session (thread 128940278539968): HTTP 200 cookies=['ak_bmsc']
2026-06-01 00:49:05,685 INFO e14.session: primed Akamai session (thread 128940236576448): HTTP 200 cookies=['ak_bmsc']
2026-06-01 00:49:05,700 INFO e14.session: primed Akamai session (thread 128940270147264): HTTP 200 cookies=['ak_bmsc']
2026-06-01 00:49:05,703 INFO e14.session: primed Akamai session (thread 128939699705536): HTTP 200 cookies=['ak_bmsc']
2026-06-01 00:49:05,720 INFO e14.session: primed Akamai session (thread 128939741669056): HTTP 200 cookies=['ak_bmsc']
2026-06-01 00:49:05,726 INFO e14.session: primed Akamai session (thread 128939724883648): HTTP 200 cookies=['ak_bmsc']
2026-06-01 00:49:05,732 INFO e14.session: primed Akamai session (thread 128940286932672): HTTP 200 cookies=['ak_bmsc']
2026-06-01 00:49:05,735 INFO e14.session: primed Akamai session (thread 128939716490944): HTTP 200 cookies=['ak_bmsc']
2026-06-01 00:49:05,739 INFO e14.session: primed Akamai session (thread 128940773447360): HTTP 200 cookies=['ak_bmsc']
2026-06-01 00:49:05,744 INFO e14.session: primed Akamai session (thread 128938768574144): HTTP 200 cookies=['ak_bmsc']
2026-06-01 00:49:05,747 INFO e14.session: primed Akamai session (thread 128941394212544): HTTP 200 cookies=['ak_bmsc']
2026-06-01 00:49:05,750 INFO e14.session: primed Akamai session (thread 128939196405440): HTTP 200 cookies=['ak_bmsc']
2026-06-01 00:49:05,764 INFO e14.session: primed Akamai session (thread 128939171227328): HTTP 200 cookies=['ak_bmsc']
2026-06-01 00:49:05,765 INFO e14.session: primed Akamai session (thread 128938533709504): HTTP 200 cookies=['ak_bmsc']
2026-06-01 00:49:05,776 INFO e14.session: primed Akamai session (thread 128939188012736): HTTP 200 cookies=['ak_bmsc']
2026-06-01 00:49:05,776 INFO e14.session: primed Akamai session (thread 128940244969152): HTTP 200 cookies=['ak_bmsc']
2026-06-01 00:49:05,786 INFO e14.session: primed Akamai session (thread 128938776966848): HTTP 200 cookies=['ak_bmsc']
2026-06-01 00:49:05,787 INFO e14.session: primed Akamai session (thread 128940261754560): HTTP 200 cookies=['ak_bmsc']
2026-06-01 00:49:05,793 INFO e14.session: primed Akamai session (thread 128937032136384): HTTP 200 cookies=['ak_bmsc']
2026-06-01 00:49:05,797 INFO e14.session: primed Akamai session (thread 128937980053184): HTTP 200 cookies=['ak_bmsc']
2026-06-01 00:49:05,804 INFO e14.session: primed Akamai session (thread 128937963267776): HTTP 200 cookies=['ak_bmsc']
2026-06-01 00:49:05,809 INFO e14.session: primed Akamai session (thread 128935950001856): HTTP 200 cookies=['ak_bmsc']
2026-06-01 00:49:05,817 INFO e14.session: primed Akamai session (thread 128940253361856): HTTP 200 cookies=['ak_bmsc']
2026-06-01 00:49:05,822 INFO e14.session: primed Akamai session (thread 128938500138688): HTTP 200 cookies=['ak_bmsc']
2026-06-01 00:49:05,823 INFO e14.session: primed Akamai session (thread 128938516924096): HTTP 200 cookies=['ak_bmsc']
2026-06-01 00:49:05,824 INFO e14.session: primed Akamai session (thread 128937996838592): HTTP 200 cookies=['ak_bmsc']
2026-06-01 00:49:05,825 INFO e14.session: primed Akamai session (thread 128938810537664): HTTP 200 cookies=['ak_bmsc']
2026-06-01 00:49:05,828 INFO e14.session: primed Akamai session (thread 128936478480064): HTTP 200 cookies=['ak_bmsc']
2026-06-01 00:49:05,830 INFO e14.session: primed Akamai session (thread 128938802144960): HTTP 200 cookies=['ak_bmsc']
2026-06-01 00:49:05,835 INFO e14.session: primed Akamai session (thread 128938508531392): HTTP 200 cookies=['ak_bmsc']
2026-06-01 00:49:05,847 INFO e14.session: primed Akamai session (thread 128936503658176): HTTP 200 cookies=['ak_bmsc']
2026-06-01 00:49:05,852 INFO e14.session: primed Akamai session (thread 128935446701760): HTTP 200 cookies=['ak_bmsc']
2026-06-01 00:49:05,861 INFO e14.session: primed Akamai session (thread 128938760181440): HTTP 200 cookies=['ak_bmsc']
2026-06-01 00:49:05,864 INFO e14.session: primed Akamai session (thread 128939179620032): HTTP 200 cookies=['ak_bmsc']
2026-06-01 00:49:05,865 INFO e14.session: primed Akamai session (thread 128938005231296): HTTP 200 cookies=['ak_bmsc']
2026-06-01 00:49:05,873 INFO e14.session: primed Akamai session (thread 128937065707200): HTTP 200 cookies=['ak_bmsc']
2026-06-01 00:49:05,877 INFO e14.session: primed Akamai session (thread 128934876260032): HTTP 200 cookies=['ak_bmsc']
2026-06-01 00:49:05,885 INFO e14.session: primed Akamai session (thread 128935438309056): HTTP 200 cookies=['ak_bmsc']
2026-06-01 00:49:05,886 INFO e14.session: primed Akamai session (thread 128937971660480): HTTP 200 cookies=['ak_bmsc']
2026-06-01 00:49:05,886 INFO e14.session: primed Akamai session (thread 128936486872768): HTTP 200 cookies=['ak_bmsc']
2026-06-01 00:49:05,889 INFO e14.session: primed Akamai session (thread 128939213190848): HTTP 200 cookies=['ak_bmsc']
2026-06-01 00:49:05,895 INFO e14.session: primed Akamai session (thread 128935966787264): HTTP 200 cookies=['ak_bmsc']
2026-06-01 00:49:05,896 INFO e14.session: primed Akamai session (thread 128935455094464): HTTP 200 cookies=['ak_bmsc']
2026-06-01 00:49:05,906 INFO e14.session: primed Akamai session (thread 128937057314496): HTTP 200 cookies=['ak_bmsc']
2026-06-01 00:49:05,915 INFO e14.session: primed Akamai session (thread 128938793752256): HTTP 200 cookies=['ak_bmsc']
2026-06-01 00:49:05,921 INFO e14.session: primed Akamai session (thread 128935429916352): HTTP 200 cookies=['ak_bmsc']
2026-06-01 00:49:05,925 INFO e14.session: primed Akamai session (thread 128937015350976): HTTP 200 cookies=['ak_bmsc']
2026-06-01 00:49:05,925 INFO e14.session: primed Akamai session (thread 128935421523648): HTTP 200 cookies=['ak_bmsc']
2026-06-01 00:49:05,929 INFO e14.session: primed Akamai session (thread 128940798625472): HTTP 200 cookies=['ak_bmsc']
2026-06-01 00:49:05,933 INFO e14.session: primed Akamai session (thread 128934314211008): HTTP 200 cookies=['ak_bmsc']
2026-06-01 00:49:05,934 INFO e14.session: primed Akamai session (thread 128938525316800): HTTP 200 cookies=['ak_bmsc']
2026-06-01 00:49:05,934 INFO e14.session: primed Akamai session (thread 128937048921792): HTTP 200 cookies=['ak_bmsc']
2026-06-01 00:49:05,942 INFO e14.session: primed Akamai session (thread 128934322603712): HTTP 200 cookies=['ak_bmsc']
2026-06-01 00:49:05,945 INFO e14.session: primed Akamai session (thread 128938785359552): HTTP 200 cookies=['ak_bmsc']
2026-06-01 00:49:05,945 INFO e14.session: primed Akamai session (thread 128936520443584): HTTP 200 cookies=['ak_bmsc']
2026-06-01 00:49:05,948 INFO e14.session: primed Akamai session (thread 128935975179968): HTTP 200 cookies=['ak_bmsc']
2026-06-01 00:49:05,949 INFO e14.session: primed Akamai session (thread 128936495265472): HTTP 200 cookies=['ak_bmsc']
2026-06-01 00:49:05,954 INFO e14.session: primed Akamai session (thread 128938542102208): HTTP 200 cookies=['ak_bmsc']
2026-06-01 00:49:05,956 INFO e14.session: primed Akamai session (thread 128939204798144): HTTP 200 cookies=['ak_bmsc']
2026-06-01 00:49:05,957 INFO e14.session: primed Akamai session (thread 128939750061760): HTTP 200 cookies=['ak_bmsc']
2026-06-01 00:49:05,959 INFO e14.session: primed Akamai session (thread 128936528836288): HTTP 200 cookies=['ak_bmsc']
2026-06-01 00:49:05,968 INFO e14.session: primed Akamai session (thread 128937988445888): HTTP 200 cookies=['ak_bmsc']
2026-06-01 00:49:05,970 INFO e14.session: primed Akamai session (thread 128935983572672): HTTP 200 cookies=['ak_bmsc']
2026-06-01 00:49:05,970 INFO e14.session: primed Akamai session (thread 128935941609152): HTTP 200 cookies=['ak_bmsc']
2026-06-01 00:49:05,978 INFO e14.session: primed Akamai session (thread 128938491745984): HTTP 200 cookies=['ak_bmsc']
2026-06-01 00:49:05,978 INFO e14.session: primed Akamai session (thread 128937954875072): HTTP 200 cookies=['ak_bmsc']
2026-06-01 00:49:05,982 INFO e14.session: primed Akamai session (thread 128934918223552): HTTP 200 cookies=['ak_bmsc']
2026-06-01 00:49:05,989 INFO e14.session: primed Akamai session (thread 128934247069376): HTTP 200 cookies=['ak_bmsc']
2026-06-01 00:49:05,990 INFO e14.session: primed Akamai session (thread 128934280640192): HTTP 200 cookies=['ak_bmsc']
2026-06-01 00:49:05,992 INFO e14.session: primed Akamai session (thread 128935991965376): HTTP 200 cookies=['ak_bmsc']
2026-06-01 00:49:05,993 INFO e14.session: primed Akamai session (thread 128937023743680): HTTP 200 cookies=['ak_bmsc']
2026-06-01 00:49:05,998 INFO e14.session: primed Akamai session (thread 128934238676672): HTTP 200 cookies=['ak_bmsc']
2026-06-01 00:49:06,017 INFO e14.session: primed Akamai session (thread 128935404738240): HTTP 200 cookies=['ak_bmsc']
2026-06-01 00:49:06,017 INFO e14.session: primed Akamai session (thread 128936512050880): HTTP 200 cookies=['ak_bmsc']
2026-06-01 00:49:06,022 INFO e14.session: primed Akamai session (thread 128934330996416): HTTP 200 cookies=['ak_bmsc']
2026-06-01 00:49:06,023 INFO e14.session: primed Akamai session (thread 128934364567232): HTTP 200 cookies=['ak_bmsc']
2026-06-01 00:49:06,027 INFO e14.session: primed Akamai session (thread 128934339389120): HTTP 200 cookies=['ak_bmsc']
2026-06-01 00:49:06,029 INFO e14.session: primed Akamai session (thread 128935958394560): HTTP 200 cookies=['ak_bmsc']
2026-06-01 00:49:06,035 INFO e14.session: primed Akamai session (thread 128934901438144): HTTP 200 cookies=['ak_bmsc']
2026-06-01 00:49:06,033 INFO e14.session: primed Akamai session (thread 128934884652736): HTTP 200 cookies=['ak_bmsc']
2026-06-01 00:49:06,031 INFO e14.session: primed Akamai session (thread 128934297425600): HTTP 200 cookies=['ak_bmsc']
2026-06-01 00:49:06,037 INFO e14.session: primed Akamai session (thread 128934255462080): HTTP 200 cookies=['ak_bmsc']
2026-06-01 00:49:06,037 INFO e14.session: primed Akamai session (thread 128934893045440): HTTP 200 cookies=['ak_bmsc']
2026-06-01 00:49:06,044 INFO e14.session: primed Akamai session (thread 128934305818304): HTTP 200 cookies=['ak_bmsc']
2026-06-01 00:49:06,047 INFO e14.session: primed Akamai session (thread 128934347781824): HTTP 200 cookies=['ak_bmsc']
2026-06-01 00:49:06,066 INFO e14.session: primed Akamai session (thread 128934372959936): HTTP 200 cookies=['ak_bmsc']
2026-06-01 00:49:06,070 INFO e14.session: primed Akamai session (thread 128937040529088): HTTP 200 cookies=['ak_bmsc']
2026-06-01 00:49:06,072 INFO e14.session: primed Akamai session (thread 128934867867328): HTTP 200 cookies=['ak_bmsc']
2026-06-01 00:49:06,090 INFO e14.session: primed Akamai session (thread 128934356174528): HTTP 200 cookies=['ak_bmsc']
2026-06-01 00:49:06,092 INFO e14.session: primed Akamai session (thread 128934205105856): HTTP 200 cookies=['ak_bmsc']
2026-06-01 00:49:06,099 INFO e14.session: primed Akamai session (thread 128934272247488): HTTP 200 cookies=['ak_bmsc']
2026-06-01 00:49:06,101 INFO e14.session: primed Akamai session (thread 128935413130944): HTTP 200 cookies=['ak_bmsc']
2026-06-01 00:49:06,104 INFO e14.session: primed Akamai session (thread 128934381352640): HTTP 200 cookies=['ak_bmsc']
2026-06-01 00:49:06,109 INFO e14.session: primed Akamai session (thread 128934263854784): HTTP 200 cookies=['ak_bmsc']
2026-06-01 00:49:06,110 INFO e14.session: primed Akamai session (thread 128934213498560): HTTP 200 cookies=['ak_bmsc']
2026-06-01 00:49:06,113 INFO e14.session: primed Akamai session (thread 128934196713152): HTTP 200 cookies=['ak_bmsc']
2026-06-01 00:49:06,120 INFO e14.session: primed Akamai session (thread 128934909830848): HTTP 200 cookies=['ak_bmsc']
2026-06-01 00:49:06,133 INFO e14.session: primed Akamai session (thread 128934171535040): HTTP 200 cookies=['ak_bmsc']
2026-06-01 00:49:06,133 INFO e14.session: primed Akamai session (thread 128934289032896): HTTP 200 cookies=['ak_bmsc']
2026-06-01 00:49:06,134 INFO e14.session: primed Akamai session (thread 128934179927744): HTTP 200 cookies=['ak_bmsc']
2026-06-01 00:49:06,136 INFO e14.session: primed Akamai session (thread 128934221891264): HTTP 200 cookies=['ak_bmsc']
2026-06-01 00:49:06,141 INFO e14.session: primed Akamai session (thread 128934188320448): HTTP 200 cookies=['ak_bmsc']
2026-06-01 00:49:06,172 INFO e14.session: primed Akamai session (thread 128934154749632): HTTP 200 cookies=['ak_bmsc']
2026-06-01 00:49:06,184 INFO e14.session: primed Akamai session (thread 128934163142336): HTTP 200 cookies=['ak_bmsc']
2026-06-01 00:49:06,215 INFO e14.session: primed Akamai session (thread 128934137964224): HTTP 200 cookies=['ak_bmsc']
2026-06-01 00:49:06,279 INFO e14.session: primed Akamai session (thread 128934104393408): HTTP 200 cookies=['ak_bmsc']
2026-06-01 00:49:06,306 INFO e14.session: primed Akamai session (thread 128934096000704): HTTP 200 cookies=['ak_bmsc']
2026-06-01 00:49:06,336 INFO e14.session: primed Akamai session (thread 128934146356928): HTTP 200 cookies=['ak_bmsc']
2026-06-01 00:49:06,392 INFO e14.session: primed Akamai session (thread 128934054037184): HTTP 200 cookies=['ak_bmsc']
2026-06-01 00:49:06,428 INFO e14.session: primed Akamai session (thread 128934045644480): HTTP 200 cookies=['ak_bmsc']
2026-06-01 00:49:06,455 INFO e14.session: primed Akamai session (thread 128934112786112): HTTP 200 cookies=['ak_bmsc']
2026-06-01 00:49:06,502 INFO e14.session: primed Akamai session (thread 128933961717440): HTTP 200 cookies=['ak_bmsc']
2026-06-01 00:49:06,656 INFO e14.session: primed Akamai session (thread 128934079215296): HTTP 200 cookies=['ak_bmsc']
2026-06-01 00:49:06,686 INFO e14.session: primed Akamai session (thread 128934037251776): HTTP 200 cookies=['ak_bmsc']
2026-06-01 00:49:06,763 INFO e14.session: primed Akamai session (thread 128933928146624): HTTP 200 cookies=['ak_bmsc']
2026-06-01 00:49:06,785 INFO e14.session: primed Akamai session (thread 128933986895552): HTTP 200 cookies=['ak_bmsc']
2026-06-01 00:49:06,803 INFO e14.session: primed Akamai session (thread 128934062429888): HTTP 200 cookies=['ak_bmsc']
2026-06-01 00:49:07,009 INFO e14.session: primed Akamai session (thread 128934012073664): HTTP 200 cookies=['ak_bmsc']
2026-06-01 00:49:07,136 INFO e14.session: primed Akamai session (thread 128934087608000): HTTP 200 cookies=['ak_bmsc']
2026-06-01 00:49:07,200 INFO e14.session: primed Akamai session (thread 128933970110144): HTTP 200 cookies=['ak_bmsc']
2026-06-01 00:49:07,352 INFO e14.session: primed Akamai session (thread 128933852612288): HTTP 200 cookies=['ak_bmsc']
2026-06-01 00:49:07,361 INFO e14.session: primed Akamai session (thread 128933953324736): HTTP 200 cookies=['ak_bmsc']
2026-06-01 00:49:07,368 INFO e14.session: primed Akamai session (thread 128934121178816): HTTP 200 cookies=['ak_bmsc']
2026-06-01 00:49:07,470 INFO e14.session: primed Akamai session (thread 128933902968512): HTTP 200 cookies=['ak_bmsc']
2026-06-01 00:49:07,595 INFO e14.session: primed Akamai session (thread 128933835826880): HTTP 200 cookies=['ak_bmsc']
2026-06-01 00:49:07,607 INFO e14.session: primed Akamai session (thread 128934028859072): HTTP 200 cookies=['ak_bmsc']
2026-06-01 00:49:07,805 INFO e14.session: primed Akamai session (thread 128933944932032): HTTP 200 cookies=['ak_bmsc']
2026-06-01 00:49:07,874 INFO e14.session: primed Akamai session (thread 128939162834624): HTTP 200 cookies=['ak_bmsc']
2026-06-01 00:49:07,927 INFO e14.session: primed Akamai session (thread 128934070822592): HTTP 200 cookies=['ak_bmsc']
2026-06-01 00:49:07,975 INFO e14.session: primed Akamai session (thread 128933894575808): HTTP 200 cookies=['ak_bmsc']
2026-06-01 00:49:08,127 INFO e14.session: primed Akamai session (thread 128933869397696): HTTP 200 cookies=['ak_bmsc']
2026-06-01 00:49:08,564 INFO e14.session: primed Akamai session (thread 128933844219584): HTTP 200 cookies=['ak_bmsc']
2026-06-01 00:49:08,734 INFO e14.session: primed Akamai session (thread 128933936539328): HTTP 200 cookies=['ak_bmsc']
2026-06-01 00:49:08,883 INFO e14.session: primed Akamai session (thread 128933911361216): HTTP 200 cookies=['ak_bmsc']
2026-06-01 00:49:09,335 INFO e14.session: primed Akamai session (thread 128933978502848): HTTP 200 cookies=['ak_bmsc']
2026-06-01 00:49:09,496 INFO e14.session: primed Akamai session (thread 128933886183104): HTTP 200 cookies=['ak_bmsc']
2026-06-01 00:49:09,571 INFO e14.session: primed Akamai session (thread 128933877790400): HTTP 200 cookies=['ak_bmsc']
2026-06-01 00:49:09,615 INFO e14.session: primed Akamai session (thread 128934003680960): HTTP 200 cookies=['ak_bmsc']
2026-06-01 00:49:11,938 INFO e14.session: primed Akamai session (thread 128934020466368): HTTP 200 cookies=['ak_bmsc']
2026-06-01 00:49:12,751 INFO e14.session: primed Akamai session (thread 128933995288256): HTTP 200 cookies=['ak_bmsc']
2026-06-01 00:49:13,076 INFO e14.session: primed Akamai session (thread 128933919753920): HTTP 200 cookies=['ak_bmsc']
2026-06-01 00:50:06,820 INFO e14.session: primed Akamai session (thread 128940286932672): HTTP 200 cookies=['ak_bmsc', 'bm_sv']
2026-06-01 00:50:07,211 INFO e14.session: primed Akamai session (thread 128938810537664): HTTP 200 cookies=['ak_bmsc', 'bm_sv']
2026-06-01 00:50:07,224 INFO e14.session: primed Akamai session (thread 128939188012736): HTTP 200 cookies=['ak_bmsc', 'bm_sv']
2026-06-01 00:50:07,338 INFO e14.session: primed Akamai session (thread 128940270147264): HTTP 200 cookies=['ak_bmsc', 'bm_sv']
2026-06-01 00:50:07,472 INFO e14.session: primed Akamai session (thread 128939196405440): HTTP 200 cookies=['ak_bmsc', 'bm_sv']
2026-06-01 00:50:07,485 INFO e14.session: primed Akamai session (thread 128940261754560): HTTP 200 cookies=['ak_bmsc', 'bm_sv']
2026-06-01 00:50:07,492 INFO e14.session: primed Akamai session (thread 128938533709504): HTTP 200 cookies=['ak_bmsc', 'bm_sv']
2026-06-01 00:50:07,506 INFO e14.session: primed Akamai session (thread 128934876260032): HTTP 200 cookies=['ak_bmsc', 'bm_sv']
2026-06-01 00:50:07,522 INFO e14.session: primed Akamai session (thread 128935941609152): HTTP 200 cookies=['ak_bmsc', 'bm_sv']
2026-06-01 00:50:07,560 INFO e14.session: primed Akamai session (thread 128939171227328): HTTP 200 cookies=['ak_bmsc', 'bm_sv']
2026-06-01 00:50:07,567 INFO e14.session: primed Akamai session (thread 128934901438144): HTTP 200 cookies=['ak_bmsc', 'bm_sv']
2026-06-01 00:50:07,581 INFO e14.session: primed Akamai session (thread 128940244969152): HTTP 200 cookies=['ak_bmsc', 'bm_sv']
2026-06-01 00:50:07,642 INFO e14.session: primed Akamai session (thread 128937980053184): HTTP 200 cookies=['ak_bmsc', 'bm_sv']
2026-06-01 00:50:07,687 INFO e14.session: primed Akamai session (thread 128939750061760): HTTP 200 cookies=['ak_bmsc', 'bm_sv']
2026-06-01 00:50:07,746 INFO e14.session: primed Akamai session (thread 128939708098240): HTTP 200 cookies=['ak_bmsc', 'bm_sv']
2026-06-01 00:50:07,756 INFO e14.session: primed Akamai session (thread 128939741669056): HTTP 200 cookies=['ak_bmsc', 'bm_sv']
2026-06-01 00:50:07,786 INFO e14.session: primed Akamai session (thread 128939733276352): HTTP 200 cookies=['ak_bmsc', 'bm_sv']
2026-06-01 00:50:07,802 INFO e14.session: primed Akamai session (thread 128936528836288): HTTP 200 cookies=['ak_bmsc', 'bm_sv']
2026-06-01 00:50:07,834 INFO e14.session: primed Akamai session (thread 128937040529088): HTTP 200 cookies=['ak_bmsc', 'bm_sv']
2026-06-01 00:50:07,854 INFO e14.session: primed Akamai session (thread 128933861004992): HTTP 200 cookies=['ak_bmsc', 'bm_sv']
2026-06-01 00:50:07,857 INFO e14.session: primed Akamai session (thread 128934137964224): HTTP 200 cookies=['ak_bmsc', 'bm_sv']
2026-06-01 00:50:07,868 INFO e14.session: primed Akamai session (thread 128934054037184): HTTP 200 cookies=['ak_bmsc', 'bm_sv']
2026-06-01 00:50:07,880 INFO e14.session: primed Akamai session (thread 128938491745984): HTTP 200 cookies=['ak_bmsc', 'bm_sv']
2026-06-01 00:50:07,906 INFO e14.session: primed Akamai session (thread 128935413130944): HTTP 200 cookies=['ak_bmsc', 'bm_sv']
2026-06-01 00:50:07,907 INFO e14.session: primed Akamai session (thread 128941402605248): HTTP 200 cookies=['ak_bmsc', 'bm_sv']
2026-06-01 00:50:07,909 INFO e14.session: primed Akamai session (thread 128935950001856): HTTP 200 cookies=['ak_bmsc', 'bm_sv']
2026-06-01 00:50:07,924 INFO e14.session: primed Akamai session (thread 128940773447360): HTTP 200 cookies=['ak_bmsc', 'bm_sv']
2026-06-01 00:50:07,966 INFO e14.session: primed Akamai session (thread 128941654476480): HTTP 200 cookies=['ak_bmsc', 'bm_sv']
2026-06-01 00:50:07,973 INFO e14.session: primed Akamai session (thread 128934381352640): HTTP 200 cookies=['ak_bmsc', 'bm_sv']
2026-06-01 00:50:07,995 INFO e14.session: primed Akamai session (thread 128941377427136): HTTP 200 cookies=['ak_bmsc', 'bm_sv']
2026-06-01 00:50:07,995 INFO e14.session: primed Akamai session (thread 128939716490944): HTTP 200 cookies=['ak_bmsc', 'bm_sv']
2026-06-01 00:50:08,007 INFO e14.session: primed Akamai session (thread 128934263854784): HTTP 200 cookies=['ak_bmsc', 'bm_sv']
2026-06-01 00:50:08,039 INFO e14.session: primed Akamai session (thread 128936495265472): HTTP 200 cookies=['ak_bmsc', 'bm_sv']
2026-06-01 00:50:08,046 INFO e14.session: primed Akamai session (thread 128934179927744): HTTP 200 cookies=['ak_bmsc', 'bm_sv']
2026-06-01 00:50:08,051 INFO e14.session: primed Akamai session (thread 128935455094464): HTTP 200 cookies=['ak_bmsc', 'bm_sv']
2026-06-01 00:50:08,054 INFO e14.session: primed Akamai session (thread 128938768574144): HTTP 200 cookies=['ak_bmsc', 'bm_sv']
2026-06-01 00:50:08,069 INFO e14.session: primed Akamai session (thread 128939179620032): HTTP 200 cookies=['ak_bmsc', 'bm_sv']
2026-06-01 00:50:08,070 INFO e14.session: primed Akamai session (thread 128935429916352): HTTP 200 cookies=['ak_bmsc', 'bm_sv']
2026-06-01 00:50:08,098 INFO e14.session: primed Akamai session (thread 128936520443584): HTTP 200 cookies=['ak_bmsc', 'bm_sv']
2026-06-01 00:50:08,099 INFO e14.session: primed Akamai session (thread 128938802144960): HTTP 200 cookies=['ak_bmsc', 'bm_sv']
2026-06-01 00:50:08,105 INFO e14.session: primed Akamai session (thread 128935991965376): HTTP 200 cookies=['ak_bmsc', 'bm_sv']
2026-06-01 00:50:08,106 INFO e14.session: primed Akamai session (thread 128938785359552): HTTP 200 cookies=['ak_bmsc', 'bm_sv']
2026-06-01 00:50:08,112 INFO e14.session: primed Akamai session (thread 128940823803584): HTTP 200 cookies=['ak_bmsc', 'bm_sv']
2026-06-01 00:50:08,124 INFO e14.session: primed Akamai session (thread 128934289032896): HTTP 200 cookies=['ak_bmsc', 'bm_sv']
2026-06-01 00:50:08,124 INFO e14.session: primed Akamai session (thread 128934297425600): HTTP 200 cookies=['ak_bmsc', 'bm_sv']
2026-06-01 00:50:08,130 INFO e14.session: primed Akamai session (thread 128934096000704): HTTP 200 cookies=['ak_bmsc', 'bm_sv']
2026-06-01 00:50:08,159 INFO e14.session: primed Akamai session (thread 128934918223552): HTTP 200 cookies=['ak_bmsc', 'bm_sv']
2026-06-01 00:50:08,183 INFO e14.session: primed Akamai session (thread 128934171535040): HTTP 200 cookies=['ak_bmsc', 'bm_sv']
2026-06-01 00:50:08,186 INFO e14.session: primed Akamai session (thread 128934909830848): HTTP 200 cookies=['ak_bmsc', 'bm_sv']
2026-06-01 00:50:08,191 INFO e14.session: primed Akamai session (thread 128934112786112): HTTP 200 cookies=['ak_bmsc', 'bm_sv']
2026-06-01 00:50:08,194 INFO e14.session: primed Akamai session (thread 128940236576448): HTTP 200 cookies=['ak_bmsc', 'bm_sv']
2026-06-01 00:50:08,203 INFO e14.session: primed Akamai session (thread 128934867867328): HTTP 200 cookies=['ak_bmsc', 'bm_sv']
2026-06-01 00:50:08,214 INFO e14.session: primed Akamai session (thread 128934255462080): HTTP 200 cookies=['ak_bmsc', 'bm_sv']
2026-06-01 00:50:08,220 INFO e14.session: primed Akamai session (thread 128934322603712): HTTP 200 cookies=['ak_bmsc', 'bm_sv']
2026-06-01 00:50:08,223 INFO e14.session: primed Akamai session (thread 128940253361856): HTTP 200 cookies=['ak_bmsc', 'bm_sv']
2026-06-01 00:50:08,230 INFO e14.session: primed Akamai session (thread 128934221891264): HTTP 200 cookies=['ak_bmsc', 'bm_sv']
2026-06-01 00:50:08,254 INFO e14.session: primed Akamai session (thread 128937954875072): HTTP 200 cookies=['ak_bmsc', 'bm_sv']
2026-06-01 00:50:08,305 INFO e14.session: primed Akamai session (thread 128937996838592): HTTP 200 cookies=['ak_bmsc', 'bm_sv']
2026-06-01 00:50:08,314 INFO e14.session: primed Akamai session (thread 128933953324736): HTTP 200 cookies=['ak_bmsc', 'bm_sv']
2026-06-01 00:50:08,315 INFO e14.session: primed Akamai session (thread 128934213498560): HTTP 200 cookies=['ak_bmsc', 'bm_sv']
2026-06-01 00:50:08,317 INFO e14.session: primed Akamai session (thread 128937963267776): HTTP 200 cookies=['ak_bmsc', 'bm_sv']
2026-06-01 00:50:08,335 INFO e14.session: primed Akamai session (thread 128938776966848): HTTP 200 cookies=['ak_bmsc', 'bm_sv']
2026-06-01 00:50:08,349 INFO e14.session: primed Akamai session (thread 128934280640192): HTTP 200 cookies=['ak_bmsc', 'bm_sv']
2026-06-01 00:50:08,360 INFO e14.session: primed Akamai session (thread 128934196713152): HTTP 200 cookies=['ak_bmsc', 'bm_sv']
2026-06-01 00:50:08,366 INFO e14.session: primed Akamai session (thread 128934893045440): HTTP 200 cookies=['ak_bmsc', 'bm_sv']
2026-06-01 00:50:08,369 INFO e14.session: primed Akamai session (thread 128934364567232): HTTP 200 cookies=['ak_bmsc', 'bm_sv']
2026-06-01 00:50:08,373 INFO e14.session: primed Akamai session (thread 128937057314496): HTTP 200 cookies=['ak_bmsc', 'bm_sv']
2026-06-01 00:50:08,377 INFO e14.session: primed Akamai session (thread 128934884652736): HTTP 200 cookies=['ak_bmsc', 'bm_sv']
2026-06-01 00:50:08,386 INFO e14.session: primed Akamai session (thread 128937971660480): HTTP 200 cookies=['ak_bmsc', 'bm_sv']
2026-06-01 00:50:08,393 INFO e14.session: primed Akamai session (thread 128934314211008): HTTP 200 cookies=['ak_bmsc', 'bm_sv']
2026-06-01 00:50:08,395 INFO e14.session: primed Akamai session (thread 128934372959936): HTTP 200 cookies=['ak_bmsc', 'bm_sv']
2026-06-01 00:50:08,415 INFO e14.session: primed Akamai session (thread 128934154749632): HTTP 200 cookies=['ak_bmsc', 'bm_sv']
2026-06-01 00:50:08,421 INFO e14.session: primed Akamai session (thread 128940798625472): HTTP 200 cookies=['ak_bmsc', 'bm_sv']
2026-06-01 00:50:08,429 INFO e14.session: primed Akamai session (thread 128940278539968): HTTP 200 cookies=['ak_bmsc', 'bm_sv']
2026-06-01 00:50:08,459 INFO e14.session: primed Akamai session (thread 128937032136384): HTTP 200 cookies=['ak_bmsc', 'bm_sv']
2026-06-01 00:50:08,460 INFO e14.session: primed Akamai session (thread 128937048921792): HTTP 200 cookies=['ak_bmsc', 'bm_sv']
2026-06-01 00:50:08,490 INFO e14.session: primed Akamai session (thread 128934356174528): HTTP 200 cookies=['ak_bmsc', 'bm_sv']
2026-06-01 00:50:08,522 INFO e14.session: primed Akamai session (thread 128935438309056): HTTP 200 cookies=['ak_bmsc', 'bm_sv']
2026-06-01 00:50:08,547 INFO e14.session: primed Akamai session (thread 128934238676672): HTTP 200 cookies=['ak_bmsc', 'bm_sv']
2026-06-01 00:50:08,554 INFO e14.session: primed Akamai session (thread 128934247069376): HTTP 200 cookies=['ak_bmsc', 'bm_sv']
2026-06-01 00:50:08,555 INFO e14.session: primed Akamai session (thread 128933894575808): HTTP 200 cookies=['ak_bmsc', 'bm_sv']
2026-06-01 00:50:08,561 INFO e14.session: primed Akamai session (thread 128934121178816): HTTP 200 cookies=['ak_bmsc', 'bm_sv']
2026-06-01 00:50:08,562 INFO e14.session: primed Akamai session (thread 128935404738240): HTTP 200 cookies=['ak_bmsc', 'bm_sv']
2026-06-01 00:50:08,575 INFO e14.session: primed Akamai session (thread 128937023743680): HTTP 200 cookies=['ak_bmsc', 'bm_sv']
2026-06-01 00:50:08,601 INFO e14.session: primed Akamai session (thread 128937988445888): HTTP 200 cookies=['ak_bmsc', 'bm_sv']
2026-06-01 00:50:08,602 INFO e14.session: primed Akamai session (thread 128936486872768): HTTP 200 cookies=['ak_bmsc', 'bm_sv']
2026-06-01 00:50:08,615 INFO e14.session: primed Akamai session (thread 128935421523648): HTTP 200 cookies=['ak_bmsc', 'bm_sv']
2026-06-01 00:50:08,624 INFO e14.session: primed Akamai session (thread 128938542102208): HTTP 200 cookies=['ak_bmsc', 'bm_sv']
2026-06-01 00:50:08,627 INFO e14.session: primed Akamai session (thread 128934330996416): HTTP 200 cookies=['ak_bmsc', 'bm_sv']
2026-06-01 00:50:08,627 INFO e14.session: primed Akamai session (thread 128935446701760): HTTP 200 cookies=['ak_bmsc', 'bm_sv']
2026-06-01 00:50:08,671 INFO e14.session: primed Akamai session (thread 128933835826880): HTTP 200 cookies=['ak_bmsc', 'bm_sv']
2026-06-01 00:50:08,681 INFO e14.session: primed Akamai session (thread 128934188320448): HTTP 200 cookies=['ak_bmsc', 'bm_sv']
2026-06-01 00:50:08,684 INFO e14.session: primed Akamai session (thread 128938760181440): HTTP 200 cookies=['ak_bmsc', 'bm_sv']
2026-06-01 00:50:08,772 INFO e14.session: primed Akamai session (thread 128938508531392): HTTP 200 cookies=['ak_bmsc', 'bm_sv']
2026-06-01 00:50:08,794 INFO e14.session: primed Akamai session (thread 128933970110144): HTTP 200 cookies=['ak_bmsc', 'bm_sv']
2026-06-01 00:50:08,803 INFO e14.session: primed Akamai session (thread 128934163142336): HTTP 200 cookies=['ak_bmsc', 'bm_sv']
2026-06-01 00:50:08,811 INFO e14.session: primed Akamai session (thread 128934079215296): HTTP 200 cookies=['ak_bmsc', 'bm_sv']
2026-06-01 00:50:08,817 INFO e14.session: primed Akamai session (thread 128938500138688): HTTP 200 cookies=['ak_bmsc', 'bm_sv']
2026-06-01 00:50:08,838 INFO e14.session: primed Akamai session (thread 128940790232768): HTTP 200 cookies=['ak_bmsc', 'bm_sv']
2026-06-01 00:50:08,856 INFO e14.session: primed Akamai session (thread 128934045644480): HTTP 200 cookies=['ak_bmsc', 'bm_sv']
2026-06-01 00:50:08,874 INFO e14.session: primed Akamai session (thread 128938516924096): HTTP 200 cookies=['ak_bmsc', 'bm_sv']
2026-06-01 00:50:08,882 INFO e14.session: primed Akamai session (thread 128934037251776): HTTP 200 cookies=['ak_bmsc', 'bm_sv']
2026-06-01 00:50:08,922 INFO e14.session: primed Akamai session (thread 128933986895552): HTTP 200 cookies=['ak_bmsc', 'bm_sv']
2026-06-01 00:50:08,954 INFO e14.session: primed Akamai session (thread 128941419390656): HTTP 200 cookies=['ak_bmsc', 'bm_sv']
2026-06-01 00:50:08,969 INFO e14.session: primed Akamai session (thread 128937065707200): HTTP 200 cookies=['ak_bmsc', 'bm_sv']
2026-06-01 00:50:09,049 INFO e14.session: primed Akamai session (thread 128936503658176): HTTP 200 cookies=['ak_bmsc', 'bm_sv']
2026-06-01 00:50:09,084 INFO e14.session: primed Akamai session (thread 128934347781824): HTTP 200 cookies=['ak_bmsc', 'bm_sv']
2026-06-01 00:50:09,095 INFO e14.session: primed Akamai session (thread 128935958394560): HTTP 200 cookies=['ak_bmsc', 'bm_sv']
2026-06-01 00:50:09,101 INFO e14.session: primed Akamai session (thread 128941637691072): HTTP 200 cookies=['ak_bmsc', 'bm_sv']
2026-06-01 00:50:09,110 INFO e14.session: primed Akamai session (thread 128938525316800): HTTP 200 cookies=['ak_bmsc', 'bm_sv']
2026-06-01 00:50:09,111 INFO e14.session: primed Akamai session (thread 128934305818304): HTTP 200 cookies=['ak_bmsc', 'bm_sv']
2026-06-01 00:50:09,114 INFO e14.session: primed Akamai session (thread 128939204798144): HTTP 200 cookies=['ak_bmsc', 'bm_sv']
2026-06-01 00:50:09,116 INFO e14.session: primed Akamai session (thread 128934062429888): HTTP 200 cookies=['ak_bmsc', 'bm_sv']
2026-06-01 00:50:09,129 INFO e14.session: primed Akamai session (thread 128941410997952): HTTP 200 cookies=['ak_bmsc', 'bm_sv']
2026-06-01 00:50:09,139 INFO e14.session: primed Akamai session (thread 128933928146624): HTTP 200 cookies=['ak_bmsc', 'bm_sv']
2026-06-01 00:50:09,139 INFO e14.session: primed Akamai session (thread 128937015350976): HTTP 200 cookies=['ak_bmsc', 'bm_sv']
2026-06-01 00:50:09,196 INFO e14.session: primed Akamai session (thread 128933911361216): HTTP 200 cookies=['ak_bmsc', 'bm_sv']
2026-06-01 00:50:09,198 INFO e14.session: primed Akamai session (thread 128935975179968): HTTP 200 cookies=['ak_bmsc', 'bm_sv']
2026-06-01 00:50:09,229 INFO e14.session: primed Akamai session (thread 128933961717440): HTTP 200 cookies=['ak_bmsc', 'bm_sv']
2026-06-01 00:50:09,233 INFO e14.session: primed Akamai session (thread 128935983572672): HTTP 200 cookies=['ak_bmsc', 'bm_sv']
2026-06-01 00:50:09,236 INFO e14.session: primed Akamai session (thread 128940807018176): HTTP 200 cookies=['ak_bmsc', 'bm_sv']
2026-06-01 00:50:09,279 INFO e14.session: primed Akamai session (thread 128934339389120): HTTP 200 cookies=['ak_bmsc', 'bm_sv']
2026-06-01 00:50:09,301 INFO e14.session: primed Akamai session (thread 128939724883648): HTTP 200 cookies=['ak_bmsc', 'bm_sv']
2026-06-01 00:50:09,329 INFO e14.session: primed Akamai session (thread 128936512050880): HTTP 200 cookies=['ak_bmsc', 'bm_sv']
2026-06-01 00:50:09,342 INFO e14.session: primed Akamai session (thread 128940781840064): HTTP 200 cookies=['ak_bmsc', 'bm_sv']
2026-06-01 00:50:09,365 INFO e14.session: primed Akamai session (thread 128938005231296): HTTP 200 cookies=['ak_bmsc', 'bm_sv']
2026-06-01 00:50:09,503 INFO e14.session: primed Akamai session (thread 128941427783360): HTTP 200 cookies=['ak_bmsc', 'bm_sv']
2026-06-01 00:50:09,539 INFO e14.session: primed Akamai session (thread 128933869397696): HTTP 200 cookies=['ak_bmsc', 'bm_sv']
2026-06-01 00:50:09,583 INFO e14.session: primed Akamai session (thread 128934230283968): HTTP 200 cookies=['ak_bmsc', 'bm_sv']
2026-06-01 00:50:09,584 INFO e14.session: primed Akamai session (thread 128934129571520): HTTP 200 cookies=['ak_bmsc', 'bm_sv']
2026-06-01 00:50:09,659 INFO e14.session: primed Akamai session (thread 128938793752256): HTTP 200 cookies=['ak_bmsc', 'bm_sv']
2026-06-01 00:50:09,685 INFO e14.session: primed Akamai session (thread 128934028859072): HTTP 200 cookies=['ak_bmsc', 'bm_sv']
2026-06-01 00:50:09,703 INFO e14.session: primed Akamai session (thread 128933978502848): HTTP 200 cookies=['ak_bmsc', 'bm_sv']
2026-06-01 00:50:09,777 INFO e14.session: primed Akamai session (thread 128933886183104): HTTP 200 cookies=['ak_bmsc', 'bm_sv']
2026-06-01 00:50:09,822 INFO e14.session: primed Akamai session (thread 128933902968512): HTTP 200 cookies=['ak_bmsc', 'bm_sv']
2026-06-01 00:50:09,907 INFO e14.session: primed Akamai session (thread 128933877790400): HTTP 200 cookies=['ak_bmsc', 'bm_sv']
2026-06-01 00:50:09,921 INFO e14.session: primed Akamai session (thread 128936478480064): HTTP 200 cookies=['ak_bmsc', 'bm_sv']
2026-06-01 00:50:09,923 INFO e14.session: primed Akamai session (thread 128935966787264): HTTP 200 cookies=['ak_bmsc', 'bm_sv']
2026-06-01 00:50:09,975 INFO e14.session: primed Akamai session (thread 128934070822592): HTTP 200 cookies=['ak_bmsc', 'bm_sv']
2026-06-01 00:50:10,121 INFO e14.session: primed Akamai session (thread 128941646083776): HTTP 200 cookies=['ak_bmsc', 'bm_sv']
2026-06-01 00:50:10,156 INFO e14.session: primed Akamai session (thread 128934205105856): HTTP 200 cookies=['ak_bmsc', 'bm_sv']
2026-06-01 00:50:10,191 INFO e14.session: primed Akamai session (thread 128934104393408): HTTP 200 cookies=['ak_bmsc', 'bm_sv']
2026-06-01 00:50:10,359 INFO e14.session: primed Akamai session (thread 128940815410880): HTTP 200 cookies=['ak_bmsc', 'bm_sv']
2026-06-01 00:50:10,360 INFO e14.session: primed Akamai session (thread 128934012073664): HTTP 200 cookies=['ak_bmsc', 'bm_sv']
2026-06-01 00:50:10,386 INFO e14.session: primed Akamai session (thread 128939213190848): HTTP 200 cookies=['ak_bmsc', 'bm_sv']
2026-06-01 00:50:10,431 INFO e14.session: primed Akamai session (thread 128934146356928): HTTP 200 cookies=['ak_bmsc', 'bm_sv']
2026-06-01 00:50:10,438 INFO e14.session: primed Akamai session (thread 128934003680960): HTTP 200 cookies=['ak_bmsc', 'bm_sv']
2026-06-01 00:50:10,518 INFO e14.session: primed Akamai session (thread 128939699705536): HTTP 200 cookies=['ak_bmsc', 'bm_sv']
2026-06-01 00:50:10,713 INFO e14.session: primed Akamai session (thread 128933944932032): HTTP 200 cookies=['ak_bmsc', 'bm_sv']
2026-06-01 00:50:11,519 INFO e14.session: primed Akamai session (thread 128933844219584): HTTP 200 cookies=['ak_bmsc', 'bm_sv']
2026-06-01 00:50:11,841 INFO e14.session: primed Akamai session (thread 128933936539328): HTTP 200 cookies=['ak_bmsc', 'bm_sv']
2026-06-01 00:50:12,947 INFO e14.session: primed Akamai session (thread 128933852612288): HTTP 200 cookies=['ak_bmsc', 'bm_sv']
2026-06-01 00:50:15,063 INFO e14.session: primed Akamai session (thread 128941385819840): HTTP 200 cookies=['ak_bmsc', 'bm_sv']
2026-06-01 00:50:15,226 INFO e14.session: primed Akamai session (thread 128933995288256): HTTP 200 cookies=['ak_bmsc', 'bm_sv']
2026-06-01 00:50:18,697 INFO e14.session: primed Akamai session (thread 128933919753920): HTTP 200 cookies=['ak_bmsc', 'bm_sv']
2026-06-01 00:50:38,759 INFO e14.session: primed Akamai session (thread 128934020466368): HTTP 200 cookies=['ak_bmsc', 'bm_sv']
2026-06-01 00:50:41,988 INFO e14.session: primed Akamai session (thread 128939162834624): HTTP 200 cookies=['ak_bmsc', 'bm_sv']
2026-06-01 00:51:00,678 INFO e14.session: primed Akamai session (thread 128934087608000): HTTP 200 cookies=['ak_bmsc', 'bm_sv']
2026-06-01 00:51:10,214 INFO e14.session: primed Akamai session (thread 128941394212544): HTTP 200 cookies=['ak_bmsc', 'bm_sv']
2026-06-01 00:51:12,198 INFO e14.session: primed Akamai session (thread 128934096000704): HTTP 200 cookies=['ak_bmsc', 'bm_sv']
2026-06-01 00:51:12,309 INFO e14.session: primed Akamai session (thread 128939179620032): HTTP 200 cookies=['ak_bmsc', 'bm_sv']
2026-06-01 00:51:12,410 INFO e14.session: primed Akamai session (thread 128935455094464): HTTP 200 cookies=['ak_bmsc', 'bm_sv']
2026-06-01 00:51:12,480 INFO e14.session: primed Akamai session (thread 128938533709504): HTTP 200 cookies=['ak_bmsc', 'bm_sv']
2026-06-01 00:51:12,552 INFO e14.session: primed Akamai session (thread 128937971660480): HTTP 200 cookies=['ak_bmsc', 'bm_sv']
2026-06-01 00:51:12,579 INFO e14.session: primed Akamai session (thread 128934289032896): HTTP 200 cookies=['ak_bmsc', 'bm_sv']
2026-06-01 00:51:12,592 INFO e14.session: primed Akamai session (thread 128939171227328): HTTP 200 cookies=['ak_bmsc', 'bm_sv']
2026-06-01 00:51:12,774 INFO e14.session: primed Akamai session (thread 128935941609152): HTTP 200 cookies=['ak_bmsc', 'bm_sv']
2026-06-01 00:51:12,791 INFO e14.session: primed Akamai session (thread 128940270147264): HTTP 200 cookies=['ak_bmsc', 'bm_sv']
2026-06-01 00:51:12,811 INFO e14.session: primed Akamai session (thread 128934154749632): HTTP 200 cookies=['ak_bmsc', 'bm_sv']
2026-06-01 00:51:12,864 INFO e14.session: primed Akamai session (thread 128940261754560): HTTP 200 cookies=['ak_bmsc', 'bm_sv']
2026-06-01 00:51:12,906 INFO e14.session: primed Akamai session (thread 128934263854784): HTTP 200 cookies=['ak_bmsc', 'bm_sv']
2026-06-01 00:51:12,913 INFO e14.session: primed Akamai session (thread 128934918223552): HTTP 200 cookies=['ak_bmsc', 'bm_sv']
2026-06-01 00:51:12,947 INFO e14.session: primed Akamai session (thread 128938785359552): HTTP 200 cookies=['ak_bmsc', 'bm_sv']
2026-06-01 00:51:13,004 INFO e14.session: primed Akamai session (thread 128934196713152): HTTP 200 cookies=['ak_bmsc', 'bm_sv']
2026-06-01 00:51:13,006 INFO e14.session: primed Akamai session (thread 128939204798144): HTTP 200 cookies=['ak_bmsc', 'bm_sv']
2026-06-01 00:51:13,009 INFO e14.session: primed Akamai session (thread 128934909830848): HTTP 200 cookies=['ak_bmsc', 'bm_sv']
2026-06-01 00:51:13,011 INFO e14.session: primed Akamai session (thread 128934179927744): HTTP 200 cookies=['ak_bmsc', 'bm_sv']
2026-06-01 00:51:13,023 INFO e14.session: primed Akamai session (thread 128936520443584): HTTP 200 cookies=['ak_bmsc', 'bm_sv']
2026-06-01 00:51:13,067 INFO e14.session: primed Akamai session (thread 128934381352640): HTTP 200 cookies=['ak_bmsc', 'bm_sv']
2026-06-01 00:51:13,080 INFO e14.session: primed Akamai session (thread 128940773447360): HTTP 200 cookies=['ak_bmsc', 'bm_sv']
2026-06-01 00:51:13,119 INFO e14.session: primed Akamai session (thread 128934305818304): HTTP 200 cookies=['ak_bmsc', 'bm_sv']
2026-06-01 00:51:13,139 INFO e14.session: primed Akamai session (thread 128939716490944): HTTP 200 cookies=['ak_bmsc', 'bm_sv']
2026-06-01 00:51:13,139 INFO e14.session: primed Akamai session (thread 128934112786112): HTTP 200 cookies=['ak_bmsc', 'bm_sv']
2026-06-01 00:51:13,179 INFO e14.session: primed Akamai session (thread 128940253361856): HTTP 200 cookies=['ak_bmsc', 'bm_sv']
2026-06-01 00:51:13,190 INFO e14.session: primed Akamai session (thread 128939741669056): HTTP 200 cookies=['ak_bmsc', 'bm_sv']
2026-06-01 00:51:13,196 INFO e14.session: primed Akamai session (thread 128935991965376): HTTP 200 cookies=['ak_bmsc', 'bm_sv']
2026-06-01 00:51:13,197 INFO e14.session: primed Akamai session (thread 128937048921792): HTTP 200 cookies=['ak_bmsc', 'bm_sv']
2026-06-01 00:51:13,215 INFO e14.session: primed Akamai session (thread 128934356174528): HTTP 200 cookies=['ak_bmsc', 'bm_sv']
2026-06-01 00:51:13,222 INFO e14.session: primed Akamai session (thread 128941654476480): HTTP 200 cookies=['ak_bmsc', 'bm_sv']
2026-06-01 00:51:13,248 INFO e14.session: primed Akamai session (thread 128937040529088): HTTP 200 cookies=['ak_bmsc', 'bm_sv']
2026-06-01 00:51:13,309 INFO e14.session: primed Akamai session (thread 128940798625472): HTTP 200 cookies=['ak_bmsc', 'bm_sv']
2026-06-01 00:51:13,312 INFO e14.session: primed Akamai session (thread 128937065707200): HTTP 200 cookies=['ak_bmsc', 'bm_sv']
2026-06-01 00:51:13,313 INFO e14.session: primed Akamai session (thread 128934247069376): HTTP 200 cookies=['ak_bmsc', 'bm_sv']
2026-06-01 00:51:13,323 INFO e14.session: primed Akamai session (thread 128935958394560): HTTP 200 cookies=['ak_bmsc', 'bm_sv']
2026-06-01 00:51:13,324 INFO e14.session: primed Akamai session (thread 128938491745984): HTTP 200 cookies=['ak_bmsc', 'bm_sv']
2026-06-01 00:51:13,333 INFO e14.session: primed Akamai session (thread 128934062429888): HTTP 200 cookies=['ak_bmsc', 'bm_sv']
2026-06-01 00:51:13,366 INFO e14.session: primed Akamai session (thread 128936503658176): HTTP 200 cookies=['ak_bmsc', 'bm_sv']
2026-06-01 00:51:13,382 INFO e14.session: primed Akamai session (thread 128937963267776): HTTP 200 cookies=['ak_bmsc', 'bm_sv']
2026-06-01 00:51:13,386 INFO e14.session: primed Akamai session (thread 128934221891264): HTTP 200 cookies=['ak_bmsc', 'bm_sv']
2026-06-01 00:51:13,389 INFO e14.session: primed Akamai session (thread 128933953324736): HTTP 200 cookies=['ak_bmsc', 'bm_sv']
2026-06-01 00:51:13,397 INFO e14.session: primed Akamai session (thread 128934297425600): HTTP 200 cookies=['ak_bmsc', 'bm_sv']
2026-06-01 00:51:13,429 INFO e14.session: primed Akamai session (thread 128938508531392): HTTP 200 cookies=['ak_bmsc', 'bm_sv']
2026-06-01 00:51:13,448 INFO e14.session: primed Akamai session (thread 128934347781824): HTTP 200 cookies=['ak_bmsc', 'bm_sv']
2026-06-01 00:51:13,449 INFO e14.session: primed Akamai session (thread 128934213498560): HTTP 200 cookies=['ak_bmsc', 'bm_sv']
2026-06-01 00:51:13,454 INFO e14.session: primed Akamai session (thread 128941419390656): HTTP 200 cookies=['ak_bmsc', 'bm_sv']
2026-06-01 00:51:13,478 INFO e14.session: primed Akamai session (thread 128935413130944): HTTP 200 cookies=['ak_bmsc', 'bm_sv']
2026-06-01 00:51:13,483 INFO e14.session: primed Akamai session (thread 128940244969152): HTTP 200 cookies=['ak_bmsc', 'bm_sv']
2026-06-01 00:51:13,538 INFO e14.session: primed Akamai session (thread 128934280640192): HTTP 200 cookies=['ak_bmsc', 'bm_sv']
2026-06-01 00:51:13,540 INFO e14.session: primed Akamai session (thread 128936512050880): HTTP 200 cookies=['ak_bmsc', 'bm_sv']
2026-06-01 00:51:13,554 INFO e14.session: primed Akamai session (thread 128938802144960): HTTP 200 cookies=['ak_bmsc', 'bm_sv']
2026-06-01 00:51:13,557 INFO e14.session: primed Akamai session (thread 128937023743680): HTTP 200 cookies=['ak_bmsc', 'bm_sv']
2026-06-01 00:51:13,571 INFO e14.session: primed Akamai session (thread 128935975179968): HTTP 200 cookies=['ak_bmsc', 'bm_sv']
2026-06-01 00:51:13,602 INFO e14.session: primed Akamai session (thread 128933894575808): HTTP 200 cookies=['ak_bmsc', 'bm_sv']
2026-06-01 00:51:13,616 INFO e14.session: primed Akamai session (thread 128934137964224): HTTP 200 cookies=['ak_bmsc', 'bm_sv']
2026-06-01 00:51:13,617 INFO e14.session: primed Akamai session (thread 128937057314496): HTTP 200 cookies=['ak_bmsc', 'bm_sv']
2026-06-01 00:51:13,620 INFO e14.session: primed Akamai session (thread 128937032136384): HTTP 200 cookies=['ak_bmsc', 'bm_sv']
2026-06-01 00:51:13,621 INFO e14.session: primed Akamai session (thread 128934188320448): HTTP 200 cookies=['ak_bmsc', 'bm_sv']
2026-06-01 00:51:13,624 INFO e14.session: primed Akamai session (thread 128934372959936): HTTP 200 cookies=['ak_bmsc', 'bm_sv']
2026-06-01 00:51:13,626 INFO e14.session: primed Akamai session (thread 128939196405440): HTTP 200 cookies=['ak_bmsc', 'bm_sv']
2026-06-01 00:51:13,644 INFO e14.session: primed Akamai session (thread 128935983572672): HTTP 200 cookies=['ak_bmsc', 'bm_sv']
2026-06-01 00:51:13,743 INFO e14.session: primed Akamai session (thread 128937015350976): HTTP 200 cookies=['ak_bmsc', 'bm_sv']
2026-06-01 00:51:13,805 INFO e14.session: primed Akamai session (thread 128937980053184): HTTP 200 cookies=['ak_bmsc', 'bm_sv']
2026-06-01 00:51:13,820 INFO e14.session: primed Akamai session (thread 128940278539968): HTTP 200 cookies=['ak_bmsc', 'bm_sv']
2026-06-01 00:51:13,833 INFO e14.session: primed Akamai session (thread 128935429916352): HTTP 200 cookies=['ak_bmsc', 'bm_sv']
2026-06-01 00:51:13,879 INFO e14.session: primed Akamai session (thread 128934867867328): HTTP 200 cookies=['ak_bmsc', 'bm_sv']
2026-06-01 00:51:13,881 INFO e14.session: primed Akamai session (thread 128934238676672): HTTP 200 cookies=['ak_bmsc', 'bm_sv']
2026-06-01 00:51:13,886 INFO e14.session: primed Akamai session (thread 128934893045440): HTTP 200 cookies=['ak_bmsc', 'bm_sv']
2026-06-01 00:51:13,888 INFO e14.session: primed Akamai session (thread 128937996838592): HTTP 200 cookies=['ak_bmsc', 'bm_sv']
2026-06-01 00:51:13,890 INFO e14.session: primed Akamai session (thread 128941402605248): HTTP 200 cookies=['ak_bmsc', 'bm_sv']
2026-06-01 00:51:13,901 INFO e14.session: primed Akamai session (thread 128934901438144): HTTP 200 cookies=['ak_bmsc', 'bm_sv']
2026-06-01 00:51:13,902 INFO e14.session: primed Akamai session (thread 128938768574144): HTTP 200 cookies=['ak_bmsc', 'bm_sv']
2026-06-01 00:51:13,919 INFO e14.session: primed Akamai session (thread 128934322603712): HTTP 200 cookies=['ak_bmsc', 'bm_sv']
2026-06-01 00:51:13,935 INFO e14.session: primed Akamai session (thread 128940807018176): HTTP 200 cookies=['ak_bmsc', 'bm_sv']
2026-06-01 00:51:13,961 INFO e14.session: primed Akamai session (thread 128939733276352): HTTP 200 cookies=['ak_bmsc', 'bm_sv']
2026-06-01 00:51:13,992 INFO e14.session: primed Akamai session (thread 128935438309056): HTTP 200 cookies=['ak_bmsc', 'bm_sv']
2026-06-01 00:51:14,001 INFO e14.session: primed Akamai session (thread 128938525316800): HTTP 200 cookies=['ak_bmsc', 'bm_sv']
2026-06-01 00:51:14,013 INFO e14.session: primed Akamai session (thread 128934364567232): HTTP 200 cookies=['ak_bmsc', 'bm_sv']
2026-06-01 00:51:14,014 INFO e14.session: primed Akamai session (thread 128933961717440): HTTP 200 cookies=['ak_bmsc', 'bm_sv']
2026-06-01 00:51:14,046 INFO e14.session: primed Akamai session (thread 128934037251776): HTTP 200 cookies=['ak_bmsc', 'bm_sv']
2026-06-01 00:51:14,047 INFO e14.session: primed Akamai session (thread 128934070822592): HTTP 200 cookies=['ak_bmsc', 'bm_sv']
2026-06-01 00:51:14,054 INFO e14.session: primed Akamai session (thread 128934045644480): HTTP 200 cookies=['ak_bmsc', 'bm_sv']
2026-06-01 00:51:14,084 INFO e14.session: primed Akamai session (thread 128934314211008): HTTP 200 cookies=['ak_bmsc', 'bm_sv']
2026-06-01 00:51:14,106 INFO e14.session: primed Akamai session (thread 128933911361216): HTTP 200 cookies=['ak_bmsc', 'bm_sv']
2026-06-01 00:51:14,170 INFO e14.session: primed Akamai session (thread 128934230283968): HTTP 200 cookies=['ak_bmsc', 'bm_sv']
2026-06-01 00:51:14,170 INFO e14.session: primed Akamai session (thread 128934205105856): HTTP 200 cookies=['ak_bmsc', 'bm_sv']
2026-06-01 00:51:14,187 INFO e14.session: primed Akamai session (thread 128940236576448): HTTP 200 cookies=['ak_bmsc', 'bm_sv']
2026-06-01 00:51:14,208 INFO e14.session: primed Akamai session (thread 128940286932672): HTTP 200 cookies=['ak_bmsc', 'bm_sv']
2026-06-01 00:51:14,227 INFO e14.session: primed Akamai session (thread 128933970110144): HTTP 200 cookies=['ak_bmsc', 'bm_sv']
2026-06-01 00:51:14,232 INFO e14.session: primed Akamai session (thread 128938516924096): HTTP 200 cookies=['ak_bmsc', 'bm_sv']
2026-06-01 00:51:14,238 INFO e14.session: primed Akamai session (thread 128938005231296): HTTP 200 cookies=['ak_bmsc', 'bm_sv']
2026-06-01 00:51:14,277 INFO e14.session: primed Akamai session (thread 128938542102208): HTTP 200 cookies=['ak_bmsc', 'bm_sv']
2026-06-01 00:51:14,278 INFO e14.session: primed Akamai session (thread 128941377427136): HTTP 200 cookies=['ak_bmsc', 'bm_sv']
2026-06-01 00:51:14,280 INFO e14.session: primed Akamai session (thread 128934884652736): HTTP 200 cookies=['ak_bmsc', 'bm_sv']
2026-06-01 00:51:14,323 INFO e14.session: primed Akamai session (thread 128938500138688): HTTP 200 cookies=['ak_bmsc', 'bm_sv']
2026-06-01 00:51:14,334 INFO e14.session: primed Akamai session (thread 128936528836288): HTTP 200 cookies=['ak_bmsc', 'bm_sv']
2026-06-01 00:51:14,336 INFO e14.session: primed Akamai session (thread 128934028859072): HTTP 200 cookies=['ak_bmsc', 'bm_sv']
2026-06-01 00:51:14,364 INFO e14.session: primed Akamai session (thread 128933986895552): HTTP 200 cookies=['ak_bmsc', 'bm_sv']
2026-06-01 00:51:14,372 INFO e14.session: primed Akamai session (thread 128935421523648): HTTP 200 cookies=['ak_bmsc', 'bm_sv']
2026-06-01 00:51:14,374 INFO e14.session: primed Akamai session (thread 128941646083776): HTTP 200 cookies=['ak_bmsc', 'bm_sv']
2026-06-01 00:51:14,389 INFO e14.session: primed Akamai session (thread 128936486872768): HTTP 200 cookies=['ak_bmsc', 'bm_sv']
2026-06-01 00:51:14,394 INFO e14.session: primed Akamai session (thread 128933886183104): HTTP 200 cookies=['ak_bmsc', 'bm_sv']
2026-06-01 00:51:14,407 INFO e14.session: primed Akamai session (thread 128934876260032): HTTP 200 cookies=['ak_bmsc', 'bm_sv']
2026-06-01 00:51:14,413 INFO e14.session: primed Akamai session (thread 128941410997952): HTTP 200 cookies=['ak_bmsc', 'bm_sv']
2026-06-01 00:51:14,414 INFO e14.session: primed Akamai session (thread 128934012073664): HTTP 200 cookies=['ak_bmsc', 'bm_sv']
2026-06-01 00:51:14,417 INFO e14.session: primed Akamai session (thread 128939188012736): HTTP 200 cookies=['ak_bmsc', 'bm_sv']
2026-06-01 00:51:14,434 INFO e14.session: primed Akamai session (thread 128933861004992): HTTP 200 cookies=['ak_bmsc', 'bm_sv']
2026-06-01 00:51:14,453 INFO e14.session: primed Akamai session (thread 128934255462080): HTTP 200 cookies=['ak_bmsc', 'bm_sv']
2026-06-01 00:51:14,453 INFO e14.session: primed Akamai session (thread 128938793752256): HTTP 200 cookies=['ak_bmsc', 'bm_sv']
2026-06-01 00:51:14,491 INFO e14.session: primed Akamai session (thread 128934079215296): HTTP 200 cookies=['ak_bmsc', 'bm_sv']
2026-06-01 00:51:14,597 INFO e14.session: primed Akamai session (thread 128940815410880): HTTP 200 cookies=['ak_bmsc', 'bm_sv']
2026-06-01 00:51:14,616 INFO e14.session: primed Akamai session (thread 128938776966848): HTTP 200 cookies=['ak_bmsc', 'bm_sv']
2026-06-01 00:51:14,673 INFO e14.session: primed Akamai session (thread 128940781840064): HTTP 200 cookies=['ak_bmsc', 'bm_sv']
2026-06-01 00:51:14,693 INFO e14.session: primed Akamai session (thread 128934171535040): HTTP 200 cookies=['ak_bmsc', 'bm_sv']
2026-06-01 00:51:14,698 INFO e14.session: primed Akamai session (thread 128936495265472): HTTP 200 cookies=['ak_bmsc', 'bm_sv']
2026-06-01 00:51:14,751 INFO e14.session: primed Akamai session (thread 128935950001856): HTTP 200 cookies=['ak_bmsc', 'bm_sv']
2026-06-01 00:51:14,830 INFO e14.session: primed Akamai session (thread 128938760181440): HTTP 200 cookies=['ak_bmsc', 'bm_sv']
2026-06-01 00:51:14,873 INFO e14.session: primed Akamai session (thread 128936478480064): HTTP 200 cookies=['ak_bmsc', 'bm_sv']
2026-06-01 00:51:14,882 INFO e14.session: primed Akamai session (thread 128934339389120): HTTP 200 cookies=['ak_bmsc', 'bm_sv']
2026-06-01 00:51:14,887 INFO e14.session: primed Akamai session (thread 128934054037184): HTTP 200 cookies=['ak_bmsc', 'bm_sv']
2026-06-01 00:51:14,891 INFO e14.session: primed Akamai session (thread 128941637691072): HTTP 200 cookies=['ak_bmsc', 'bm_sv']
2026-06-01 00:51:14,924 INFO e14.session: primed Akamai session (thread 128940790232768): HTTP 200 cookies=['ak_bmsc', 'bm_sv']
2026-06-01 00:51:14,945 INFO e14.session: primed Akamai session (thread 128933869397696): HTTP 200 cookies=['ak_bmsc', 'bm_sv']
2026-06-01 00:51:14,961 INFO e14.session: primed Akamai session (thread 128940823803584): HTTP 200 cookies=['ak_bmsc', 'bm_sv']
2026-06-01 00:51:15,075 INFO e14.session: primed Akamai session (thread 128933835826880): HTTP 200 cookies=['ak_bmsc', 'bm_sv']
2026-06-01 00:51:15,082 INFO e14.session: primed Akamai session (thread 128939750061760): HTTP 200 cookies=['ak_bmsc', 'bm_sv']
2026-06-01 00:51:15,086 INFO e14.session: primed Akamai session (thread 128935404738240): HTTP 200 cookies=['ak_bmsc', 'bm_sv']
2026-06-01 00:51:15,205 INFO e14.session: primed Akamai session (thread 128937988445888): HTTP 200 cookies=['ak_bmsc', 'bm_sv']
2026-06-01 00:51:15,218 INFO e14.session: primed Akamai session (thread 128933978502848): HTTP 200 cookies=['ak_bmsc', 'bm_sv']
2026-06-01 00:51:15,235 INFO e14.session: primed Akamai session (thread 128933928146624): HTTP 200 cookies=['ak_bmsc', 'bm_sv']
2026-06-01 00:51:15,236 INFO e14.session: primed Akamai session (thread 128933944932032): HTTP 200 cookies=['ak_bmsc', 'bm_sv']
2026-06-01 00:51:15,300 INFO e14.session: primed Akamai session (thread 128934146356928): HTTP 200 cookies=['ak_bmsc', 'bm_sv']
2026-06-01 00:51:15,376 INFO e14.session: primed Akamai session (thread 128939724883648): HTTP 200 cookies=['ak_bmsc', 'bm_sv']
2026-06-01 00:51:15,449 INFO e14.session: primed Akamai session (thread 128939213190848): HTTP 200 cookies=['ak_bmsc', 'bm_sv']
2026-06-01 00:51:15,533 INFO e14.session: primed Akamai session (thread 128934330996416): HTTP 200 cookies=['ak_bmsc', 'bm_sv']
2026-06-01 00:51:15,544 INFO e14.session: primed Akamai session (thread 128934129571520): HTTP 200 cookies=['ak_bmsc', 'bm_sv']
2026-06-01 00:51:15,619 INFO e14.session: primed Akamai session (thread 128939708098240): HTTP 200 cookies=['ak_bmsc', 'bm_sv']
2026-06-01 00:51:15,646 INFO e14.session: primed Akamai session (thread 128933877790400): HTTP 200 cookies=['ak_bmsc', 'bm_sv']
2026-06-01 00:51:15,696 INFO e14.session: primed Akamai session (thread 128935446701760): HTTP 200 cookies=['ak_bmsc', 'bm_sv']
2026-06-01 00:51:15,766 INFO e14.session: primed Akamai session (thread 128935966787264): HTTP 200 cookies=['ak_bmsc', 'bm_sv']
2026-06-01 00:51:15,806 INFO e14.session: primed Akamai session (thread 128939699705536): HTTP 200 cookies=['ak_bmsc', 'bm_sv']
2026-06-01 00:51:16,120 INFO e14.session: primed Akamai session (thread 128941427783360): HTTP 200 cookies=['ak_bmsc', 'bm_sv']
2026-06-01 00:51:16,121 INFO e14.session: primed Akamai session (thread 128933936539328): HTTP 200 cookies=['ak_bmsc', 'bm_sv']
2026-06-01 00:51:16,575 INFO e14.session: primed Akamai session (thread 128933844219584): HTTP 200 cookies=['ak_bmsc', 'bm_sv']
2026-06-01 00:51:17,011 INFO e14.session: primed Akamai session (thread 128933852612288): HTTP 200 cookies=['ak_bmsc', 'bm_sv']
2026-06-01 00:51:17,375 INFO e14.session: primed Akamai session (thread 128934163142336): HTTP 200 cookies=['ak_bmsc', 'bm_sv']
2026-06-01 00:51:17,678 INFO e14.session: primed Akamai session (thread 128933902968512): HTTP 200 cookies=['ak_bmsc', 'bm_sv']
2026-06-01 00:51:18,208 INFO e14.session: primed Akamai session (thread 128933995288256): HTTP 200 cookies=['ak_bmsc', 'bm_sv']
2026-06-01 00:51:18,696 INFO e14.session: primed Akamai session (thread 128934272247488): HTTP 200 cookies=['ak_bmsc', 'bm_sv']
2026-06-01 00:51:21,763 INFO e14.session: primed Akamai session (thread 128941385819840): HTTP 200 cookies=['ak_bmsc', 'bm_sv']
2026-06-01 00:51:26,593 INFO e14.session: primed Akamai session (thread 128933919753920): HTTP 200 cookies=['ak_bmsc', 'bm_sv']
2026-06-01 00:51:46,621 INFO e14.session: primed Akamai session (thread 128934020466368): HTTP 200 cookies=['ak_bmsc', 'bm_sv']
2026-06-01 00:51:47,336 INFO e14.session: primed Akamai session (thread 128939162834624): HTTP 200 cookies=['ak_bmsc', 'bm_sv']
2026-06-01 00:51:53,344 INFO e14.session: primed Akamai session (thread 128938810537664): HTTP 200 cookies=['ak_bmsc', 'bm_sv']
2026-06-01 00:52:02,417 INFO e14.session: primed Akamai session (thread 128934104393408): HTTP 200 cookies=['ak_bmsc', 'bm_sv']
2026-06-01 00:52:08,053 INFO e14.session: primed Akamai session (thread 128934087608000): HTTP 200 cookies=['ak_bmsc', 'bm_sv']
2026-06-01 00:52:09,455 INFO e14.session: primed Akamai session (thread 128934121178816): HTTP 200 cookies=['ak_bmsc', 'bm_sv']
2026-06-01 00:52:10,559 INFO e14.session: primed Akamai session (thread 128934003680960): HTTP 200 cookies=['ak_bmsc', 'bm_sv']
2026-06-01 00:52:11,127 INFO e14.session: primed Akamai session (thread 128937954875072): HTTP 200 cookies=['ak_bmsc', 'bm_sv']
2026-06-01 00:52:16,698 INFO e14.session: primed Akamai session (thread 128941394212544): HTTP 200 cookies=['ak_bmsc', 'bm_sv']
2026-06-01 00:52:18,661 INFO e14.session: primed Akamai session (thread 128934096000704): HTTP 200 cookies=['ak_bmsc', 'bm_sv']
2026-06-01 00:52:19,070 INFO e14.session: primed Akamai session (thread 128934381352640): HTTP 200 cookies=['ak_bmsc', 'bm_sv']
2026-06-01 00:52:19,236 INFO e14.session: primed Akamai session (thread 128939204798144): HTTP 200 cookies=['ak_bmsc', 'bm_sv']
2026-06-01 00:52:19,459 INFO e14.session: primed Akamai session (thread 128934196713152): HTTP 200 cookies=['ak_bmsc', 'bm_sv']
2026-06-01 00:52:19,526 INFO e14.session: primed Akamai session (thread 128934356174528): HTTP 200 cookies=['ak_bmsc', 'bm_sv']
2026-06-01 00:52:19,578 INFO e14.session: primed Akamai session (thread 128935455094464): HTTP 200 cookies=['ak_bmsc', 'bm_sv']
2026-06-01 00:52:19,583 INFO e14.session: primed Akamai session (thread 128937040529088): HTTP 200 cookies=['ak_bmsc', 'bm_sv']
2026-06-01 00:52:19,704 INFO e14.session: primed Akamai session (thread 128934305818304): HTTP 200 cookies=['ak_bmsc', 'bm_sv']
2026-06-01 00:52:19,884 INFO e14.session: primed Akamai session (thread 128934297425600): HTTP 200 cookies=['ak_bmsc', 'bm_sv']
2026-06-01 00:52:19,920 INFO e14.session: primed Akamai session (thread 128937065707200): HTTP 200 cookies=['ak_bmsc', 'bm_sv']
2026-06-01 00:52:19,983 INFO e14.session: primed Akamai session (thread 128935941609152): HTTP 200 cookies=['ak_bmsc', 'bm_sv']
2026-06-01 00:52:20,032 INFO e14.session: primed Akamai session (thread 128938785359552): HTTP 200 cookies=['ak_bmsc', 'bm_sv']
2026-06-01 00:52:20,096 INFO e14.session: primed Akamai session (thread 128936520443584): HTTP 200 cookies=['ak_bmsc', 'bm_sv']
2026-06-01 00:52:20,098 INFO e14.session: primed Akamai session (thread 128937963267776): HTTP 200 cookies=['ak_bmsc', 'bm_sv']
2026-06-01 00:52:20,125 INFO e14.session: primed Akamai session (thread 128933911361216): HTTP 200 cookies=['ak_bmsc', 'bm_sv']
2026-06-01 00:52:20,140 INFO e14.session: primed Akamai session (thread 128939179620032): HTTP 200 cookies=['ak_bmsc', 'bm_sv']
2026-06-01 00:52:20,172 INFO e14.session: primed Akamai session (thread 128940773447360): HTTP 200 cookies=['ak_bmsc', 'bm_sv']
2026-06-01 00:52:20,177 INFO e14.session: primed Akamai session (thread 128941654476480): HTTP 200 cookies=['ak_bmsc', 'bm_sv']
2026-06-01 00:52:20,187 INFO e14.session: primed Akamai session (thread 128934188320448): HTTP 200 cookies=['ak_bmsc', 'bm_sv']
2026-06-01 00:52:20,307 INFO e14.session: primed Akamai session (thread 128935958394560): HTTP 200 cookies=['ak_bmsc', 'bm_sv']
2026-06-01 00:52:20,320 INFO e14.session: primed Akamai session (thread 128935991965376): HTTP 200 cookies=['ak_bmsc', 'bm_sv']
2026-06-01 00:52:20,351 INFO e14.session: primed Akamai session (thread 128934347781824): HTTP 200 cookies=['ak_bmsc', 'bm_sv']
2026-06-01 00:52:20,397 INFO e14.session: primed Akamai session (thread 128935975179968): HTTP 200 cookies=['ak_bmsc', 'bm_sv']
2026-06-01 00:52:20,399 INFO e14.session: primed Akamai session (thread 128934154749632): HTTP 200 cookies=['ak_bmsc', 'bm_sv']
2026-06-01 00:52:20,431 INFO e14.session: primed Akamai session (thread 128940270147264): HTTP 200 cookies=['ak_bmsc', 'bm_sv']
2026-06-01 00:52:20,442 INFO e14.session: primed Akamai session (thread 128937971660480): HTTP 200 cookies=['ak_bmsc', 'bm_sv']
2026-06-01 00:52:20,454 INFO e14.session: primed Akamai session (thread 128934372959936): HTTP 200 cookies=['ak_bmsc', 'bm_sv']
2026-06-01 00:52:20,474 INFO e14.session: primed Akamai session (thread 128934247069376): HTTP 200 cookies=['ak_bmsc', 'bm_sv']
2026-06-01 00:52:20,482 INFO e14.session: primed Akamai session (thread 128939733276352): HTTP 200 cookies=['ak_bmsc', 'bm_sv']
2026-06-01 00:52:20,521 INFO e14.session: primed Akamai session (thread 128938491745984): HTTP 200 cookies=['ak_bmsc', 'bm_sv']
2026-06-01 00:52:20,523 INFO e14.session: primed Akamai session (thread 128938500138688): HTTP 200 cookies=['ak_bmsc', 'bm_sv']
2026-06-01 00:52:20,569 INFO e14.session: primed Akamai session (thread 128933961717440): HTTP 200 cookies=['ak_bmsc', 'bm_sv']
2026-06-01 00:52:20,581 INFO e14.session: primed Akamai session (thread 128937032136384): HTTP 200 cookies=['ak_bmsc', 'bm_sv']
2026-06-01 00:52:20,597 INFO e14.session: primed Akamai session (thread 128939741669056): HTTP 200 cookies=['ak_bmsc', 'bm_sv']
2026-06-01 00:52:20,620 INFO e14.session: primed Akamai session (thread 128938005231296): HTTP 200 cookies=['ak_bmsc', 'bm_sv']
2026-06-01 00:52:20,679 INFO e14.session: primed Akamai session (thread 128940261754560): HTTP 200 cookies=['ak_bmsc', 'bm_sv']
2026-06-01 00:52:20,725 INFO e14.session: primed Akamai session (thread 128938533709504): HTTP 200 cookies=['ak_bmsc', 'bm_sv']
2026-06-01 00:52:20,735 INFO e14.session: primed Akamai session (thread 128935413130944): HTTP 200 cookies=['ak_bmsc', 'bm_sv']
2026-06-01 00:52:20,775 INFO e14.session: primed Akamai session (thread 128934028859072): HTTP 200 cookies=['ak_bmsc', 'bm_sv']
2026-06-01 00:52:20,786 INFO e14.session: primed Akamai session (thread 128934884652736): HTTP 200 cookies=['ak_bmsc', 'bm_sv']
2026-06-01 00:52:20,809 INFO e14.session: primed Akamai session (thread 128933886183104): HTTP 200 cookies=['ak_bmsc', 'bm_sv']
2026-06-01 00:52:20,845 INFO e14.session: primed Akamai session (thread 128940798625472): HTTP 200 cookies=['ak_bmsc', 'bm_sv']
2026-06-01 00:52:20,871 INFO e14.session: primed Akamai session (thread 128936528836288): HTTP 200 cookies=['ak_bmsc', 'bm_sv']
2026-06-01 00:52:20,893 INFO e14.session: primed Akamai session (thread 128934280640192): HTTP 200 cookies=['ak_bmsc', 'bm_sv']
2026-06-01 00:52:20,917 INFO e14.session: primed Akamai session (thread 128934221891264): HTTP 200 cookies=['ak_bmsc', 'bm_sv']
2026-06-01 00:52:21,011 INFO e14.session: primed Akamai session (thread 128934255462080): HTTP 200 cookies=['ak_bmsc', 'bm_sv']
2026-06-01 00:52:21,024 INFO e14.session: primed Akamai session (thread 128934112786112): HTTP 200 cookies=['ak_bmsc', 'bm_sv']
2026-06-01 00:52:21,093 INFO e14.session: primed Akamai session (thread 128936512050880): HTTP 200 cookies=['ak_bmsc', 'bm_sv']
2026-06-01 00:52:21,137 INFO e14.session: primed Akamai session (thread 128939716490944): HTTP 200 cookies=['ak_bmsc', 'bm_sv']
2026-06-01 00:52:21,163 INFO e14.session: primed Akamai session (thread 128934918223552): HTTP 200 cookies=['ak_bmsc', 'bm_sv']
2026-06-01 00:52:21,177 INFO e14.session: primed Akamai session (thread 128938525316800): HTTP 200 cookies=['ak_bmsc', 'bm_sv']
2026-06-01 00:52:21,181 INFO e14.session: primed Akamai session (thread 128934901438144): HTTP 200 cookies=['ak_bmsc', 'bm_sv']
2026-06-01 00:52:21,309 INFO e14.session: primed Akamai session (thread 128935983572672): HTTP 200 cookies=['ak_bmsc', 'bm_sv']
2026-06-01 00:52:21,348 INFO e14.session: primed Akamai session (thread 128940244969152): HTTP 200 cookies=['ak_bmsc', 'bm_sv']
2026-06-01 00:52:21,349 INFO e14.session: primed Akamai session (thread 128937015350976): HTTP 200 cookies=['ak_bmsc', 'bm_sv']
2026-06-01 00:52:21,378 INFO e14.session: primed Akamai session (thread 128941410997952): HTTP 200 cookies=['ak_bmsc', 'bm_sv']
2026-06-01 00:52:21,393 INFO e14.session: primed Akamai session (thread 128941419390656): HTTP 200 cookies=['ak_bmsc', 'bm_sv']
2026-06-01 00:52:21,406 INFO e14.session: primed Akamai session (thread 128933861004992): HTTP 200 cookies=['ak_bmsc', 'bm_sv']
2026-06-01 00:52:21,421 INFO e14.session: primed Akamai session (thread 128934314211008): HTTP 200 cookies=['ak_bmsc', 'bm_sv']
2026-06-01 00:52:21,431 INFO e14.session: primed Akamai session (thread 128938802144960): HTTP 200 cookies=['ak_bmsc', 'bm_sv']
2026-06-01 00:52:21,471 INFO e14.session: primed Akamai session (thread 128934062429888): HTTP 200 cookies=['ak_bmsc', 'bm_sv']
2026-06-01 00:52:21,477 INFO e14.session: primed Akamai session (thread 128934330996416): HTTP 200 cookies=['ak_bmsc', 'bm_sv']
2026-06-01 00:52:21,528 INFO e14.session: primed Akamai session (thread 128937996838592): HTTP 200 cookies=['ak_bmsc', 'bm_sv']
2026-06-01 00:52:21,580 INFO e14.session: primed Akamai session (thread 128934213498560): HTTP 200 cookies=['ak_bmsc', 'bm_sv']
2026-06-01 00:52:21,620 INFO e14.session: primed Akamai session (thread 128938776966848): HTTP 200 cookies=['ak_bmsc', 'bm_sv']
2026-06-01 00:52:21,661 INFO e14.session: primed Akamai session (thread 128937980053184): HTTP 200 cookies=['ak_bmsc', 'bm_sv']
2026-06-01 00:52:21,675 INFO e14.session: primed Akamai session (thread 128935421523648): HTTP 200 cookies=['ak_bmsc', 'bm_sv']
2026-06-01 00:52:21,703 INFO e14.session: primed Akamai session (thread 128938793752256): HTTP 200 cookies=['ak_bmsc', 'bm_sv']
2026-06-01 00:52:21,740 INFO e14.session: primed Akamai session (thread 128937057314496): HTTP 200 cookies=['ak_bmsc', 'bm_sv']
2026-06-01 00:52:21,764 INFO e14.session: primed Akamai session (thread 128935438309056): HTTP 200 cookies=['ak_bmsc', 'bm_sv']
2026-06-01 00:52:21,790 INFO e14.session: primed Akamai session (thread 128933953324736): HTTP 200 cookies=['ak_bmsc', 'bm_sv']
2026-06-01 00:52:21,792 INFO e14.session: primed Akamai session (thread 128934179927744): HTTP 200 cookies=['ak_bmsc', 'bm_sv']
2026-06-01 00:52:21,867 INFO e14.session: primed Akamai session (thread 128937048921792): HTTP 200 cookies=['ak_bmsc', 'bm_sv']
2026-06-01 00:52:21,883 INFO e14.session: primed Akamai session (thread 128940286932672): HTTP 200 cookies=['ak_bmsc', 'bm_sv']
2026-06-01 00:52:21,898 INFO e14.session: primed Akamai session (thread 128936503658176): HTTP 200 cookies=['ak_bmsc', 'bm_sv']
2026-06-01 00:52:21,919 INFO e14.session: primed Akamai session (thread 128941377427136): HTTP 200 cookies=['ak_bmsc', 'bm_sv']
2026-06-01 00:52:21,942 INFO e14.session: primed Akamai session (thread 128934137964224): HTTP 200 cookies=['ak_bmsc', 'bm_sv']
2026-06-01 00:52:22,002 INFO e14.session: primed Akamai session (thread 128933978502848): HTTP 200 cookies=['ak_bmsc', 'bm_sv']
2026-06-01 00:52:22,010 INFO e14.session: primed Akamai session (thread 128934364567232): HTTP 200 cookies=['ak_bmsc', 'bm_sv']
2026-06-01 00:52:22,050 INFO e14.session: primed Akamai session (thread 128940807018176): HTTP 200 cookies=['ak_bmsc', 'bm_sv']
2026-06-01 00:52:22,066 INFO e14.session: primed Akamai session (thread 128939213190848): HTTP 200 cookies=['ak_bmsc', 'bm_sv']
2026-06-01 00:52:22,093 INFO e14.session: primed Akamai session (thread 128934909830848): HTTP 200 cookies=['ak_bmsc', 'bm_sv']
2026-06-01 00:52:22,183 INFO e14.session: primed Akamai session (thread 128938768574144): HTTP 200 cookies=['ak_bmsc', 'bm_sv']
2026-06-01 00:52:22,192 INFO e14.session: primed Akamai session (thread 128939196405440): HTTP 200 cookies=['ak_bmsc', 'bm_sv']
2026-06-01 00:52:22,203 INFO e14.session: primed Akamai session (thread 128940236576448): HTTP 200 cookies=['ak_bmsc', 'bm_sv']
2026-06-01 00:52:22,278 INFO e14.session: primed Akamai session (thread 128934893045440): HTTP 200 cookies=['ak_bmsc', 'bm_sv']
2026-06-01 00:52:22,296 INFO e14.session: primed Akamai session (thread 128935950001856): HTTP 200 cookies=['ak_bmsc', 'bm_sv']
2026-06-01 00:52:22,336 INFO e14.session: primed Akamai session (thread 128938542102208): HTTP 200 cookies=['ak_bmsc', 'bm_sv']
2026-06-01 00:52:22,349 INFO e14.session: primed Akamai session (thread 128933869397696): HTTP 200 cookies=['ak_bmsc', 'bm_sv']
2026-06-01 00:52:22,350 INFO e14.session: primed Akamai session (thread 128934322603712): HTTP 200 cookies=['ak_bmsc', 'bm_sv']
2026-06-01 00:52:22,358 INFO e14.session: primed Akamai session (thread 128939724883648): HTTP 200 cookies=['ak_bmsc', 'bm_sv']
2026-06-01 00:52:22,374 INFO e14.session: primed Akamai session (thread 128934339389120): HTTP 200 cookies=['ak_bmsc', 'bm_sv']
2026-06-01 00:52:22,375 INFO e14.session: primed Akamai session (thread 128941637691072): HTTP 200 cookies=['ak_bmsc', 'bm_sv']
2026-06-01 00:52:22,378 INFO e14.session: primed Akamai session (thread 128934045644480): HTTP 200 cookies=['ak_bmsc', 'bm_sv']
2026-06-01 00:52:22,396 INFO e14.session: primed Akamai session (thread 128941646083776): HTTP 200 cookies=['ak_bmsc', 'bm_sv']
2026-06-01 00:52:22,426 INFO e14.session: primed Akamai session (thread 128934079215296): HTTP 200 cookies=['ak_bmsc', 'bm_sv']
2026-06-01 00:52:22,488 INFO e14.session: primed Akamai session (thread 128933944932032): HTTP 200 cookies=['ak_bmsc', 'bm_sv']
2026-06-01 00:52:22,518 INFO e14.session: primed Akamai session (thread 128935429916352): HTTP 200 cookies=['ak_bmsc', 'bm_sv']
2026-06-01 00:52:22,580 INFO e14.session: primed Akamai session (thread 128934129571520): HTTP 200 cookies=['ak_bmsc', 'bm_sv']
2026-06-01 00:52:22,631 INFO e14.session: primed Akamai session (thread 128934230283968): HTTP 200 cookies=['ak_bmsc', 'bm_sv']
2026-06-01 00:52:22,631 INFO e14.session: primed Akamai session (thread 128940278539968): HTTP 200 cookies=['ak_bmsc', 'bm_sv']
2026-06-01 00:52:22,690 INFO e14.session: primed Akamai session (thread 128939188012736): HTTP 200 cookies=['ak_bmsc', 'bm_sv']
2026-06-01 00:52:22,760 INFO e14.session: primed Akamai session (thread 128936486872768): HTTP 200 cookies=['ak_bmsc', 'bm_sv']
2026-06-01 00:52:22,761 INFO e14.session: primed Akamai session (thread 128941427783360): HTTP 200 cookies=['ak_bmsc', 'bm_sv']
2026-06-01 00:52:22,836 INFO e14.session: primed Akamai session (thread 128939708098240): HTTP 200 cookies=['ak_bmsc', 'bm_sv']
2026-06-01 00:52:22,870 INFO e14.session: primed Akamai session (thread 128939750061760): HTTP 200 cookies=['ak_bmsc', 'bm_sv']
2026-06-01 00:52:22,872 INFO e14.session: primed Akamai session (thread 128940781840064): HTTP 200 cookies=['ak_bmsc', 'bm_sv']
2026-06-01 00:52:22,916 INFO e14.session: primed Akamai session (thread 128937988445888): HTTP 200 cookies=['ak_bmsc', 'bm_sv']
2026-06-01 00:52:22,987 INFO e14.session: primed Akamai session (thread 128940790232768): HTTP 200 cookies=['ak_bmsc', 'bm_sv']
2026-06-01 00:52:23,003 INFO e14.session: primed Akamai session (thread 128934289032896): HTTP 200 cookies=['ak_bmsc', 'bm_sv']
2026-06-01 00:52:23,025 INFO e14.session: primed Akamai session (thread 128933936539328): HTTP 200 cookies=['ak_bmsc', 'bm_sv']
2026-06-01 00:52:23,056 INFO e14.session: primed Akamai session (thread 128933852612288): HTTP 200 cookies=['ak_bmsc', 'bm_sv']
2026-06-01 00:52:23,081 INFO e14.session: primed Akamai session (thread 128937023743680): HTTP 200 cookies=['ak_bmsc', 'bm_sv']
2026-06-01 00:52:23,151 INFO e14.session: primed Akamai session (thread 128936478480064): HTTP 200 cookies=['ak_bmsc', 'bm_sv']
2026-06-01 00:52:23,175 INFO e14.session: primed Akamai session (thread 128933844219584): HTTP 200 cookies=['ak_bmsc', 'bm_sv']
2026-06-01 00:52:23,200 INFO e14.session: primed Akamai session (thread 128938760181440): HTTP 200 cookies=['ak_bmsc', 'bm_sv']
2026-06-01 00:52:23,314 INFO e14.session: primed Akamai session (thread 128933970110144): HTTP 200 cookies=['ak_bmsc', 'bm_sv']
2026-06-01 00:52:23,323 INFO e14.session: primed Akamai session (thread 128939171227328): HTTP 200 cookies=['ak_bmsc', 'bm_sv']
2026-06-01 00:52:23,381 INFO e14.session: primed Akamai session (thread 128933835826880): HTTP 200 cookies=['ak_bmsc', 'bm_sv']
2026-06-01 00:52:23,448 INFO e14.session: primed Akamai session (thread 128934272247488): HTTP 200 cookies=['ak_bmsc', 'bm_sv']
2026-06-01 00:52:23,513 INFO e14.session: primed Akamai session (thread 128934205105856): HTTP 200 cookies=['ak_bmsc', 'bm_sv']
2026-06-01 00:52:23,601 INFO e14.session: primed Akamai session (thread 128935404738240): HTTP 200 cookies=['ak_bmsc', 'bm_sv']
2026-06-01 00:52:23,619 INFO e14.session: primed Akamai session (thread 128935966787264): HTTP 200 cookies=['ak_bmsc', 'bm_sv']
2026-06-01 00:52:23,783 INFO e14.session: primed Akamai session (thread 128934263854784): HTTP 200 cookies=['ak_bmsc', 'bm_sv']
2026-06-01 00:52:23,836 INFO e14.session: primed Akamai session (thread 128938508531392): HTTP 200 cookies=['ak_bmsc', 'bm_sv']
2026-06-01 00:52:23,848 INFO e14.session: primed Akamai session (thread 128933928146624): HTTP 200 cookies=['ak_bmsc', 'bm_sv']
2026-06-01 00:52:23,914 INFO e14.session: primed Akamai session (thread 128933877790400): HTTP 200 cookies=['ak_bmsc', 'bm_sv']
2026-06-01 00:52:23,951 INFO e14.session: primed Akamai session (thread 128933902968512): HTTP 200 cookies=['ak_bmsc', 'bm_sv']
2026-06-01 00:52:24,121 INFO e14.session: primed Akamai session (thread 128933894575808): HTTP 200 cookies=['ak_bmsc', 'bm_sv']
2026-06-01 00:52:24,207 INFO e14.session: primed Akamai session (thread 128934171535040): HTTP 200 cookies=['ak_bmsc', 'bm_sv']
2026-06-01 00:52:24,208 INFO e14.session: primed Akamai session (thread 128941402605248): HTTP 200 cookies=['ak_bmsc', 'bm_sv']
2026-06-01 00:52:24,727 INFO e14.session: primed Akamai session (thread 128936495265472): HTTP 200 cookies=['ak_bmsc', 'bm_sv']
2026-06-01 00:52:25,043 INFO e14.session: primed Akamai session (thread 128934054037184): HTTP 200 cookies=['ak_bmsc', 'bm_sv']
2026-06-01 00:52:25,427 INFO e14.session: primed Akamai session (thread 128939699705536): HTTP 200 cookies=['ak_bmsc', 'bm_sv']
2026-06-01 00:52:25,892 INFO e14.session: primed Akamai session (thread 128934876260032): HTTP 200 cookies=['ak_bmsc', 'bm_sv']
2026-06-01 00:52:25,893 INFO e14.session: primed Akamai session (thread 128938516924096): HTTP 200 cookies=['ak_bmsc', 'bm_sv']
2026-06-01 00:52:26,292 INFO e14.session: primed Akamai session (thread 128934163142336): HTTP 200 cookies=['ak_bmsc', 'bm_sv']
2026-06-01 00:52:27,506 INFO e14.session: primed Akamai session (thread 128934867867328): HTTP 200 cookies=['ak_bmsc', 'bm_sv']
2026-06-01 00:52:27,900 INFO e14.session: primed Akamai session (thread 128941385819840): HTTP 200 cookies=['ak_bmsc', 'bm_sv']
2026-06-01 00:52:28,891 INFO e14.session: primed Akamai session (thread 128935446701760): HTTP 200 cookies=['ak_bmsc', 'bm_sv']
2026-06-01 00:52:34,166 INFO e14.session: primed Akamai session (thread 128933919753920): HTTP 200 cookies=['ak_bmsc', 'bm_sv']
2026-06-01 00:52:54,395 INFO e14.session: primed Akamai session (thread 128939162834624): HTTP 200 cookies=['ak_bmsc', 'bm_sv']
2026-06-01 00:52:55,476 INFO e14.session: primed Akamai session (thread 128934020466368): HTTP 200 cookies=['ak_bmsc', 'bm_sv']
2026-06-01 00:53:00,029 INFO e14.session: primed Akamai session (thread 128938810537664): HTTP 200 cookies=['ak_bmsc', 'bm_sv']
2026-06-01 00:53:01,815 INFO e14.session: primed Akamai session (thread 128933995288256): HTTP 200 cookies=['ak_bmsc', 'bm_sv']
2026-06-01 00:53:03,205 INFO e14.session: primed Akamai session (thread 128940253361856): HTTP 200 cookies=['ak_bmsc', 'bm_sv']
2026-06-01 00:53:05,708 INFO e14.session: primed Akamai session (thread 128934146356928): HTTP 200 cookies=['ak_bmsc', 'bm_sv']
2026-06-01 00:53:08,762 INFO e14.session: primed Akamai session (thread 128934104393408): HTTP 200 cookies=['ak_bmsc', 'bm_sv']
2026-06-01 00:53:15,220 INFO e14.session: primed Akamai session (thread 128934037251776): HTTP 200 cookies=['ak_bmsc', 'bm_sv']
2026-06-01 00:53:15,530 INFO e14.session: primed Akamai session (thread 128934087608000): HTTP 200 cookies=['ak_bmsc', 'bm_sv']
2026-06-01 00:53:15,602 INFO e14.session: primed Akamai session (thread 128940815410880): HTTP 200 cookies=['ak_bmsc', 'bm_sv']
2026-06-01 00:53:15,962 INFO e14.session: primed Akamai session (thread 128934070822592): HTTP 200 cookies=['ak_bmsc', 'bm_sv']
2026-06-01 00:53:16,308 INFO e14.session: primed Akamai session (thread 128934121178816): HTTP 200 cookies=['ak_bmsc', 'bm_sv']
2026-06-01 00:53:16,508 INFO e14.session: primed Akamai session (thread 128934003680960): HTTP 200 cookies=['ak_bmsc', 'bm_sv']
2026-06-01 00:53:17,108 INFO e14.session: primed Akamai session (thread 128937954875072): HTTP 200 cookies=['ak_bmsc', 'bm_sv']
2026-06-01 00:53:21,671 INFO e14.session: primed Akamai session (thread 128934012073664): HTTP 200 cookies=['ak_bmsc', 'bm_sv']
2026-06-01 00:53:22,288 INFO e14.session: primed Akamai session (thread 128934238676672): HTTP 200 cookies=['ak_bmsc', 'bm_sv']
2026-06-01 00:53:23,717 INFO e14.session: primed Akamai session (thread 128941394212544): HTTP 200 cookies=['ak_bmsc', 'bm_sv']
2026-06-01 00:53:23,781 INFO e14.session: primed Akamai session (thread 128933986895552): HTTP 200 cookies=['ak_bmsc', 'bm_sv']
2026-06-01 00:53:30,225 INFO e14.session: primed Akamai session (thread 128934356174528): HTTP 200 cookies=['ak_bmsc', 'bm_sv']
2026-06-01 00:53:30,230 INFO e14.session: primed Akamai session (thread 128939179620032): HTTP 200 cookies=['ak_bmsc', 'bm_sv']
2026-06-01 00:53:30,384 INFO e14.session: primed Akamai session (thread 128937963267776): HTTP 200 cookies=['ak_bmsc', 'bm_sv']
2026-06-01 00:53:30,503 INFO e14.session: primed Akamai session (thread 128938785359552): HTTP 200 cookies=['ak_bmsc', 'bm_sv']
2026-06-01 00:53:30,540 INFO e14.session: primed Akamai session (thread 128934381352640): HTTP 200 cookies=['ak_bmsc', 'bm_sv']
2026-06-01 00:53:30,937 INFO e14.session: primed Akamai session (thread 128934372959936): HTTP 200 cookies=['ak_bmsc', 'bm_sv']
2026-06-01 00:53:31,135 INFO e14.session: primed Akamai session (thread 128935941609152): HTTP 200 cookies=['ak_bmsc', 'bm_sv']
2026-06-01 00:53:31,241 INFO e14.session: primed Akamai session (thread 128934196713152): HTTP 200 cookies=['ak_bmsc', 'bm_sv']
2026-06-01 00:53:31,342 INFO e14.session: primed Akamai session (thread 128935958394560): HTTP 200 cookies=['ak_bmsc', 'bm_sv']
2026-06-01 00:53:31,375 INFO e14.session: primed Akamai session (thread 128934154749632): HTTP 200 cookies=['ak_bmsc', 'bm_sv']
2026-06-01 00:53:31,418 INFO e14.session: primed Akamai session (thread 128934347781824): HTTP 200 cookies=['ak_bmsc', 'bm_sv']
2026-06-01 00:53:31,460 INFO e14.session: primed Akamai session (thread 128940270147264): HTTP 200 cookies=['ak_bmsc', 'bm_sv']
2026-06-01 00:53:31,522 INFO e14.session: primed Akamai session (thread 128937971660480): HTTP 200 cookies=['ak_bmsc', 'bm_sv']
2026-06-01 00:53:31,599 INFO e14.session: primed Akamai session (thread 128940773447360): HTTP 200 cookies=['ak_bmsc', 'bm_sv']
2026-06-01 00:53:31,642 INFO e14.session: primed Akamai session (thread 128933978502848): HTTP 200 cookies=['ak_bmsc', 'bm_sv']
2026-06-01 00:53:31,697 INFO e14.session: primed Akamai session (thread 128939213190848): HTTP 200 cookies=['ak_bmsc', 'bm_sv']
2026-06-01 00:53:31,755 INFO e14.session: primed Akamai session (thread 128934188320448): HTTP 200 cookies=['ak_bmsc', 'bm_sv']
2026-06-01 00:53:32,056 INFO e14.session: primed Akamai session (thread 128939741669056): HTTP 200 cookies=['ak_bmsc', 'bm_sv']
2026-06-01 00:53:32,076 INFO e14.session: primed Akamai session (thread 128936520443584): HTTP 200 cookies=['ak_bmsc', 'bm_sv']
2026-06-01 00:53:32,161 INFO e14.session: primed Akamai session (thread 128934213498560): HTTP 200 cookies=['ak_bmsc', 'bm_sv']
2026-06-01 00:53:32,254 INFO e14.session: primed Akamai session (thread 128934096000704): HTTP 200 cookies=['ak_bmsc', 'bm_sv']
2026-06-01 00:53:32,278 INFO e14.session: primed Akamai session (thread 128934255462080): HTTP 200 cookies=['ak_bmsc', 'bm_sv']
2026-06-01 00:53:32,284 INFO e14.session: primed Akamai session (thread 128934297425600): HTTP 200 cookies=['ak_bmsc', 'bm_sv']
2026-06-01 00:53:32,354 INFO e14.session: primed Akamai session (thread 128935991965376): HTTP 200 cookies=['ak_bmsc', 'bm_sv']
2026-06-01 00:53:32,383 INFO e14.session: primed Akamai session (thread 128938491745984): HTTP 200 cookies=['ak_bmsc', 'bm_sv']
2026-06-01 00:53:32,438 INFO e14.session: primed Akamai session (thread 128934901438144): HTTP 200 cookies=['ak_bmsc', 'bm_sv']
2026-06-01 00:53:32,452 INFO e14.session: primed Akamai session (thread 128934112786112): HTTP 200 cookies=['ak_bmsc', 'bm_sv']
2026-06-01 00:53:32,471 INFO e14.session: primed Akamai session (thread 128933911361216): HTTP 200 cookies=['ak_bmsc', 'bm_sv']
2026-06-01 00:53:32,511 INFO e14.session: primed Akamai session (thread 128937065707200): HTTP 200 cookies=['ak_bmsc', 'bm_sv']
2026-06-01 00:53:32,594 INFO e14.session: primed Akamai session (thread 128934272247488): HTTP 200 cookies=['ak_bmsc', 'bm_sv']
2026-06-01 00:53:32,608 INFO e14.session: primed Akamai session (thread 128934137964224): HTTP 200 cookies=['ak_bmsc', 'bm_sv']
2026-06-01 00:53:32,659 INFO e14.session: primed Akamai session (thread 128941419390656): HTTP 200 cookies=['ak_bmsc', 'bm_sv']
2026-06-01 00:53:32,682 INFO e14.session: primed Akamai session (thread 128941410997952): HTTP 200 cookies=['ak_bmsc', 'bm_sv']
2026-06-01 00:53:32,698 INFO e14.session: primed Akamai session (thread 128939716490944): HTTP 200 cookies=['ak_bmsc', 'bm_sv']
2026-06-01 00:53:32,707 INFO e14.session: primed Akamai session (thread 128937032136384): HTTP 200 cookies=['ak_bmsc', 'bm_sv']
2026-06-01 00:53:32,724 INFO e14.session: primed Akamai session (thread 128935950001856): HTTP 200 cookies=['ak_bmsc', 'bm_sv']
2026-06-01 00:53:32,835 INFO e14.session: primed Akamai session (thread 128933852612288): HTTP 200 cookies=['ak_bmsc', 'bm_sv']
2026-06-01 00:53:32,843 INFO e14.session: primed Akamai session (thread 128937040529088): HTTP 200 cookies=['ak_bmsc', 'bm_sv']
2026-06-01 00:53:32,854 INFO e14.session: primed Akamai session (thread 128934247069376): HTTP 200 cookies=['ak_bmsc', 'bm_sv']
2026-06-01 00:53:32,897 INFO e14.session: primed Akamai session (thread 128934289032896): HTTP 200 cookies=['ak_bmsc', 'bm_sv']
2026-06-01 00:53:32,902 INFO e14.session: primed Akamai session (thread 128934305818304): HTTP 200 cookies=['ak_bmsc', 'bm_sv']
2026-06-01 00:53:32,904 INFO e14.session: primed Akamai session (thread 128938005231296): HTTP 200 cookies=['ak_bmsc', 'bm_sv']
2026-06-01 00:53:32,952 INFO e14.session: primed Akamai session (thread 128938500138688): HTTP 200 cookies=['ak_bmsc', 'bm_sv']
2026-06-01 00:53:32,955 INFO e14.session: primed Akamai session (thread 128938802144960): HTTP 200 cookies=['ak_bmsc', 'bm_sv']
2026-06-01 00:53:32,967 INFO e14.session: primed Akamai session (thread 128938760181440): HTTP 200 cookies=['ak_bmsc', 'bm_sv']
2026-06-01 00:53:32,978 INFO e14.session: primed Akamai session (thread 128934314211008): HTTP 200 cookies=['ak_bmsc', 'bm_sv']
2026-06-01 00:53:32,989 INFO e14.session: primed Akamai session (thread 128939733276352): HTTP 200 cookies=['ak_bmsc', 'bm_sv']
2026-06-01 00:53:33,055 INFO e14.session: primed Akamai session (thread 128934280640192): HTTP 200 cookies=['ak_bmsc', 'bm_sv']
2026-06-01 00:53:33,057 INFO e14.session: primed Akamai session (thread 128938776966848): HTTP 200 cookies=['ak_bmsc', 'bm_sv']
2026-06-01 00:53:33,058 INFO e14.session: primed Akamai session (thread 128934918223552): HTTP 200 cookies=['ak_bmsc', 'bm_sv']
2026-06-01 00:53:33,079 INFO e14.session: primed Akamai session (thread 128936478480064): HTTP 200 cookies=['ak_bmsc', 'bm_sv']
2026-06-01 00:53:33,085 INFO e14.session: primed Akamai session (thread 128933961717440): HTTP 200 cookies=['ak_bmsc', 'bm_sv']
2026-06-01 00:53:33,089 INFO e14.session: primed Akamai session (thread 128938533709504): HTTP 200 cookies=['ak_bmsc', 'bm_sv']
2026-06-01 00:53:33,111 INFO e14.session: primed Akamai session (thread 128935413130944): HTTP 200 cookies=['ak_bmsc', 'bm_sv']
2026-06-01 00:53:33,128 INFO e14.session: primed Akamai session (thread 128933970110144): HTTP 200 cookies=['ak_bmsc', 'bm_sv']
2026-06-01 00:53:33,144 INFO e14.session: primed Akamai session (thread 128941646083776): HTTP 200 cookies=['ak_bmsc', 'bm_sv']
2026-06-01 00:53:33,151 INFO e14.session: primed Akamai session (thread 128939171227328): HTTP 200 cookies=['ak_bmsc', 'bm_sv']
2026-06-01 00:53:33,167 INFO e14.session: primed Akamai session (thread 128935438309056): HTTP 200 cookies=['ak_bmsc', 'bm_sv']
2026-06-01 00:53:33,171 INFO e14.session: primed Akamai session (thread 128935421523648): HTTP 200 cookies=['ak_bmsc', 'bm_sv']
2026-06-01 00:53:33,173 INFO e14.session: primed Akamai session (thread 128937980053184): HTTP 200 cookies=['ak_bmsc', 'bm_sv']
2026-06-01 00:53:33,179 INFO e14.session: primed Akamai session (thread 128941654476480): HTTP 200 cookies=['ak_bmsc', 'bm_sv']
2026-06-01 00:53:33,188 INFO e14.session: primed Akamai session (thread 128934028859072): HTTP 200 cookies=['ak_bmsc', 'bm_sv']
2026-06-01 00:53:33,189 INFO e14.session: primed Akamai session (thread 128937996838592): HTTP 200 cookies=['ak_bmsc', 'bm_sv']
2026-06-01 00:53:33,254 INFO e14.session: primed Akamai session (thread 128941637691072): HTTP 200 cookies=['ak_bmsc', 'bm_sv']
2026-06-01 00:53:33,267 INFO e14.session: primed Akamai session (thread 128940236576448): HTTP 200 cookies=['ak_bmsc', 'bm_sv']
2026-06-01 00:53:33,281 INFO e14.session: primed Akamai session (thread 128936503658176): HTTP 200 cookies=['ak_bmsc', 'bm_sv']
2026-06-01 00:53:33,302 INFO e14.session: primed Akamai session (thread 128935975179968): HTTP 200 cookies=['ak_bmsc', 'bm_sv']
2026-06-01 00:53:33,305 INFO e14.session: primed Akamai session (thread 128940244969152): HTTP 200 cookies=['ak_bmsc', 'bm_sv']
2026-06-01 00:53:33,353 INFO e14.session: primed Akamai session (thread 128937057314496): HTTP 200 cookies=['ak_bmsc', 'bm_sv']
2026-06-01 00:53:33,394 INFO e14.session: primed Akamai session (thread 128939196405440): HTTP 200 cookies=['ak_bmsc', 'bm_sv']
2026-06-01 00:53:33,398 INFO e14.session: primed Akamai session (thread 128934079215296): HTTP 200 cookies=['ak_bmsc', 'bm_sv']
2026-06-01 00:53:33,420 INFO e14.session: primed Akamai session (thread 128934045644480): HTTP 200 cookies=['ak_bmsc', 'bm_sv']
2026-06-01 00:53:33,424 INFO e14.session: primed Akamai session (thread 128940807018176): HTTP 200 cookies=['ak_bmsc', 'bm_sv']
2026-06-01 00:53:33,446 INFO e14.session: primed Akamai session (thread 128933869397696): HTTP 200 cookies=['ak_bmsc', 'bm_sv']
2026-06-01 00:53:33,459 INFO e14.session: primed Akamai session (thread 128935983572672): HTTP 200 cookies=['ak_bmsc', 'bm_sv']
2026-06-01 00:53:33,498 INFO e14.session: primed Akamai session (thread 128940781840064): HTTP 200 cookies=['ak_bmsc', 'bm_sv']
2026-06-01 00:53:33,522 INFO e14.session: primed Akamai session (thread 128933944932032): HTTP 200 cookies=['ak_bmsc', 'bm_sv']
2026-06-01 00:53:33,546 INFO e14.session: primed Akamai session (thread 128933936539328): HTTP 200 cookies=['ak_bmsc', 'bm_sv']
2026-06-01 00:53:33,581 INFO e14.session: primed Akamai session (thread 128934062429888): HTTP 200 cookies=['ak_bmsc', 'bm_sv']
2026-06-01 00:53:33,589 INFO e14.session: primed Akamai session (thread 128933886183104): HTTP 200 cookies=['ak_bmsc', 'bm_sv']
2026-06-01 00:53:33,602 INFO e14.session: primed Akamai session (thread 128934179927744): HTTP 200 cookies=['ak_bmsc', 'bm_sv']
2026-06-01 00:53:33,627 INFO e14.session: primed Akamai session (thread 128934330996416): HTTP 200 cookies=['ak_bmsc', 'bm_sv']
2026-06-01 00:53:33,629 INFO e14.session: primed Akamai session (thread 128935966787264): HTTP 200 cookies=['ak_bmsc', 'bm_sv']
2026-06-01 00:53:33,679 INFO e14.session: primed Akamai session (thread 128934230283968): HTTP 200 cookies=['ak_bmsc', 'bm_sv']
2026-06-01 00:53:33,791 INFO e14.session: primed Akamai session (thread 128938542102208): HTTP 200 cookies=['ak_bmsc', 'bm_sv']
2026-06-01 00:53:33,793 INFO e14.session: primed Akamai session (thread 128933861004992): HTTP 200 cookies=['ak_bmsc', 'bm_sv']
2026-06-01 00:53:33,826 INFO e14.session: primed Akamai session (thread 128933835826880): HTTP 200 cookies=['ak_bmsc', 'bm_sv']
2026-06-01 00:53:33,831 INFO e14.session: primed Akamai session (thread 128940261754560): HTTP 200 cookies=['ak_bmsc', 'bm_sv']
2026-06-01 00:53:33,859 INFO e14.session: primed Akamai session (thread 128935455094464): HTTP 200 cookies=['ak_bmsc', 'bm_sv']
2026-06-01 00:53:33,862 INFO e14.session: primed Akamai session (thread 128937015350976): HTTP 200 cookies=['ak_bmsc', 'bm_sv']
2026-06-01 00:53:33,980 INFO e14.session: primed Akamai session (thread 128934893045440): HTTP 200 cookies=['ak_bmsc', 'bm_sv']
2026-06-01 00:53:33,994 INFO e14.session: primed Akamai session (thread 128934339389120): HTTP 200 cookies=['ak_bmsc', 'bm_sv']
2026-06-01 00:53:34,009 INFO e14.session: primed Akamai session (thread 128940790232768): HTTP 200 cookies=['ak_bmsc', 'bm_sv']
2026-06-01 00:53:34,040 INFO e14.session: primed Akamai session (thread 128939724883648): HTTP 200 cookies=['ak_bmsc', 'bm_sv']
2026-06-01 00:53:34,087 INFO e14.session: primed Akamai session (thread 128934205105856): HTTP 200 cookies=['ak_bmsc', 'bm_sv']
2026-06-01 00:53:34,097 INFO e14.session: primed Akamai session (thread 128940278539968): HTTP 200 cookies=['ak_bmsc', 'bm_sv']
2026-06-01 00:53:34,105 INFO e14.session: primed Akamai session (thread 128934909830848): HTTP 200 cookies=['ak_bmsc', 'bm_sv']
2026-06-01 00:53:34,123 INFO e14.session: primed Akamai session (thread 128933953324736): HTTP 200 cookies=['ak_bmsc', 'bm_sv']
2026-06-01 00:53:34,131 INFO e14.session: primed Akamai session (thread 128933844219584): HTTP 200 cookies=['ak_bmsc', 'bm_sv']
2026-06-01 00:53:34,145 INFO e14.session: primed Akamai session (thread 128934263854784): HTTP 200 cookies=['ak_bmsc', 'bm_sv']
2026-06-01 00:53:34,199 INFO e14.session: primed Akamai session (thread 128940286932672): HTTP 200 cookies=['ak_bmsc', 'bm_sv']
2026-06-01 00:53:34,277 INFO e14.session: primed Akamai session (thread 128933877790400): HTTP 200 cookies=['ak_bmsc', 'bm_sv']
2026-06-01 00:53:34,362 INFO e14.session: primed Akamai session (thread 128940798625472): HTTP 200 cookies=['ak_bmsc', 'bm_sv']
2026-06-01 00:53:34,398 INFO e14.session: primed Akamai session (thread 128936528836288): HTTP 200 cookies=['ak_bmsc', 'bm_sv']
2026-06-01 00:53:34,539 INFO e14.session: primed Akamai session (thread 128934322603712): HTTP 200 cookies=['ak_bmsc', 'bm_sv']
2026-06-01 00:53:34,606 INFO e14.session: primed Akamai session (thread 128934221891264): HTTP 200 cookies=['ak_bmsc', 'bm_sv']
2026-06-01 00:53:34,649 INFO e14.session: primed Akamai session (thread 128938793752256): HTTP 200 cookies=['ak_bmsc', 'bm_sv']
2026-06-01 00:53:34,663 INFO e14.session: primed Akamai session (thread 128933902968512): HTTP 200 cookies=['ak_bmsc', 'bm_sv']
2026-06-01 00:53:34,710 INFO e14.session: primed Akamai session (thread 128934054037184): HTTP 200 cookies=['ak_bmsc', 'bm_sv']
2026-06-01 00:53:34,743 INFO e14.session: primed Akamai session (thread 128939699705536): HTTP 200 cookies=['ak_bmsc', 'bm_sv']
2026-06-01 00:53:34,745 INFO e14.session: primed Akamai session (thread 128938768574144): HTTP 200 cookies=['ak_bmsc', 'bm_sv']
2026-06-01 00:53:34,753 INFO e14.session: primed Akamai session (thread 128936495265472): HTTP 200 cookies=['ak_bmsc', 'bm_sv']
2026-06-01 00:53:34,776 INFO e14.session: primed Akamai session (thread 128941402605248): HTTP 200 cookies=['ak_bmsc', 'bm_sv']
2026-06-01 00:53:34,777 INFO e14.session: primed Akamai session (thread 128935404738240): HTTP 200 cookies=['ak_bmsc', 'bm_sv']
2026-06-01 00:53:34,855 INFO e14.session: primed Akamai session (thread 128938525316800): HTTP 200 cookies=['ak_bmsc', 'bm_sv']
2026-06-01 00:53:34,945 INFO e14.session: primed Akamai session (thread 128941427783360): HTTP 200 cookies=['ak_bmsc', 'bm_sv']
2026-06-01 00:53:35,091 INFO e14.session: primed Akamai session (thread 128933894575808): HTTP 200 cookies=['ak_bmsc', 'bm_sv']
2026-06-01 00:53:35,098 INFO e14.session: primed Akamai session (thread 128939750061760): HTTP 200 cookies=['ak_bmsc', 'bm_sv']
2026-06-01 00:53:35,268 INFO e14.session: primed Akamai session (thread 128934364567232): HTTP 200 cookies=['ak_bmsc', 'bm_sv']
2026-06-01 00:53:35,296 INFO e14.session: primed Akamai session (thread 128936486872768): HTTP 200 cookies=['ak_bmsc', 'bm_sv']
2026-06-01 00:53:35,367 INFO e14.session: primed Akamai session (thread 128939708098240): HTTP 200 cookies=['ak_bmsc', 'bm_sv']
2026-06-01 00:53:35,414 INFO e14.session: primed Akamai session (thread 128941377427136): HTTP 200 cookies=['ak_bmsc', 'bm_sv']
2026-06-01 00:53:35,519 INFO e14.session: primed Akamai session (thread 128934163142336): HTTP 200 cookies=['ak_bmsc', 'bm_sv']
2026-06-01 00:53:35,544 INFO e14.session: primed Akamai session (thread 128939188012736): HTTP 200 cookies=['ak_bmsc', 'bm_sv']
2026-06-01 00:53:35,693 INFO e14.session: primed Akamai session (thread 128934884652736): HTTP 200 cookies=['ak_bmsc', 'bm_sv']
2026-06-01 00:53:35,772 INFO e14.session: primed Akamai session (thread 128936512050880): HTTP 200 cookies=['ak_bmsc', 'bm_sv']
2026-06-01 00:53:35,829 INFO e14.session: primed Akamai session (thread 128937048921792): HTTP 200 cookies=['ak_bmsc', 'bm_sv']
2026-06-01 00:53:36,113 INFO e14.session: primed Akamai session (thread 128938508531392): HTTP 200 cookies=['ak_bmsc', 'bm_sv']
2026-06-01 00:53:36,127 INFO e14.session: primed Akamai session (thread 128934171535040): HTTP 200 cookies=['ak_bmsc', 'bm_sv']
2026-06-01 00:53:36,140 INFO e14.session: primed Akamai session (thread 128933928146624): HTTP 200 cookies=['ak_bmsc', 'bm_sv']
2026-06-01 00:53:36,145 INFO e14.session: primed Akamai session (thread 128934876260032): HTTP 200 cookies=['ak_bmsc', 'bm_sv']
2026-06-01 00:53:36,403 INFO e14.session: primed Akamai session (thread 128937023743680): HTTP 200 cookies=['ak_bmsc', 'bm_sv']
2026-06-01 00:53:36,842 INFO e14.session: primed Akamai session (thread 128937988445888): HTTP 200 cookies=['ak_bmsc', 'bm_sv']
2026-06-01 00:53:36,847 INFO e14.session: primed Akamai session (thread 128934129571520): HTTP 200 cookies=['ak_bmsc', 'bm_sv']
2026-06-01 00:53:38,305 INFO e14.session: primed Akamai session (thread 128934867867328): HTTP 200 cookies=['ak_bmsc', 'bm_sv']
2026-06-01 00:53:38,445 INFO e14.session: primed Akamai session (thread 128941385819840): HTTP 200 cookies=['ak_bmsc', 'bm_sv']
2026-06-01 00:53:39,653 INFO e14.session: primed Akamai session (thread 128935429916352): HTTP 200 cookies=['ak_bmsc', 'bm_sv']
2026-06-01 00:53:39,940 INFO e14.session: primed Akamai session (thread 128935446701760): HTTP 200 cookies=['ak_bmsc', 'bm_sv']
2026-06-01 00:53:43,118 INFO e14.session: primed Akamai session (thread 128933919753920): HTTP 200 cookies=['ak_bmsc', 'bm_sv']
2026-06-01 00:53:43,319 INFO e14.session: primed Akamai session (thread 128938516924096): HTTP 200 cookies=['ak_bmsc', 'bm_sv']
2026-06-01 00:54:07,845 INFO e14.session: primed Akamai session (thread 128939162834624): HTTP 200 cookies=['ak_bmsc', 'bm_sv']
2026-06-01 00:54:07,950 INFO e14.session: primed Akamai session (thread 128934020466368): HTTP 200 cookies=['ak_bmsc', 'bm_sv']
2026-06-01 00:54:08,157 INFO e14.session: primed Akamai session (thread 128933995288256): HTTP 200 cookies=['ak_bmsc', 'bm_sv']
2026-06-01 00:54:08,531 INFO e14.session: primed Akamai session (thread 128938810537664): HTTP 200 cookies=['ak_bmsc', 'bm_sv']
2026-06-01 00:54:10,704 INFO e14.session: primed Akamai session (thread 128940253361856): HTTP 200 cookies=['ak_bmsc', 'bm_sv']
2026-06-01 00:54:10,975 INFO e14.session: primed Akamai session (thread 128940823803584): HTTP 200 cookies=['ak_bmsc', 'bm_sv']
2026-06-01 00:54:11,281 INFO e14.session: primed Akamai session (thread 128934146356928): HTTP 200 cookies=['ak_bmsc', 'bm_sv']
2026-06-01 00:54:18,382 INFO e14.session: primed Akamai session (thread 128939204798144): HTTP 200 cookies=['ak_bmsc', 'bm_sv']
2026-06-01 00:54:18,764 INFO e14.session: primed Akamai session (thread 128934104393408): HTTP 200 cookies=['ak_bmsc', 'bm_sv']
2026-06-01 00:54:20,703 INFO e14.session: primed Akamai session (thread 128934070822592): HTTP 200 cookies=['ak_bmsc', 'bm_sv']
2026-06-01 00:54:20,850 INFO e14.session: primed Akamai session (thread 128940815410880): HTTP 200 cookies=['ak_bmsc', 'bm_sv']
2026-06-01 00:54:21,279 INFO e14.session: primed Akamai session (thread 128934037251776): HTTP 200 cookies=['ak_bmsc', 'bm_sv']
2026-06-01 00:54:23,417 INFO e14.session: primed Akamai session (thread 128934121178816): HTTP 200 cookies=['ak_bmsc', 'bm_sv']
2026-06-01 00:54:24,184 INFO e14.session: primed Akamai session (thread 128934003680960): HTTP 200 cookies=['ak_bmsc', 'bm_sv']
2026-06-01 00:54:24,639 INFO e14.session: primed Akamai session (thread 128937954875072): HTTP 200 cookies=['ak_bmsc', 'bm_sv']
2026-06-01 00:54:29,051 INFO e14.session: primed Akamai session (thread 128934238676672): HTTP 200 cookies=['ak_bmsc', 'bm_sv']
2026-06-01 00:54:29,391 INFO e14.session: primed Akamai session (thread 128934012073664): HTTP 200 cookies=['ak_bmsc', 'bm_sv']
2026-06-01 00:54:31,887 INFO e14.session: primed Akamai session (thread 128933986895552): HTTP 200 cookies=['ak_bmsc', 'bm_sv']
2026-06-01 00:54:32,340 INFO e14.session: primed Akamai session (thread 128934087608000): HTTP 200 cookies=['ak_bmsc', 'bm_sv']
2026-06-01 00:54:35,918 INFO e14.session: primed Akamai session (thread 128941394212544): HTTP 200 cookies=['ak_bmsc', 'bm_sv']
2026-06-01 00:54:43,980 INFO e14.session: primed Akamai session (thread 128934272247488): HTTP 200 cookies=['ak_bmsc', 'bm_sv']
2026-06-01 00:54:47,576 INFO e14.session: primed Akamai session (thread 128934372959936): HTTP 200 cookies=['ak_bmsc', 'bm_sv']
2026-06-01 00:54:47,579 INFO e14.session: primed Akamai session (thread 128939179620032): HTTP 200 cookies=['ak_bmsc', 'bm_sv']
2026-06-01 00:54:49,349 INFO e14.session: primed Akamai session (thread 128934356174528): HTTP 200 cookies=['ak_bmsc', 'bm_sv']
2026-06-01 00:54:50,056 INFO e14.session: primed Akamai session (thread 128937963267776): HTTP 200 cookies=['ak_bmsc', 'bm_sv']
2026-06-01 00:54:50,255 INFO e14.session: primed Akamai session (thread 128934137964224): HTTP 200 cookies=['ak_bmsc', 'bm_sv']
2026-06-01 00:54:50,318 INFO e14.session: primed Akamai session (thread 128937971660480): HTTP 200 cookies=['ak_bmsc', 'bm_sv']
2026-06-01 00:54:50,685 INFO e14.session: primed Akamai session (thread 128939733276352): HTTP 200 cookies=['ak_bmsc', 'bm_sv']
2026-06-01 00:54:50,867 INFO e14.session: primed Akamai session (thread 128939741669056): HTTP 200 cookies=['ak_bmsc', 'bm_sv']
2026-06-01 00:54:51,646 INFO e14.session: primed Akamai session (thread 128939213190848): HTTP 200 cookies=['ak_bmsc', 'bm_sv']
2026-06-01 00:54:51,658 INFO e14.session: primed Akamai session (thread 128934280640192): HTTP 200 cookies=['ak_bmsc', 'bm_sv']
2026-06-01 00:54:51,735 INFO e14.session: primed Akamai session (thread 128934918223552): HTTP 200 cookies=['ak_bmsc', 'bm_sv']
2026-06-01 00:54:51,739 INFO e14.session: primed Akamai session (thread 128938760181440): HTTP 200 cookies=['ak_bmsc', 'bm_sv']
2026-06-01 00:54:51,877 INFO e14.session: primed Akamai session (thread 128934096000704): HTTP 200 cookies=['ak_bmsc', 'bm_sv']
2026-06-01 00:54:51,884 INFO e14.session: primed Akamai session (thread 128938802144960): HTTP 200 cookies=['ak_bmsc', 'bm_sv']
2026-06-01 00:54:51,888 INFO e14.session: primed Akamai session (thread 128934028859072): HTTP 200 cookies=['ak_bmsc', 'bm_sv']
2026-06-01 00:54:51,903 INFO e14.session: primed Akamai session (thread 128935958394560): HTTP 200 cookies=['ak_bmsc', 'bm_sv']
2026-06-01 00:54:51,932 INFO e14.session: primed Akamai session (thread 128934381352640): HTTP 200 cookies=['ak_bmsc', 'bm_sv']
2026-06-01 00:54:51,968 INFO e14.session: primed Akamai session (thread 128937980053184): HTTP 200 cookies=['ak_bmsc', 'bm_sv']
2026-06-01 00:54:51,987 INFO e14.session: primed Akamai session (thread 128937065707200): HTTP 200 cookies=['ak_bmsc', 'bm_sv']
2026-06-01 00:54:52,013 INFO e14.session: primed Akamai session (thread 128939171227328): HTTP 200 cookies=['ak_bmsc', 'bm_sv']
2026-06-01 00:54:52,033 INFO e14.session: primed Akamai session (thread 128934893045440): HTTP 200 cookies=['ak_bmsc', 'bm_sv']
2026-06-01 00:54:52,105 INFO e14.session: primed Akamai session (thread 128934901438144): HTTP 200 cookies=['ak_bmsc', 'bm_sv']
2026-06-01 00:54:52,158 INFO e14.session: primed Akamai session (thread 128937032136384): HTTP 200 cookies=['ak_bmsc', 'bm_sv']
2026-06-01 00:54:52,196 INFO e14.session: primed Akamai session (thread 128938491745984): HTTP 200 cookies=['ak_bmsc', 'bm_sv']
2026-06-01 00:54:52,256 INFO e14.session: primed Akamai session (thread 128935413130944): HTTP 200 cookies=['ak_bmsc', 'bm_sv']
2026-06-01 00:54:52,337 INFO e14.session: primed Akamai session (thread 128938005231296): HTTP 200 cookies=['ak_bmsc', 'bm_sv']
2026-06-01 00:54:52,346 INFO e14.session: primed Akamai session (thread 128940773447360): HTTP 200 cookies=['ak_bmsc', 'bm_sv']
2026-06-01 00:54:52,390 INFO e14.session: primed Akamai session (thread 128941654476480): HTTP 200 cookies=['ak_bmsc', 'bm_sv']
2026-06-01 00:54:52,393 INFO e14.session: primed Akamai session (thread 128940790232768): HTTP 200 cookies=['ak_bmsc', 'bm_sv']
2026-06-01 00:54:52,445 INFO e14.session: primed Akamai session (thread 128934314211008): HTTP 200 cookies=['ak_bmsc', 'bm_sv']
2026-06-01 00:54:52,452 INFO e14.session: primed Akamai session (thread 128940244969152): HTTP 200 cookies=['ak_bmsc', 'bm_sv']
2026-06-01 00:54:52,519 INFO e14.session: primed Akamai session (thread 128934112786112): HTTP 200 cookies=['ak_bmsc', 'bm_sv']
2026-06-01 00:54:52,662 INFO e14.session: primed Akamai session (thread 128935950001856): HTTP 200 cookies=['ak_bmsc', 'bm_sv']
2026-06-01 00:54:52,668 INFO e14.session: primed Akamai session (thread 128938500138688): HTTP 200 cookies=['ak_bmsc', 'bm_sv']
2026-06-01 00:54:52,706 INFO e14.session: primed Akamai session (thread 128934079215296): HTTP 200 cookies=['ak_bmsc', 'bm_sv']
2026-06-01 00:54:52,786 INFO e14.session: primed Akamai session (thread 128934213498560): HTTP 200 cookies=['ak_bmsc', 'bm_sv']
2026-06-01 00:54:52,788 INFO e14.session: primed Akamai session (thread 128935991965376): HTTP 200 cookies=['ak_bmsc', 'bm_sv']
2026-06-01 00:54:52,820 INFO e14.session: primed Akamai session (thread 128933869397696): HTTP 200 cookies=['ak_bmsc', 'bm_sv']
2026-06-01 00:54:52,864 INFO e14.session: primed Akamai session (thread 128933970110144): HTTP 200 cookies=['ak_bmsc', 'bm_sv']
2026-06-01 00:54:52,921 INFO e14.session: primed Akamai session (thread 128933944932032): HTTP 200 cookies=['ak_bmsc', 'bm_sv']
2026-06-01 00:54:52,936 INFO e14.session: primed Akamai session (thread 128933886183104): HTTP 200 cookies=['ak_bmsc', 'bm_sv']
2026-06-01 00:54:52,952 INFO e14.session: primed Akamai session (thread 128933936539328): HTTP 200 cookies=['ak_bmsc', 'bm_sv']
2026-06-01 00:54:52,958 INFO e14.session: primed Akamai session (thread 128933953324736): HTTP 200 cookies=['ak_bmsc', 'bm_sv']
2026-06-01 00:54:52,964 INFO e14.session: primed Akamai session (thread 128935438309056): HTTP 200 cookies=['ak_bmsc', 'bm_sv']
2026-06-01 00:54:52,967 INFO e14.session: primed Akamai session (thread 128933978502848): HTTP 200 cookies=['ak_bmsc', 'bm_sv']
2026-06-01 00:54:53,135 INFO e14.session: primed Akamai session (thread 128939196405440): HTTP 200 cookies=['ak_bmsc', 'bm_sv']
2026-06-01 00:54:53,149 INFO e14.session: primed Akamai session (thread 128940278539968): HTTP 200 cookies=['ak_bmsc', 'bm_sv']
2026-06-01 00:54:53,154 INFO e14.session: primed Akamai session (thread 128939716490944): HTTP 200 cookies=['ak_bmsc', 'bm_sv']
2026-06-01 00:54:53,166 INFO e14.session: primed Akamai session (thread 128933877790400): HTTP 200 cookies=['ak_bmsc', 'bm_sv']
2026-06-01 00:54:53,396 INFO e14.session: primed Akamai session (thread 128940798625472): HTTP 200 cookies=['ak_bmsc', 'bm_sv']
2026-06-01 00:54:53,479 INFO e14.session: primed Akamai session (thread 128935983572672): HTTP 200 cookies=['ak_bmsc', 'bm_sv']
2026-06-01 00:54:53,486 INFO e14.session: primed Akamai session (thread 128934045644480): HTTP 200 cookies=['ak_bmsc', 'bm_sv']
2026-06-01 00:54:53,506 INFO e14.session: primed Akamai session (thread 128933844219584): HTTP 200 cookies=['ak_bmsc', 'bm_sv']
2026-06-01 00:54:53,546 INFO e14.session: primed Akamai session (thread 128938776966848): HTTP 200 cookies=['ak_bmsc', 'bm_sv']
2026-06-01 00:54:53,579 INFO e14.session: primed Akamai session (thread 128941637691072): HTTP 200 cookies=['ak_bmsc', 'bm_sv']
2026-06-01 00:54:53,626 INFO e14.session: primed Akamai session (thread 128934339389120): HTTP 200 cookies=['ak_bmsc', 'bm_sv']
2026-06-01 00:54:53,764 INFO e14.session: primed Akamai session (thread 128941427783360): HTTP 200 cookies=['ak_bmsc', 'bm_sv']
2026-06-01 00:54:53,824 INFO e14.session: primed Akamai session (thread 128939708098240): HTTP 200 cookies=['ak_bmsc', 'bm_sv']
2026-06-01 00:54:53,949 INFO e14.session: primed Akamai session (thread 128937057314496): HTTP 200 cookies=['ak_bmsc', 'bm_sv']
2026-06-01 00:54:53,953 INFO e14.session: primed Akamai session (thread 128940236576448): HTTP 200 cookies=['ak_bmsc', 'bm_sv']
2026-06-01 00:54:53,960 INFO e14.session: primed Akamai session (thread 128934909830848): HTTP 200 cookies=['ak_bmsc', 'bm_sv']
2026-06-01 00:54:54,011 INFO e14.session: primed Akamai session (thread 128934330996416): HTTP 200 cookies=['ak_bmsc', 'bm_sv']
2026-06-01 00:54:54,035 INFO e14.session: primed Akamai session (thread 128938533709504): HTTP 200 cookies=['ak_bmsc', 'bm_sv']
2026-06-01 00:54:54,070 INFO e14.session: primed Akamai session (thread 128933861004992): HTTP 200 cookies=['ak_bmsc', 'bm_sv']
2026-06-01 00:54:54,127 INFO e14.session: primed Akamai session (thread 128934230283968): HTTP 200 cookies=['ak_bmsc', 'bm_sv']
2026-06-01 00:54:54,162 INFO e14.session: primed Akamai session (thread 128933894575808): HTTP 200 cookies=['ak_bmsc', 'bm_sv']
2026-06-01 00:54:54,343 INFO e14.session: primed Akamai session (thread 128938542102208): HTTP 200 cookies=['ak_bmsc', 'bm_sv']
2026-06-01 00:54:54,437 INFO e14.session: primed Akamai session (thread 128935421523648): HTTP 200 cookies=['ak_bmsc', 'bm_sv']
2026-06-01 00:54:54,507 INFO e14.session: primed Akamai session (thread 128934163142336): HTTP 200 cookies=['ak_bmsc', 'bm_sv']
2026-06-01 00:54:54,539 INFO e14.session: primed Akamai session (thread 128933911361216): HTTP 200 cookies=['ak_bmsc', 'bm_sv']
2026-06-01 00:54:54,541 INFO e14.session: primed Akamai session (thread 128937040529088): HTTP 200 cookies=['ak_bmsc', 'bm_sv']
2026-06-01 00:54:54,552 INFO e14.session: primed Akamai session (thread 128936486872768): HTTP 200 cookies=['ak_bmsc', 'bm_sv']
2026-06-01 00:54:54,590 INFO e14.session: primed Akamai session (thread 128939724883648): HTTP 200 cookies=['ak_bmsc', 'bm_sv']
2026-06-01 00:54:54,627 INFO e14.session: primed Akamai session (thread 128934247069376): HTTP 200 cookies=['ak_bmsc', 'bm_sv']
2026-06-01 00:54:54,692 INFO e14.session: primed Akamai session (thread 128935455094464): HTTP 200 cookies=['ak_bmsc', 'bm_sv']
2026-06-01 00:54:54,728 INFO e14.session: primed Akamai session (thread 128934289032896): HTTP 200 cookies=['ak_bmsc', 'bm_sv']
2026-06-01 00:54:54,749 INFO e14.session: primed Akamai session (thread 128935966787264): HTTP 200 cookies=['ak_bmsc', 'bm_sv']
2026-06-01 00:54:54,770 INFO e14.session: primed Akamai session (thread 128934876260032): HTTP 200 cookies=['ak_bmsc', 'bm_sv']
2026-06-01 00:54:54,786 INFO e14.session: primed Akamai session (thread 128936520443584): HTTP 200 cookies=['ak_bmsc', 'bm_sv']
2026-06-01 00:54:54,830 INFO e14.session: primed Akamai session (thread 128939750061760): HTTP 200 cookies=['ak_bmsc', 'bm_sv']
2026-06-01 00:54:54,889 INFO e14.session: primed Akamai session (thread 128933902968512): HTTP 200 cookies=['ak_bmsc', 'bm_sv']
2026-06-01 00:54:54,910 INFO e14.session: primed Akamai session (thread 128937015350976): HTTP 200 cookies=['ak_bmsc', 'bm_sv']
2026-06-01 00:54:54,968 INFO e14.session: primed Akamai session (thread 128933961717440): HTTP 200 cookies=['ak_bmsc', 'bm_sv']
2026-06-01 00:54:55,065 INFO e14.session: primed Akamai session (thread 128934221891264): HTTP 200 cookies=['ak_bmsc', 'bm_sv']
2026-06-01 00:54:55,130 INFO e14.session: primed Akamai session (thread 128938525316800): HTTP 200 cookies=['ak_bmsc', 'bm_sv']
2026-06-01 00:54:55,283 INFO e14.session: primed Akamai session (thread 128934062429888): HTTP 200 cookies=['ak_bmsc', 'bm_sv']
2026-06-01 00:54:55,316 INFO e14.session: primed Akamai session (thread 128938508531392): HTTP 200 cookies=['ak_bmsc', 'bm_sv']
2026-06-01 00:54:55,485 INFO e14.session: primed Akamai session (thread 128934196713152): HTTP 200 cookies=['ak_bmsc', 'bm_sv']
2026-06-01 00:54:55,494 INFO e14.session: primed Akamai session (thread 128934884652736): HTTP 200 cookies=['ak_bmsc', 'bm_sv']
2026-06-01 00:54:55,606 INFO e14.session: primed Akamai session (thread 128935975179968): HTTP 200 cookies=['ak_bmsc', 'bm_sv']
2026-06-01 00:54:55,710 INFO e14.session: primed Akamai session (thread 128940807018176): HTTP 200 cookies=['ak_bmsc', 'bm_sv']
2026-06-01 00:54:55,745 INFO e14.session: primed Akamai session (thread 128934263854784): HTTP 200 cookies=['ak_bmsc', 'bm_sv']
2026-06-01 00:54:55,814 INFO e14.session: primed Akamai session (thread 128934154749632): HTTP 200 cookies=['ak_bmsc', 'bm_sv']
2026-06-01 00:54:55,835 INFO e14.session: primed Akamai session (thread 128935404738240): HTTP 200 cookies=['ak_bmsc', 'bm_sv']
2026-06-01 00:54:55,905 INFO e14.session: primed Akamai session (thread 128934171535040): HTTP 200 cookies=['ak_bmsc', 'bm_sv']
2026-06-01 00:54:55,995 INFO e14.session: primed Akamai session (thread 128941410997952): HTTP 200 cookies=['ak_bmsc', 'bm_sv']
2026-06-01 00:54:56,079 INFO e14.session: primed Akamai session (thread 128936528836288): HTTP 200 cookies=['ak_bmsc', 'bm_sv']
2026-06-01 00:54:56,230 INFO e14.session: primed Akamai session (thread 128936478480064): HTTP 200 cookies=['ak_bmsc', 'bm_sv']
2026-06-01 00:54:56,276 INFO e14.session: primed Akamai session (thread 128940270147264): HTTP 200 cookies=['ak_bmsc', 'bm_sv']
2026-06-01 00:54:56,307 INFO e14.session: primed Akamai session (thread 128941419390656): HTTP 200 cookies=['ak_bmsc', 'bm_sv']
2026-06-01 00:54:56,320 INFO e14.session: primed Akamai session (thread 128933852612288): HTTP 200 cookies=['ak_bmsc', 'bm_sv']
2026-06-01 00:54:56,423 INFO e14.session: primed Akamai session (thread 128937988445888): HTTP 200 cookies=['ak_bmsc', 'bm_sv']
2026-06-01 00:54:56,489 INFO e14.session: primed Akamai session (thread 128933928146624): HTTP 200 cookies=['ak_bmsc', 'bm_sv']
2026-06-01 00:54:56,636 INFO e14.session: primed Akamai session (thread 128934054037184): HTTP 200 cookies=['ak_bmsc', 'bm_sv']
2026-06-01 00:54:56,640 INFO e14.session: primed Akamai session (thread 128940781840064): HTTP 200 cookies=['ak_bmsc', 'bm_sv']
2026-06-01 00:54:56,685 INFO e14.session: primed Akamai session (thread 128938793752256): HTTP 200 cookies=['ak_bmsc', 'bm_sv']
2026-06-01 00:54:56,910 INFO e14.session: primed Akamai session (thread 128941377427136): HTTP 200 cookies=['ak_bmsc', 'bm_sv']
2026-06-01 00:54:57,030 INFO e14.session: primed Akamai session (thread 128933835826880): HTTP 200 cookies=['ak_bmsc', 'bm_sv']
2026-06-01 00:54:57,101 INFO e14.session: primed Akamai session (thread 128941402605248): HTTP 200 cookies=['ak_bmsc', 'bm_sv']
2026-06-01 00:54:57,259 INFO e14.session: primed Akamai session (thread 128934188320448): HTTP 200 cookies=['ak_bmsc', 'bm_sv']
2026-06-01 00:54:57,269 INFO e14.session: primed Akamai session (thread 128936503658176): HTTP 200 cookies=['ak_bmsc', 'bm_sv']
2026-06-01 00:54:57,360 INFO e14.session: primed Akamai session (thread 128934867867328): HTTP 200 cookies=['ak_bmsc', 'bm_sv']
2026-06-01 00:54:57,490 INFO e14.session: primed Akamai session (thread 128937048921792): HTTP 200 cookies=['ak_bmsc', 'bm_sv']
2026-06-01 00:54:57,688 INFO e14.session: primed Akamai session (thread 128940286932672): HTTP 200 cookies=['ak_bmsc', 'bm_sv']
2026-06-01 00:54:57,921 INFO e14.session: primed Akamai session (thread 128940261754560): HTTP 200 cookies=['ak_bmsc', 'bm_sv']
2026-06-01 00:54:58,004 INFO e14.session: primed Akamai session (thread 128937996838592): HTTP 200 cookies=['ak_bmsc', 'bm_sv']
2026-06-01 00:54:58,422 INFO e14.session: primed Akamai session (thread 128939188012736): HTTP 200 cookies=['ak_bmsc', 'bm_sv']
2026-06-01 00:54:58,852 INFO e14.session: primed Akamai session (thread 128941385819840): HTTP 200 cookies=['ak_bmsc', 'bm_sv']
2026-06-01 00:54:59,421 INFO e14.session: primed Akamai session (thread 128934305818304): HTTP 200 cookies=['ak_bmsc', 'bm_sv']
2026-06-01 00:54:59,519 INFO e14.session: primed Akamai session (thread 128936512050880): HTTP 200 cookies=['ak_bmsc', 'bm_sv']
2026-06-01 00:54:59,537 INFO e14.session: primed Akamai session (thread 128939699705536): HTTP 200 cookies=['ak_bmsc', 'bm_sv']
2026-06-01 00:54:59,825 INFO e14.session: primed Akamai session (thread 128934322603712): HTTP 200 cookies=['ak_bmsc', 'bm_sv']
2026-06-01 00:55:00,014 INFO e14.session: primed Akamai session (thread 128933919753920): HTTP 200 cookies=['ak_bmsc', 'bm_sv']
2026-06-01 00:55:00,283 INFO e14.session: primed Akamai session (thread 128934129571520): HTTP 200 cookies=['ak_bmsc', 'bm_sv']
2026-06-01 00:55:00,396 INFO e14.session: primed Akamai session (thread 128941646083776): HTTP 200 cookies=['ak_bmsc', 'bm_sv']
2026-06-01 00:55:00,584 INFO e14.session: primed Akamai session (thread 128935446701760): HTTP 200 cookies=['ak_bmsc', 'bm_sv']
2026-06-01 00:55:00,947 INFO e14.session: primed Akamai session (thread 128935429916352): HTTP 200 cookies=['ak_bmsc', 'bm_sv']
2026-06-01 00:55:01,716 INFO e14.session: primed Akamai session (thread 128938768574144): HTTP 200 cookies=['ak_bmsc', 'bm_sv']
2026-06-01 00:55:05,199 INFO e14.session: primed Akamai session (thread 128938516924096): HTTP 200 cookies=['ak_bmsc', 'bm_sv']
2026-06-01 00:55:06,614 INFO e14.session: primed Akamai session (thread 128934364567232): HTTP 200 cookies=['ak_bmsc', 'bm_sv']
2026-06-01 00:55:06,633 INFO e14.session: primed Akamai session (thread 128937023743680): HTTP 200 cookies=['ak_bmsc', 'bm_sv']
2026-06-01 00:55:13,959 INFO e14.session: primed Akamai session (thread 128933995288256): HTTP 200 cookies=['ak_bmsc', 'bm_sv']
2026-06-01 00:55:17,945 INFO e14.session: primed Akamai session (thread 128940823803584): HTTP 200 cookies=['ak_bmsc', 'bm_sv']
2026-06-01 00:55:20,705 INFO e14.session: primed Akamai session (thread 128940253361856): HTTP 200 cookies=['ak_bmsc', 'bm_sv']
2026-06-01 00:55:20,732 INFO e14.session: primed Akamai session (thread 128934146356928): HTTP 200 cookies=['ak_bmsc', 'bm_sv']
2026-06-01 00:55:21,889 INFO e14.session: primed Akamai session (thread 128938810537664): HTTP 200 cookies=['ak_bmsc', 'bm_sv']
2026-06-01 00:55:25,235 INFO e14.session: primed Akamai session (thread 128939204798144): HTTP 200 cookies=['ak_bmsc', 'bm_sv']
2026-06-01 00:55:28,092 INFO e14.session: primed Akamai session (thread 128934020466368): HTTP 200 cookies=['ak_bmsc', 'bm_sv']
2026-06-01 00:55:29,479 INFO e14.session: primed Akamai session (thread 128934037251776): HTTP 200 cookies=['ak_bmsc', 'bm_sv']
2026-06-01 00:55:29,566 INFO e14.session: primed Akamai session (thread 128940815410880): HTTP 200 cookies=['ak_bmsc', 'bm_sv']
2026-06-01 00:55:29,623 INFO e14.session: primed Akamai session (thread 128934070822592): HTTP 200 cookies=['ak_bmsc', 'bm_sv']
2026-06-01 00:55:29,694 INFO e14.session: primed Akamai session (thread 128939162834624): HTTP 200 cookies=['ak_bmsc', 'bm_sv']
2026-06-01 00:55:31,326 INFO e14.session: primed Akamai session (thread 128934104393408): HTTP 200 cookies=['ak_bmsc', 'bm_sv']
2026-06-01 00:55:34,765 INFO e14.session: primed Akamai session (thread 128938785359552): HTTP 200 cookies=['ak_bmsc', 'bm_sv']
2026-06-01 00:55:34,773 INFO e14.session: primed Akamai session (thread 128934238676672): HTTP 200 cookies=['ak_bmsc', 'bm_sv']
2026-06-01 00:55:35,043 INFO e14.session: primed Akamai session (thread 128934003680960): HTTP 200 cookies=['ak_bmsc', 'bm_sv']
2026-06-01 00:55:35,994 INFO e14.session: primed Akamai session (thread 128934121178816): HTTP 200 cookies=['ak_bmsc', 'bm_sv']
2026-06-01 00:55:37,134 INFO e14.session: primed Akamai session (thread 128937954875072): HTTP 200 cookies=['ak_bmsc', 'bm_sv']
2026-06-01 00:55:38,596 INFO e14.session: primed Akamai session (thread 128934012073664): HTTP 200 cookies=['ak_bmsc', 'bm_sv']
2026-06-01 00:55:40,531 INFO e14.session: primed Akamai session (thread 128933986895552): HTTP 200 cookies=['ak_bmsc', 'bm_sv']
2026-06-01 00:55:44,348 INFO e14.session: primed Akamai session (thread 128936495265472): HTTP 200 cookies=['ak_bmsc', 'bm_sv']
2026-06-01 00:55:44,537 INFO e14.session: primed Akamai session (thread 128935941609152): HTTP 200 cookies=['ak_bmsc', 'bm_sv']
2026-06-01 00:55:46,601 INFO e14.session: primed Akamai session (thread 128934297425600): HTTP 200 cookies=['ak_bmsc', 'bm_sv']
2026-06-01 00:55:49,517 INFO e14.session: primed Akamai session (thread 128934179927744): HTTP 200 cookies=['ak_bmsc', 'bm_sv']
2026-06-01 00:55:50,841 INFO e14.session: primed Akamai session (thread 128939179620032): HTTP 200 cookies=['ak_bmsc', 'bm_sv']
2026-06-01 00:55:51,300 INFO e14.session: primed Akamai session (thread 128934372959936): HTTP 200 cookies=['ak_bmsc', 'bm_sv']
2026-06-01 00:55:53,189 INFO e14.session: primed Akamai session (thread 128934205105856): HTTP 200 cookies=['ak_bmsc', 'bm_sv']
2026-06-01 00:55:53,197 INFO e14.session: primed Akamai session (thread 128934356174528): HTTP 200 cookies=['ak_bmsc', 'bm_sv']
2026-06-01 00:55:53,205 INFO e14.session: primed Akamai session (thread 128937971660480): HTTP 200 cookies=['ak_bmsc', 'bm_sv']
2026-06-01 00:55:53,335 INFO e14.session: primed Akamai session (thread 128934347781824): HTTP 200 cookies=['ak_bmsc', 'bm_sv']
2026-06-01 00:55:53,874 INFO e14.session: primed Akamai session (thread 128934137964224): HTTP 200 cookies=['ak_bmsc', 'bm_sv']
2026-06-01 00:55:53,942 INFO e14.session: primed Akamai session (thread 128938802144960): HTTP 200 cookies=['ak_bmsc', 'bm_sv']
2026-06-01 00:55:54,072 INFO e14.session: primed Akamai session (thread 128938491745984): HTTP 200 cookies=['ak_bmsc', 'bm_sv']
2026-06-01 00:55:54,322 INFO e14.session: primed Akamai session (thread 128934280640192): HTTP 200 cookies=['ak_bmsc', 'bm_sv']
2026-06-01 00:55:54,322 INFO e14.session: primed Akamai session (thread 128940773447360): HTTP 200 cookies=['ak_bmsc', 'bm_sv']
2026-06-01 00:55:54,324 INFO e14.session: primed Akamai session (thread 128939171227328): HTTP 200 cookies=['ak_bmsc', 'bm_sv']
2026-06-01 00:55:54,373 INFO e14.session: primed Akamai session (thread 128934028859072): HTTP 200 cookies=['ak_bmsc', 'bm_sv']
2026-06-01 00:55:54,469 INFO e14.session: primed Akamai session (thread 128938760181440): HTTP 200 cookies=['ak_bmsc', 'bm_sv']
2026-06-01 00:55:54,765 INFO e14.session: primed Akamai session (thread 128935950001856): HTTP 200 cookies=['ak_bmsc', 'bm_sv']
2026-06-01 00:55:54,789 INFO e14.session: primed Akamai session (thread 128937963267776): HTTP 200 cookies=['ak_bmsc', 'bm_sv']
2026-06-01 00:55:54,999 INFO e14.session: primed Akamai session (thread 128937032136384): HTTP 200 cookies=['ak_bmsc', 'bm_sv']
2026-06-01 00:55:55,009 INFO e14.session: primed Akamai session (thread 128940798625472): HTTP 200 cookies=['ak_bmsc', 'bm_sv']
2026-06-01 00:55:55,070 INFO e14.session: primed Akamai session (thread 128935983572672): HTTP 200 cookies=['ak_bmsc', 'bm_sv']
2026-06-01 00:55:55,124 INFO e14.session: primed Akamai session (thread 128937065707200): HTTP 200 cookies=['ak_bmsc', 'bm_sv']
2026-06-01 00:55:55,183 INFO e14.session: primed Akamai session (thread 128934901438144): HTTP 200 cookies=['ak_bmsc', 'bm_sv']
2026-06-01 00:55:55,234 INFO e14.session: primed Akamai session (thread 128941637691072): HTTP 200 cookies=['ak_bmsc', 'bm_sv']
2026-06-01 00:55:55,346 INFO e14.session: primed Akamai session (thread 128934087608000): HTTP 200 cookies=['ak_bmsc', 'bm_sv']
2026-06-01 00:55:55,466 INFO e14.session: primed Akamai session (thread 128938500138688): HTTP 200 cookies=['ak_bmsc', 'bm_sv']
2026-06-01 00:55:55,484 INFO e14.session: primed Akamai session (thread 128938005231296): HTTP 200 cookies=['ak_bmsc', 'bm_sv']
2026-06-01 00:55:55,626 INFO e14.session: primed Akamai session (thread 128939741669056): HTTP 200 cookies=['ak_bmsc', 'bm_sv']
2026-06-01 00:55:55,641 INFO e14.session: primed Akamai session (thread 128940790232768): HTTP 200 cookies=['ak_bmsc', 'bm_sv']
2026-06-01 00:55:55,702 INFO e14.session: primed Akamai session (thread 128933936539328): HTTP 200 cookies=['ak_bmsc', 'bm_sv']
2026-06-01 00:55:55,711 INFO e14.session: primed Akamai session (thread 128933978502848): HTTP 200 cookies=['ak_bmsc', 'bm_sv']
2026-06-01 00:55:55,756 INFO e14.session: primed Akamai session (thread 128935991965376): HTTP 200 cookies=['ak_bmsc', 'bm_sv']
2026-06-01 00:55:55,774 INFO e14.session: primed Akamai session (thread 128933877790400): HTTP 200 cookies=['ak_bmsc', 'bm_sv']
2026-06-01 00:55:55,950 INFO e14.session: primed Akamai session (thread 128939716490944): HTTP 200 cookies=['ak_bmsc', 'bm_sv']
2026-06-01 00:55:55,977 INFO e14.session: primed Akamai session (thread 128934339389120): HTTP 200 cookies=['ak_bmsc', 'bm_sv']
2026-06-01 00:55:56,003 INFO e14.session: primed Akamai session (thread 128933894575808): HTTP 200 cookies=['ak_bmsc', 'bm_sv']
2026-06-01 00:55:56,016 INFO e14.session: primed Akamai session (thread 128938776966848): HTTP 200 cookies=['ak_bmsc', 'bm_sv']
2026-06-01 00:55:56,233 INFO e14.session: primed Akamai session (thread 128934096000704): HTTP 200 cookies=['ak_bmsc', 'bm_sv']
2026-06-01 00:55:56,257 INFO e14.session: primed Akamai session (thread 128941427783360): HTTP 200 cookies=['ak_bmsc', 'bm_sv']
2026-06-01 00:55:56,276 INFO e14.session: primed Akamai session (thread 128934045644480): HTTP 200 cookies=['ak_bmsc', 'bm_sv']
2026-06-01 00:55:56,391 INFO e14.session: primed Akamai session (thread 128940244969152): HTTP 200 cookies=['ak_bmsc', 'bm_sv']
2026-06-01 00:55:56,462 INFO e14.session: primed Akamai session (thread 128933861004992): HTTP 200 cookies=['ak_bmsc', 'bm_sv']
2026-06-01 00:55:56,488 INFO e14.session: primed Akamai session (thread 128935958394560): HTTP 200 cookies=['ak_bmsc', 'bm_sv']
2026-06-01 00:55:56,489 INFO e14.session: primed Akamai session (thread 128934289032896): HTTP 200 cookies=['ak_bmsc', 'bm_sv']
2026-06-01 00:55:56,507 INFO e14.session: primed Akamai session (thread 128936486872768): HTTP 200 cookies=['ak_bmsc', 'bm_sv']
2026-06-01 00:55:56,553 INFO e14.session: primed Akamai session (thread 128940278539968): HTTP 200 cookies=['ak_bmsc', 'bm_sv']
2026-06-01 00:55:56,595 INFO e14.session: primed Akamai session (thread 128933886183104): HTTP 200 cookies=['ak_bmsc', 'bm_sv']
2026-06-01 00:55:56,605 INFO e14.session: primed Akamai session (thread 128934213498560): HTTP 200 cookies=['ak_bmsc', 'bm_sv']
2026-06-01 00:55:56,629 INFO e14.session: primed Akamai session (thread 128938542102208): HTTP 200 cookies=['ak_bmsc', 'bm_sv']
2026-06-01 00:55:56,715 INFO e14.session: primed Akamai session (thread 128937057314496): HTTP 200 cookies=['ak_bmsc', 'bm_sv']
2026-06-01 00:55:56,724 INFO e14.session: primed Akamai session (thread 128935421523648): HTTP 200 cookies=['ak_bmsc', 'bm_sv']
2026-06-01 00:55:56,734 INFO e14.session: primed Akamai session (thread 128933970110144): HTTP 200 cookies=['ak_bmsc', 'bm_sv']
2026-06-01 00:55:56,740 INFO e14.session: primed Akamai session (thread 128937980053184): HTTP 200 cookies=['ak_bmsc', 'bm_sv']
2026-06-01 00:55:56,764 INFO e14.session: primed Akamai session (thread 128934876260032): HTTP 200 cookies=['ak_bmsc', 'bm_sv']
2026-06-01 00:55:56,791 INFO e14.session: primed Akamai session (thread 128933953324736): HTTP 200 cookies=['ak_bmsc', 'bm_sv']
2026-06-01 00:55:56,853 INFO e14.session: primed Akamai session (thread 128934062429888): HTTP 200 cookies=['ak_bmsc', 'bm_sv']
2026-06-01 00:55:56,877 INFO e14.session: primed Akamai session (thread 128934918223552): HTTP 200 cookies=['ak_bmsc', 'bm_sv']
2026-06-01 00:55:56,886 INFO e14.session: primed Akamai session (thread 128941654476480): HTTP 200 cookies=['ak_bmsc', 'bm_sv']
2026-06-01 00:55:56,900 INFO e14.session: primed Akamai session (thread 128933944932032): HTTP 200 cookies=['ak_bmsc', 'bm_sv']
2026-06-01 00:55:57,014 INFO e14.session: primed Akamai session (thread 128941394212544): HTTP 200 cookies=['ak_bmsc', 'bm_sv']
2026-06-01 00:55:57,078 INFO e14.session: primed Akamai session (thread 128934230283968): HTTP 200 cookies=['ak_bmsc', 'bm_sv']
2026-06-01 00:55:57,108 INFO e14.session: primed Akamai session (thread 128941419390656): HTTP 200 cookies=['ak_bmsc', 'bm_sv']
2026-06-01 00:55:57,110 INFO e14.session: primed Akamai session (thread 128934381352640): HTTP 200 cookies=['ak_bmsc', 'bm_sv']
2026-06-01 00:55:57,219 INFO e14.session: primed Akamai session (thread 128934221891264): HTTP 200 cookies=['ak_bmsc', 'bm_sv']
2026-06-01 00:55:57,267 INFO e14.session: primed Akamai session (thread 128933902968512): HTTP 200 cookies=['ak_bmsc', 'bm_sv']
2026-06-01 00:55:57,312 INFO e14.session: primed Akamai session (thread 128934079215296): HTTP 200 cookies=['ak_bmsc', 'bm_sv']
2026-06-01 00:55:57,411 INFO e14.session: primed Akamai session (thread 128934909830848): HTTP 200 cookies=['ak_bmsc', 'bm_sv']
2026-06-01 00:55:57,624 INFO e14.session: primed Akamai session (thread 128933869397696): HTTP 200 cookies=['ak_bmsc', 'bm_sv']
2026-06-01 00:55:57,635 INFO e14.session: primed Akamai session (thread 128939724883648): HTTP 200 cookies=['ak_bmsc', 'bm_sv']
2026-06-01 00:55:57,645 INFO e14.session: primed Akamai session (thread 128934163142336): HTTP 200 cookies=['ak_bmsc', 'bm_sv']
2026-06-01 00:55:57,646 INFO e14.session: primed Akamai session (thread 128934263854784): HTTP 200 cookies=['ak_bmsc', 'bm_sv']
2026-06-01 00:55:57,696 INFO e14.session: primed Akamai session (thread 128937040529088): HTTP 200 cookies=['ak_bmsc', 'bm_sv']
2026-06-01 00:55:57,777 INFO e14.session: primed Akamai session (thread 128937015350976): HTTP 200 cookies=['ak_bmsc', 'bm_sv']
2026-06-01 00:55:57,813 INFO e14.session: primed Akamai session (thread 128934314211008): HTTP 200 cookies=['ak_bmsc', 'bm_sv']
2026-06-01 00:55:57,922 INFO e14.session: primed Akamai session (thread 128938533709504): HTTP 200 cookies=['ak_bmsc', 'bm_sv']
2026-06-01 00:55:57,952 INFO e14.session: primed Akamai session (thread 128933844219584): HTTP 200 cookies=['ak_bmsc', 'bm_sv']
2026-06-01 00:55:57,990 INFO e14.session: primed Akamai session (thread 128940807018176): HTTP 200 cookies=['ak_bmsc', 'bm_sv']
2026-06-01 00:55:57,998 INFO e14.session: primed Akamai session (thread 128938508531392): HTTP 200 cookies=['ak_bmsc', 'bm_sv']
2026-06-01 00:55:58,023 INFO e14.session: primed Akamai session (thread 128934112786112): HTTP 200 cookies=['ak_bmsc', 'bm_sv']
2026-06-01 00:55:58,221 INFO e14.session: primed Akamai session (thread 128934196713152): HTTP 200 cookies=['ak_bmsc', 'bm_sv']
2026-06-01 00:55:58,295 INFO e14.session: primed Akamai session (thread 128934884652736): HTTP 200 cookies=['ak_bmsc', 'bm_sv']
2026-06-01 00:55:58,296 INFO e14.session: primed Akamai session (thread 128934171535040): HTTP 200 cookies=['ak_bmsc', 'bm_sv']
2026-06-01 00:55:58,395 INFO e14.session: primed Akamai session (thread 128939213190848): HTTP 200 cookies=['ak_bmsc', 'bm_sv']
2026-06-01 00:55:58,420 INFO e14.session: primed Akamai session (thread 128935404738240): HTTP 200 cookies=['ak_bmsc', 'bm_sv']
2026-06-01 00:55:58,488 INFO e14.session: primed Akamai session (thread 128937048921792): HTTP 200 cookies=['ak_bmsc', 'bm_sv']
2026-06-01 00:55:58,508 INFO e14.session: primed Akamai session (thread 128934893045440): HTTP 200 cookies=['ak_bmsc', 'bm_sv']
2026-06-01 00:55:58,577 INFO e14.session: primed Akamai session (thread 128936520443584): HTTP 200 cookies=['ak_bmsc', 'bm_sv']
2026-06-01 00:55:58,581 INFO e14.session: primed Akamai session (thread 128939750061760): HTTP 200 cookies=['ak_bmsc', 'bm_sv']
2026-06-01 00:55:58,585 INFO e14.session: primed Akamai session (thread 128941410997952): HTTP 200 cookies=['ak_bmsc', 'bm_sv']
2026-06-01 00:55:58,591 INFO e14.session: primed Akamai session (thread 128939708098240): HTTP 200 cookies=['ak_bmsc', 'bm_sv']
2026-06-01 00:55:58,606 INFO e14.session: primed Akamai session (thread 128933911361216): HTTP 200 cookies=['ak_bmsc', 'bm_sv']
2026-06-01 00:55:58,630 INFO e14.session: primed Akamai session (thread 128939196405440): HTTP 200 cookies=['ak_bmsc', 'bm_sv']
2026-06-01 00:55:58,794 INFO e14.session: primed Akamai session (thread 128935438309056): HTTP 200 cookies=['ak_bmsc', 'bm_sv']
2026-06-01 00:55:58,811 INFO e14.session: primed Akamai session (thread 128938525316800): HTTP 200 cookies=['ak_bmsc', 'bm_sv']
2026-06-01 00:55:58,834 INFO e14.session: primed Akamai session (thread 128933961717440): HTTP 200 cookies=['ak_bmsc', 'bm_sv']
2026-06-01 00:55:59,224 INFO e14.session: primed Akamai session (thread 128940261754560): HTTP 200 cookies=['ak_bmsc', 'bm_sv']
2026-06-01 00:55:59,250 INFO e14.session: primed Akamai session (thread 128934247069376): HTTP 200 cookies=['ak_bmsc', 'bm_sv']
2026-06-01 00:55:59,316 INFO e14.session: primed Akamai session (thread 128934330996416): HTTP 200 cookies=['ak_bmsc', 'bm_sv']
2026-06-01 00:55:59,349 INFO e14.session: primed Akamai session (thread 128936478480064): HTTP 200 cookies=['ak_bmsc', 'bm_sv']
2026-06-01 00:55:59,401 INFO e14.session: primed Akamai session (thread 128935966787264): HTTP 200 cookies=['ak_bmsc', 'bm_sv']
2026-06-01 00:55:59,495 INFO e14.session: primed Akamai session (thread 128941377427136): HTTP 200 cookies=['ak_bmsc', 'bm_sv']
2026-06-01 00:55:59,572 INFO e14.session: primed Akamai session (thread 128940236576448): HTTP 200 cookies=['ak_bmsc', 'bm_sv']
2026-06-01 00:55:59,575 INFO e14.session: primed Akamai session (thread 128937988445888): HTTP 200 cookies=['ak_bmsc', 'bm_sv']
2026-06-01 00:55:59,669 INFO e14.session: primed Akamai session (thread 128933928146624): HTTP 200 cookies=['ak_bmsc', 'bm_sv']
2026-06-01 00:55:59,792 INFO e14.session: primed Akamai session (thread 128935413130944): HTTP 200 cookies=['ak_bmsc', 'bm_sv']
2026-06-01 00:55:59,944 INFO e14.session: primed Akamai session (thread 128935975179968): HTTP 200 cookies=['ak_bmsc', 'bm_sv']
2026-06-01 00:56:00,319 INFO e14.session: primed Akamai session (thread 128934054037184): HTTP 200 cookies=['ak_bmsc', 'bm_sv']
2026-06-01 00:56:00,712 INFO e14.session: primed Akamai session (thread 128933835826880): HTTP 200 cookies=['ak_bmsc', 'bm_sv']
2026-06-01 00:56:00,789 INFO e14.session: primed Akamai session (thread 128936528836288): HTTP 200 cookies=['ak_bmsc', 'bm_sv']
2026-06-01 00:56:00,852 INFO e14.session: primed Akamai session (thread 128940781840064): HTTP 200 cookies=['ak_bmsc', 'bm_sv']
2026-06-01 00:56:00,993 INFO e14.session: primed Akamai session (thread 128934322603712): HTTP 200 cookies=['ak_bmsc', 'bm_sv']
2026-06-01 00:56:01,213 INFO e14.session: primed Akamai session (thread 128936503658176): HTTP 200 cookies=['ak_bmsc', 'bm_sv']
2026-06-01 00:56:01,465 INFO e14.session: primed Akamai session (thread 128939699705536): HTTP 200 cookies=['ak_bmsc', 'bm_sv']
2026-06-01 00:56:01,470 INFO e14.session: primed Akamai session (thread 128941646083776): HTTP 200 cookies=['ak_bmsc', 'bm_sv']
2026-06-01 00:56:01,492 INFO e14.session: primed Akamai session (thread 128941385819840): HTTP 200 cookies=['ak_bmsc', 'bm_sv']
2026-06-01 00:56:01,723 INFO e14.session: primed Akamai session (thread 128934129571520): HTTP 200 cookies=['ak_bmsc', 'bm_sv']
2026-06-01 00:56:01,877 INFO e14.session: primed Akamai session (thread 128941402605248): HTTP 200 cookies=['ak_bmsc', 'bm_sv']
2026-06-01 00:56:02,157 INFO e14.session: primed Akamai session (thread 128936512050880): HTTP 200 cookies=['ak_bmsc', 'bm_sv']
2026-06-01 00:56:02,702 INFO e14.session: primed Akamai session (thread 128940286932672): HTTP 200 cookies=['ak_bmsc', 'bm_sv']
2026-06-01 00:56:02,882 INFO e14.session: primed Akamai session (thread 128933852612288): HTTP 200 cookies=['ak_bmsc', 'bm_sv']
2026-06-01 00:56:03,281 INFO e14.session: primed Akamai session (thread 128935429916352): HTTP 200 cookies=['ak_bmsc', 'bm_sv']
2026-06-01 00:56:03,544 INFO e14.session: primed Akamai session (thread 128937996838592): HTTP 200 cookies=['ak_bmsc', 'bm_sv']
2026-06-01 00:56:04,153 INFO e14.session: primed Akamai session (thread 128934154749632): HTTP 200 cookies=['ak_bmsc', 'bm_sv']
2026-06-01 00:56:04,416 INFO e14.session: primed Akamai session (thread 128940270147264): HTTP 200 cookies=['ak_bmsc', 'bm_sv']
2026-06-01 00:56:04,451 INFO e14.session: primed Akamai session (thread 128938768574144): HTTP 200 cookies=['ak_bmsc', 'bm_sv']
2026-06-01 00:56:04,709 INFO e14.session: primed Akamai session (thread 128934305818304): HTTP 200 cookies=['ak_bmsc', 'bm_sv']
2026-06-01 00:56:06,507 INFO e14.session: primed Akamai session (thread 128934272247488): HTTP 200 cookies=['ak_bmsc', 'bm_sv']
2026-06-01 00:56:06,600 INFO e14.session: primed Akamai session (thread 128935446701760): HTTP 200 cookies=['ak_bmsc', 'bm_sv']
2026-06-01 00:56:06,715 INFO e14.session: primed Akamai session (thread 128934188320448): HTTP 200 cookies=['ak_bmsc', 'bm_sv']
2026-06-01 00:56:07,086 INFO e14.session: primed Akamai session (thread 128938516924096): HTTP 200 cookies=['ak_bmsc', 'bm_sv']
2026-06-01 00:56:09,221 INFO e14.session: primed Akamai session (thread 128934364567232): HTTP 200 cookies=['ak_bmsc', 'bm_sv']
2026-06-01 00:56:09,319 INFO e14.session: primed Akamai session (thread 128937023743680): HTTP 200 cookies=['ak_bmsc', 'bm_sv']
2026-06-01 00:56:23,866 INFO e14.session: primed Akamai session (thread 128933995288256): HTTP 200 cookies=['ak_bmsc', 'bm_sv']
2026-06-01 00:56:28,553 INFO e14.session: primed Akamai session (thread 128940823803584): HTTP 200 cookies=['ak_bmsc', 'bm_sv']
2026-06-01 00:56:31,769 INFO e14.session: primed Akamai session (thread 128939204798144): HTTP 200 cookies=['ak_bmsc', 'bm_sv']
2026-06-01 00:56:32,430 INFO e14.session: primed Akamai session (thread 128934146356928): HTTP 200 cookies=['ak_bmsc', 'bm_sv']
2026-06-01 00:56:32,435 INFO e14.session: primed Akamai session (thread 128939162834624): HTTP 200 cookies=['ak_bmsc', 'bm_sv']
2026-06-01 00:56:32,726 INFO e14.session: primed Akamai session (thread 128934020466368): HTTP 200 cookies=['ak_bmsc', 'bm_sv']
2026-06-01 00:56:34,519 INFO e14.session: primed Akamai session (thread 128940253361856): HTTP 200 cookies=['ak_bmsc', 'bm_sv']
2026-06-01 00:56:39,981 INFO e14.session: primed Akamai session (thread 128933919753920): HTTP 200 cookies=['ak_bmsc', 'bm_sv']
2026-06-01 00:56:40,182 INFO e14.session: primed Akamai session (thread 128938785359552): HTTP 200 cookies=['ak_bmsc', 'bm_sv']
2026-06-01 00:56:42,044 INFO e14.session: primed Akamai session (thread 128940815410880): HTTP 200 cookies=['ak_bmsc', 'bm_sv']
2026-06-01 00:56:42,206 INFO e14.session: primed Akamai session (thread 128938810537664): HTTP 200 cookies=['ak_bmsc', 'bm_sv']
2026-06-01 00:56:43,330 INFO e14.session: primed Akamai session (thread 128934037251776): HTTP 200 cookies=['ak_bmsc', 'bm_sv']
2026-06-01 00:56:44,502 INFO e14.session: primed Akamai session (thread 128934070822592): HTTP 200 cookies=['ak_bmsc', 'bm_sv']
2026-06-01 00:56:46,501 INFO e14.session: primed Akamai session (thread 128934238676672): HTTP 200 cookies=['ak_bmsc', 'bm_sv']
2026-06-01 00:56:50,338 INFO e14.session: primed Akamai session (thread 128936495265472): HTTP 200 cookies=['ak_bmsc', 'bm_sv']
2026-06-01 00:56:50,343 INFO e14.session: primed Akamai session (thread 128934255462080): HTTP 200 cookies=['ak_bmsc', 'bm_sv']
2026-06-01 00:56:50,442 INFO e14.session: primed Akamai session (thread 128934012073664): HTTP 200 cookies=['ak_bmsc', 'bm_sv']
2026-06-01 00:56:50,534 INFO e14.session: primed Akamai session (thread 128939733276352): HTTP 200 cookies=['ak_bmsc', 'bm_sv']
2026-06-01 00:56:51,011 INFO e14.session: primed Akamai session (thread 128934104393408): HTTP 200 cookies=['ak_bmsc', 'bm_sv']
2026-06-01 00:56:52,106 INFO e14.session: primed Akamai session (thread 128933986895552): HTTP 200 cookies=['ak_bmsc', 'bm_sv']
2026-06-01 00:56:52,637 INFO e14.session: primed Akamai session (thread 128935941609152): HTTP 200 cookies=['ak_bmsc', 'bm_sv']
2026-06-01 00:56:54,370 INFO e14.session: primed Akamai session (thread 128934121178816): HTTP 200 cookies=['ak_bmsc', 'bm_sv']
2026-06-01 00:56:54,440 INFO e14.session: primed Akamai session (thread 128934297425600): HTTP 200 cookies=['ak_bmsc', 'bm_sv']
2026-06-01 00:56:54,637 INFO e14.session: primed Akamai session (thread 128935455094464): HTTP 200 cookies=['ak_bmsc', 'bm_sv']
2026-06-01 00:56:56,480 INFO e14.session: primed Akamai session (thread 128934179927744): HTTP 200 cookies=['ak_bmsc', 'bm_sv']
2026-06-01 00:56:56,549 INFO e14.session: primed Akamai session (thread 128937954875072): HTTP 200 cookies=['ak_bmsc', 'bm_sv']
2026-06-01 00:56:56,627 INFO e14.session: primed Akamai session (thread 128939179620032): HTTP 200 cookies=['ak_bmsc', 'bm_sv']
2026-06-01 00:56:57,704 INFO e14.session: primed Akamai session (thread 128934003680960): HTTP 200 cookies=['ak_bmsc', 'bm_sv']
2026-06-01 00:56:57,861 INFO e14.session: primed Akamai session (thread 128934372959936): HTTP 200 cookies=['ak_bmsc', 'bm_sv']
2026-06-01 00:56:58,364 INFO e14.session: primed Akamai session (thread 128934205105856): HTTP 200 cookies=['ak_bmsc', 'bm_sv']
2026-06-01 00:56:58,876 INFO e14.session: primed Akamai session (thread 128934347781824): HTTP 200 cookies=['ak_bmsc', 'bm_sv']
2026-06-01 00:56:58,930 INFO e14.session: primed Akamai session (thread 128934867867328): HTTP 200 cookies=['ak_bmsc', 'bm_sv']
2026-06-01 00:56:59,108 INFO e14.session: primed Akamai session (thread 128934356174528): HTTP 200 cookies=['ak_bmsc', 'bm_sv']
2026-06-01 00:56:59,116 INFO e14.session: primed Akamai session (thread 128937971660480): HTTP 200 cookies=['ak_bmsc', 'bm_sv']
2026-06-01 00:57:00,036 INFO e14.session: primed Akamai session (thread 128938793752256): HTTP 200 cookies=['ak_bmsc', 'bm_sv']
2026-06-01 00:57:00,147 INFO e14.session: primed Akamai session (thread 128937065707200): HTTP 200 cookies=['ak_bmsc', 'bm_sv']
2026-06-01 00:57:00,240 INFO e14.session: primed Akamai session (thread 128934087608000): HTTP 200 cookies=['ak_bmsc', 'bm_sv']
2026-06-01 00:57:00,308 INFO e14.session: primed Akamai session (thread 128939188012736): HTTP 200 cookies=['ak_bmsc', 'bm_sv']
2026-06-01 00:57:00,472 INFO e14.session: primed Akamai session (thread 128940773447360): HTTP 200 cookies=['ak_bmsc', 'bm_sv']
2026-06-01 00:57:00,503 INFO e14.session: primed Akamai session (thread 128941394212544): HTTP 200 cookies=['ak_bmsc', 'bm_sv']
2026-06-01 00:57:00,685 INFO e14.session: primed Akamai session (thread 128941637691072): HTTP 200 cookies=['ak_bmsc', 'bm_sv']
2026-06-01 00:57:00,718 INFO e14.session: primed Akamai session (thread 128938776966848): HTTP 200 cookies=['ak_bmsc', 'bm_sv']
2026-06-01 00:57:01,064 INFO e14.session: primed Akamai session (thread 128935958394560): HTTP 200 cookies=['ak_bmsc', 'bm_sv']
2026-06-01 00:57:01,102 INFO e14.session: primed Akamai session (thread 128933861004992): HTTP 200 cookies=['ak_bmsc', 'bm_sv']
2026-06-01 00:57:01,132 INFO e14.session: primed Akamai session (thread 128938491745984): HTTP 200 cookies=['ak_bmsc', 'bm_sv']
2026-06-01 00:57:01,165 INFO e14.session: primed Akamai session (thread 128934137964224): HTTP 200 cookies=['ak_bmsc', 'bm_sv']
2026-06-01 00:57:01,214 INFO e14.session: primed Akamai session (thread 128934280640192): HTTP 200 cookies=['ak_bmsc', 'bm_sv']
2026-06-01 00:57:01,217 INFO e14.session: primed Akamai session (thread 128938802144960): HTTP 200 cookies=['ak_bmsc', 'bm_sv']
2026-06-01 00:57:01,309 INFO e14.session: primed Akamai session (thread 128934096000704): HTTP 200 cookies=['ak_bmsc', 'bm_sv']
2026-06-01 00:57:01,337 INFO e14.session: primed Akamai session (thread 128938500138688): HTTP 200 cookies=['ak_bmsc', 'bm_sv']
2026-06-01 00:57:01,396 INFO e14.session: primed Akamai session (thread 128940798625472): HTTP 200 cookies=['ak_bmsc', 'bm_sv']
2026-06-01 00:57:01,618 INFO e14.session: primed Akamai session (thread 128939171227328): HTTP 200 cookies=['ak_bmsc', 'bm_sv']
2026-06-01 00:57:01,681 INFO e14.session: primed Akamai session (thread 128935950001856): HTTP 200 cookies=['ak_bmsc', 'bm_sv']
2026-06-01 00:57:01,700 INFO e14.session: primed Akamai session (thread 128939741669056): HTTP 200 cookies=['ak_bmsc', 'bm_sv']
2026-06-01 00:57:01,763 INFO e14.session: primed Akamai session (thread 128937032136384): HTTP 200 cookies=['ak_bmsc', 'bm_sv']
2026-06-01 00:57:01,846 INFO e14.session: primed Akamai session (thread 128940790232768): HTTP 200 cookies=['ak_bmsc', 'bm_sv']
2026-06-01 00:57:01,871 INFO e14.session: primed Akamai session (thread 128933877790400): HTTP 200 cookies=['ak_bmsc', 'bm_sv']
2026-06-01 00:57:01,928 INFO e14.session: primed Akamai session (thread 128938760181440): HTTP 200 cookies=['ak_bmsc', 'bm_sv']
2026-06-01 00:57:02,095 INFO e14.session: primed Akamai session (thread 128933894575808): HTTP 200 cookies=['ak_bmsc', 'bm_sv']
2026-06-01 00:57:02,128 INFO e14.session: primed Akamai session (thread 128934901438144): HTTP 200 cookies=['ak_bmsc', 'bm_sv']
2026-06-01 00:57:02,224 INFO e14.session: primed Akamai session (thread 128934230283968): HTTP 200 cookies=['ak_bmsc', 'bm_sv']
2026-06-01 00:57:02,295 INFO e14.session: primed Akamai session (thread 128940278539968): HTTP 200 cookies=['ak_bmsc', 'bm_sv']
2026-06-01 00:57:02,320 INFO e14.session: primed Akamai session (thread 128937057314496): HTTP 200 cookies=['ak_bmsc', 'bm_sv']
2026-06-01 00:57:02,346 INFO e14.session: primed Akamai session (thread 128939716490944): HTTP 200 cookies=['ak_bmsc', 'bm_sv']
2026-06-01 00:57:02,415 INFO e14.session: primed Akamai session (thread 128941427783360): HTTP 200 cookies=['ak_bmsc', 'bm_sv']
2026-06-01 00:57:02,451 INFO e14.session: primed Akamai session (thread 128941419390656): HTTP 200 cookies=['ak_bmsc', 'bm_sv']
2026-06-01 00:57:02,452 INFO e14.session: primed Akamai session (thread 128933844219584): HTTP 200 cookies=['ak_bmsc', 'bm_sv']
2026-06-01 00:57:02,535 INFO e14.session: primed Akamai session (thread 128934876260032): HTTP 200 cookies=['ak_bmsc', 'bm_sv']
2026-06-01 00:57:02,592 INFO e14.session: primed Akamai session (thread 128934339389120): HTTP 200 cookies=['ak_bmsc', 'bm_sv']
2026-06-01 00:57:02,691 INFO e14.session: primed Akamai session (thread 128933944932032): HTTP 200 cookies=['ak_bmsc', 'bm_sv']
2026-06-01 00:57:02,700 INFO e14.session: primed Akamai session (thread 128940244969152): HTTP 200 cookies=['ak_bmsc', 'bm_sv']
2026-06-01 00:57:02,704 INFO e14.session: primed Akamai session (thread 128935983572672): HTTP 200 cookies=['ak_bmsc', 'bm_sv']
2026-06-01 00:57:02,713 INFO e14.session: primed Akamai session (thread 128934079215296): HTTP 200 cookies=['ak_bmsc', 'bm_sv']
2026-06-01 00:57:02,724 INFO e14.session: primed Akamai session (thread 128939724883648): HTTP 200 cookies=['ak_bmsc', 'bm_sv']
2026-06-01 00:57:02,766 INFO e14.session: primed Akamai session (thread 128934289032896): HTTP 200 cookies=['ak_bmsc', 'bm_sv']
2026-06-01 00:57:02,767 INFO e14.session: primed Akamai session (thread 128940807018176): HTTP 200 cookies=['ak_bmsc', 'bm_sv']
2026-06-01 00:57:02,833 INFO e14.session: primed Akamai session (thread 128934112786112): HTTP 200 cookies=['ak_bmsc', 'bm_sv']
2026-06-01 00:57:02,844 INFO e14.session: primed Akamai session (thread 128933970110144): HTTP 200 cookies=['ak_bmsc', 'bm_sv']
2026-06-01 00:57:02,852 INFO e14.session: primed Akamai session (thread 128941654476480): HTTP 200 cookies=['ak_bmsc', 'bm_sv']
2026-06-01 00:57:02,896 INFO e14.session: primed Akamai session (thread 128937980053184): HTTP 200 cookies=['ak_bmsc', 'bm_sv']
2026-06-01 00:57:02,910 INFO e14.session: primed Akamai session (thread 128933953324736): HTTP 200 cookies=['ak_bmsc', 'bm_sv']
2026-06-01 00:57:03,012 INFO e14.session: primed Akamai session (thread 128938508531392): HTTP 200 cookies=['ak_bmsc', 'bm_sv']
2026-06-01 00:57:03,023 INFO e14.session: primed Akamai session (thread 128933936539328): HTTP 200 cookies=['ak_bmsc', 'bm_sv']
2026-06-01 00:57:03,079 INFO e14.session: primed Akamai session (thread 128934221891264): HTTP 200 cookies=['ak_bmsc', 'bm_sv']
2026-06-01 00:57:03,125 INFO e14.session: primed Akamai session (thread 128934045644480): HTTP 200 cookies=['ak_bmsc', 'bm_sv']
2026-06-01 00:57:03,167 INFO e14.session: primed Akamai session (thread 128938542102208): HTTP 200 cookies=['ak_bmsc', 'bm_sv']
2026-06-01 00:57:03,214 INFO e14.session: primed Akamai session (thread 128935991965376): HTTP 200 cookies=['ak_bmsc', 'bm_sv']
2026-06-01 00:57:03,435 INFO e14.session: primed Akamai session (thread 128937963267776): HTTP 200 cookies=['ak_bmsc', 'bm_sv']
2026-06-01 00:57:03,523 INFO e14.session: primed Akamai session (thread 128934909830848): HTTP 200 cookies=['ak_bmsc', 'bm_sv']
2026-06-01 00:57:03,624 INFO e14.session: primed Akamai session (thread 128935421523648): HTTP 200 cookies=['ak_bmsc', 'bm_sv']
2026-06-01 00:57:03,800 INFO e14.session: primed Akamai session (thread 128934163142336): HTTP 200 cookies=['ak_bmsc', 'bm_sv']
2026-06-01 00:57:03,803 INFO e14.session: primed Akamai session (thread 128933886183104): HTTP 200 cookies=['ak_bmsc', 'bm_sv']
2026-06-01 00:57:03,878 INFO e14.session: primed Akamai session (thread 128937988445888): HTTP 200 cookies=['ak_bmsc', 'bm_sv']
2026-06-01 00:57:04,021 INFO e14.session: primed Akamai session (thread 128937040529088): HTTP 200 cookies=['ak_bmsc', 'bm_sv']
2026-06-01 00:57:04,043 INFO e14.session: primed Akamai session (thread 128934171535040): HTTP 200 cookies=['ak_bmsc', 'bm_sv']
2026-06-01 00:57:04,071 INFO e14.session: primed Akamai session (thread 128933978502848): HTTP 200 cookies=['ak_bmsc', 'bm_sv']
2026-06-01 00:57:04,115 INFO e14.session: primed Akamai session (thread 128935404738240): HTTP 200 cookies=['ak_bmsc', 'bm_sv']
2026-06-01 00:57:04,130 INFO e14.session: primed Akamai session (thread 128936478480064): HTTP 200 cookies=['ak_bmsc', 'bm_sv']
2026-06-01 00:57:04,143 INFO e14.session: primed Akamai session (thread 128935438309056): HTTP 200 cookies=['ak_bmsc', 'bm_sv']
2026-06-01 00:57:04,251 INFO e14.session: primed Akamai session (thread 128934247069376): HTTP 200 cookies=['ak_bmsc', 'bm_sv']
2026-06-01 00:57:04,272 INFO e14.session: primed Akamai session (thread 128934918223552): HTTP 200 cookies=['ak_bmsc', 'bm_sv']
2026-06-01 00:57:04,276 INFO e14.session: primed Akamai session (thread 128936486872768): HTTP 200 cookies=['ak_bmsc', 'bm_sv']
2026-06-01 00:57:04,317 INFO e14.session: primed Akamai session (thread 128934263854784): HTTP 200 cookies=['ak_bmsc', 'bm_sv']
2026-06-01 00:57:04,393 INFO e14.session: primed Akamai session (thread 128941377427136): HTTP 200 cookies=['ak_bmsc', 'bm_sv']
2026-06-01 00:57:04,583 INFO e14.session: primed Akamai session (thread 128939708098240): HTTP 200 cookies=['ak_bmsc', 'bm_sv']
2026-06-01 00:57:04,672 INFO e14.session: primed Akamai session (thread 128934893045440): HTTP 200 cookies=['ak_bmsc', 'bm_sv']
2026-06-01 00:57:04,689 INFO e14.session: primed Akamai session (thread 128933961717440): HTTP 200 cookies=['ak_bmsc', 'bm_sv']
2026-06-01 00:57:04,696 INFO e14.session: primed Akamai session (thread 128938005231296): HTTP 200 cookies=['ak_bmsc', 'bm_sv']
2026-06-01 00:57:04,772 INFO e14.session: primed Akamai session (thread 128934213498560): HTTP 200 cookies=['ak_bmsc', 'bm_sv']
2026-06-01 00:57:04,839 INFO e14.session: primed Akamai session (thread 128934314211008): HTTP 200 cookies=['ak_bmsc', 'bm_sv']
2026-06-01 00:57:04,938 INFO e14.session: primed Akamai session (thread 128934028859072): HTTP 200 cookies=['ak_bmsc', 'bm_sv']
2026-06-01 00:57:04,957 INFO e14.session: primed Akamai session (thread 128935966787264): HTTP 200 cookies=['ak_bmsc', 'bm_sv']
2026-06-01 00:57:05,012 INFO e14.session: primed Akamai session (thread 128933911361216): HTTP 200 cookies=['ak_bmsc', 'bm_sv']
2026-06-01 00:57:05,017 INFO e14.session: primed Akamai session (thread 128934330996416): HTTP 200 cookies=['ak_bmsc', 'bm_sv']
2026-06-01 00:57:05,120 INFO e14.session: primed Akamai session (thread 128933928146624): HTTP 200 cookies=['ak_bmsc', 'bm_sv']
2026-06-01 00:57:05,125 INFO e14.session: primed Akamai session (thread 128937048921792): HTTP 200 cookies=['ak_bmsc', 'bm_sv']
2026-06-01 00:57:05,278 INFO e14.session: primed Akamai session (thread 128934196713152): HTTP 200 cookies=['ak_bmsc', 'bm_sv']
2026-06-01 00:57:05,301 INFO e14.session: primed Akamai session (thread 128935975179968): HTTP 200 cookies=['ak_bmsc', 'bm_sv']
2026-06-01 00:57:05,586 INFO e14.session: primed Akamai session (thread 128940236576448): HTTP 200 cookies=['ak_bmsc', 'bm_sv']
2026-06-01 00:57:05,610 INFO e14.session: primed Akamai session (thread 128935413130944): HTTP 200 cookies=['ak_bmsc', 'bm_sv']
2026-06-01 00:57:05,745 INFO e14.session: primed Akamai session (thread 128934062429888): HTTP 200 cookies=['ak_bmsc', 'bm_sv']
2026-06-01 00:57:05,797 INFO e14.session: primed Akamai session (thread 128940781840064): HTTP 200 cookies=['ak_bmsc', 'bm_sv']
2026-06-01 00:57:05,849 INFO e14.session: primed Akamai session (thread 128938533709504): HTTP 200 cookies=['ak_bmsc', 'bm_sv']
2026-06-01 00:57:05,913 INFO e14.session: primed Akamai session (thread 128934884652736): HTTP 200 cookies=['ak_bmsc', 'bm_sv']
2026-06-01 00:57:05,920 INFO e14.session: primed Akamai session (thread 128934054037184): HTTP 200 cookies=['ak_bmsc', 'bm_sv']
2026-06-01 00:57:05,952 INFO e14.session: primed Akamai session (thread 128939196405440): HTTP 200 cookies=['ak_bmsc', 'bm_sv']
2026-06-01 00:57:06,105 INFO e14.session: primed Akamai session (thread 128941410997952): HTTP 200 cookies=['ak_bmsc', 'bm_sv']
2026-06-01 00:57:06,390 INFO e14.session: primed Akamai session (thread 128936512050880): HTTP 200 cookies=['ak_bmsc', 'bm_sv']
2026-06-01 00:57:06,447 INFO e14.session: primed Akamai session (thread 128939213190848): HTTP 200 cookies=['ak_bmsc', 'bm_sv']
2026-06-01 00:57:07,084 INFO e14.session: primed Akamai session (thread 128937015350976): HTTP 200 cookies=['ak_bmsc', 'bm_sv']
2026-06-01 00:57:07,489 INFO e14.session: primed Akamai session (thread 128933869397696): HTTP 200 cookies=['ak_bmsc', 'bm_sv']
2026-06-01 00:57:07,592 INFO e14.session: primed Akamai session (thread 128934272247488): HTTP 200 cookies=['ak_bmsc', 'bm_sv']
2026-06-01 00:57:07,617 INFO e14.session: primed Akamai session (thread 128936503658176): HTTP 200 cookies=['ak_bmsc', 'bm_sv']
2026-06-01 00:57:07,849 INFO e14.session: primed Akamai session (thread 128933835826880): HTTP 200 cookies=['ak_bmsc', 'bm_sv']
2026-06-01 00:57:08,298 INFO e14.session: primed Akamai session (thread 128936520443584): HTTP 200 cookies=['ak_bmsc', 'bm_sv']
2026-06-01 00:57:08,337 INFO e14.session: primed Akamai session (thread 128933852612288): HTTP 200 cookies=['ak_bmsc', 'bm_sv']
2026-06-01 00:57:08,464 INFO e14.session: primed Akamai session (thread 128938525316800): HTTP 200 cookies=['ak_bmsc', 'bm_sv']
2026-06-01 00:57:08,471 INFO e14.session: primed Akamai session (thread 128937996838592): HTTP 200 cookies=['ak_bmsc', 'bm_sv']
2026-06-01 00:57:09,306 INFO e14.session: primed Akamai session (thread 128938768574144): HTTP 200 cookies=['ak_bmsc', 'bm_sv']
2026-06-01 00:57:09,354 INFO e14.session: primed Akamai session (thread 128941402605248): HTTP 200 cookies=['ak_bmsc', 'bm_sv']
2026-06-01 00:57:09,372 INFO e14.session: primed Akamai session (thread 128940286932672): HTTP 200 cookies=['ak_bmsc', 'bm_sv']
2026-06-01 00:57:09,465 INFO e14.session: primed Akamai session (thread 128935429916352): HTTP 200 cookies=['ak_bmsc', 'bm_sv']
2026-06-01 00:57:09,564 INFO e14.session: primed Akamai session (thread 128936528836288): HTTP 200 cookies=['ak_bmsc', 'bm_sv']
2026-06-01 00:57:09,676 INFO e14.session: primed Akamai session (thread 128941385819840): HTTP 200 cookies=['ak_bmsc', 'bm_sv']
2026-06-01 00:57:09,678 INFO e14.session: primed Akamai session (thread 128940270147264): HTTP 200 cookies=['ak_bmsc', 'bm_sv']
2026-06-01 00:57:09,791 INFO e14.session: primed Akamai session (thread 128934154749632): HTTP 200 cookies=['ak_bmsc', 'bm_sv']
2026-06-01 00:57:10,067 INFO e14.session: primed Akamai session (thread 128934381352640): HTTP 200 cookies=['ak_bmsc', 'bm_sv']
2026-06-01 00:57:11,990 INFO e14.session: primed Akamai session (thread 128935446701760): HTTP 200 cookies=['ak_bmsc', 'bm_sv']
2026-06-01 00:57:12,700 INFO e14.session: primed Akamai session (thread 128939750061760): HTTP 200 cookies=['ak_bmsc', 'bm_sv']
2026-06-01 00:57:13,063 INFO e14.session: primed Akamai session (thread 128938516924096): HTTP 200 cookies=['ak_bmsc', 'bm_sv']
2026-06-01 00:57:15,493 INFO e14.session: primed Akamai session (thread 128934364567232): HTTP 200 cookies=['ak_bmsc', 'bm_sv']
2026-06-01 00:57:16,234 INFO e14.session: primed Akamai session (thread 128937023743680): HTTP 200 cookies=['ak_bmsc', 'bm_sv']
2026-06-01 00:57:24,347 INFO e14.session: primed Akamai session (thread 128934188320448): HTTP 200 cookies=['ak_bmsc', 'bm_sv']
2026-06-01 00:57:34,185 INFO e14.session: primed Akamai session (thread 128941646083776): HTTP 200 cookies=['ak_bmsc', 'bm_sv']
2026-06-01 00:57:38,943 INFO e14.session: primed Akamai session (thread 128939162834624): HTTP 200 cookies=['ak_bmsc', 'bm_sv']
2026-06-01 00:57:40,397 INFO e14.session: primed Akamai session (thread 128940823803584): HTTP 200 cookies=['ak_bmsc', 'bm_sv']
2026-06-01 00:57:40,401 INFO e14.session: primed Akamai session (thread 128934020466368): HTTP 200 cookies=['ak_bmsc', 'bm_sv']
2026-06-01 00:57:44,436 INFO e14.session: primed Akamai session (thread 128938810537664): HTTP 200 cookies=['ak_bmsc', 'bm_sv']
2026-06-01 00:57:44,485 INFO e14.session: primed Akamai session (thread 128939204798144): HTTP 200 cookies=['ak_bmsc', 'bm_sv']
2026-06-01 00:57:44,755 INFO e14.session: primed Akamai session (thread 128933919753920): HTTP 200 cookies=['ak_bmsc', 'bm_sv']
2026-06-01 00:57:44,808 INFO e14.session: primed Akamai session (thread 128933995288256): HTTP 200 cookies=['ak_bmsc', 'bm_sv']
2026-06-01 00:57:49,483 INFO e14.session: primed Akamai session (thread 128939699705536): HTTP 200 cookies=['ak_bmsc', 'bm_sv']
2026-06-01 00:57:49,563 INFO e14.session: primed Akamai session (thread 128938785359552): HTTP 200 cookies=['ak_bmsc', 'bm_sv']
2026-06-01 00:57:52,176 INFO e14.session: primed Akamai session (thread 128934146356928): HTTP 200 cookies=['ak_bmsc', 'bm_sv']
2026-06-01 00:57:52,653 INFO e14.session: primed Akamai session (thread 128934322603712): HTTP 200 cookies=['ak_bmsc', 'bm_sv']
2026-06-01 00:57:54,135 INFO e14.session: primed Akamai session (thread 128934104393408): HTTP 200 cookies=['ak_bmsc', 'bm_sv']
2026-06-01 00:57:55,831 INFO e14.session: primed Akamai session (thread 128939733276352): HTTP 200 cookies=['ak_bmsc', 'bm_sv']
2026-06-01 00:57:56,473 INFO e14.session: primed Akamai session (thread 128934121178816): HTTP 200 cookies=['ak_bmsc', 'bm_sv']
2026-06-01 00:57:57,561 INFO e14.session: primed Akamai session (thread 128936495265472): HTTP 200 cookies=['ak_bmsc', 'bm_sv']
2026-06-01 00:57:59,173 INFO e14.session: primed Akamai session (thread 128940253361856): HTTP 200 cookies=['ak_bmsc', 'bm_sv']
2026-06-01 00:58:00,497 INFO e14.session: primed Akamai session (thread 128933902968512): HTTP 200 cookies=['ak_bmsc', 'bm_sv']
2026-06-01 00:58:00,819 INFO e14.session: primed Akamai session (thread 128940261754560): HTTP 200 cookies=['ak_bmsc', 'bm_sv']
2026-06-01 00:58:01,087 INFO e14.session: primed Akamai session (thread 128935455094464): HTTP 200 cookies=['ak_bmsc', 'bm_sv']
2026-06-01 00:58:01,191 INFO e14.session: primed Akamai session (thread 128934003680960): HTTP 200 cookies=['ak_bmsc', 'bm_sv']
2026-06-01 00:58:01,836 INFO e14.session: primed Akamai session (thread 128937954875072): HTTP 200 cookies=['ak_bmsc', 'bm_sv']
2026-06-01 00:58:01,993 INFO e14.session: primed Akamai session (thread 128940815410880): HTTP 200 cookies=['ak_bmsc', 'bm_sv']
2026-06-01 00:58:02,675 INFO e14.session: primed Akamai session (thread 128934297425600): HTTP 200 cookies=['ak_bmsc', 'bm_sv']
2026-06-01 00:58:02,828 INFO e14.session: primed Akamai session (thread 128935941609152): HTTP 200 cookies=['ak_bmsc', 'bm_sv']
2026-06-01 00:58:04,972 INFO e14.session: primed Akamai session (thread 128934037251776): HTTP 200 cookies=['ak_bmsc', 'bm_sv']
2026-06-01 00:58:04,995 INFO e14.session: primed Akamai session (thread 128934205105856): HTTP 200 cookies=['ak_bmsc', 'bm_sv']
2026-06-01 00:58:05,064 INFO e14.session: primed Akamai session (thread 128934179927744): HTTP 200 cookies=['ak_bmsc', 'bm_sv']
2026-06-01 00:58:05,102 INFO e14.session: primed Akamai session (thread 128938793752256): HTTP 200 cookies=['ak_bmsc', 'bm_sv']
2026-06-01 00:58:05,251 INFO e14.session: primed Akamai session (thread 128934356174528): HTTP 200 cookies=['ak_bmsc', 'bm_sv']
2026-06-01 00:58:05,257 INFO e14.session: primed Akamai session (thread 128934867867328): HTTP 200 cookies=['ak_bmsc', 'bm_sv']
2026-06-01 00:58:05,416 INFO e14.session: primed Akamai session (thread 128939179620032): HTTP 200 cookies=['ak_bmsc', 'bm_sv']
2026-06-01 00:58:05,512 INFO e14.session: primed Akamai session (thread 128934070822592): HTTP 200 cookies=['ak_bmsc', 'bm_sv']
2026-06-01 00:58:05,850 INFO e14.session: primed Akamai session (thread 128934087608000): HTTP 200 cookies=['ak_bmsc', 'bm_sv']
2026-06-01 00:58:06,325 INFO e14.session: primed Akamai session (thread 128937971660480): HTTP 200 cookies=['ak_bmsc', 'bm_sv']
2026-06-01 00:58:06,747 INFO e14.session: primed Akamai session (thread 128934372959936): HTTP 200 cookies=['ak_bmsc', 'bm_sv']
2026-06-01 00:58:06,776 INFO e14.session: primed Akamai session (thread 128940773447360): HTTP 200 cookies=['ak_bmsc', 'bm_sv']
2026-06-01 00:58:07,265 INFO e14.session: primed Akamai session (thread 128935958394560): HTTP 200 cookies=['ak_bmsc', 'bm_sv']
2026-06-01 00:58:07,451 INFO e14.session: primed Akamai session (thread 128941394212544): HTTP 200 cookies=['ak_bmsc', 'bm_sv']
2026-06-01 00:58:08,056 INFO e14.session: primed Akamai session (thread 128934129571520): HTTP 200 cookies=['ak_bmsc', 'bm_sv']
2026-06-01 00:58:08,116 INFO e14.session: primed Akamai session (thread 128941637691072): HTTP 200 cookies=['ak_bmsc', 'bm_sv']
2026-06-01 00:58:08,255 INFO e14.session: primed Akamai session (thread 128933861004992): HTTP 200 cookies=['ak_bmsc', 'bm_sv']
2026-06-01 00:58:08,551 INFO e14.session: primed Akamai session (thread 128937065707200): HTTP 200 cookies=['ak_bmsc', 'bm_sv']
2026-06-01 00:58:08,569 INFO e14.session: primed Akamai session (thread 128933894575808): HTTP 200 cookies=['ak_bmsc', 'bm_sv']
2026-06-01 00:58:08,640 INFO e14.session: primed Akamai session (thread 128934901438144): HTTP 200 cookies=['ak_bmsc', 'bm_sv']
2026-06-01 00:58:08,759 INFO e14.session: primed Akamai session (thread 128938500138688): HTTP 200 cookies=['ak_bmsc', 'bm_sv']
2026-06-01 00:58:08,824 INFO e14.session: primed Akamai session (thread 128939188012736): HTTP 200 cookies=['ak_bmsc', 'bm_sv']
2026-06-01 00:58:09,050 INFO e14.session: primed Akamai session (thread 128934238676672): HTTP 200 cookies=['ak_bmsc', 'bm_sv']
2026-06-01 00:58:09,203 INFO e14.session: primed Akamai session (thread 128934247069376): HTTP 200 cookies=['ak_bmsc', 'bm_sv']
2026-06-01 00:58:09,478 INFO e14.session: primed Akamai session (thread 128940798625472): HTTP 200 cookies=['ak_bmsc', 'bm_sv']
2026-06-01 00:58:09,557 INFO e14.session: primed Akamai session (thread 128933936539328): HTTP 200 cookies=['ak_bmsc', 'bm_sv']
2026-06-01 00:58:09,716 INFO e14.session: primed Akamai session (thread 128934305818304): HTTP 200 cookies=['ak_bmsc', 'bm_sv']
2026-06-01 00:58:09,762 INFO e14.session: primed Akamai session (thread 128933844219584): HTTP 200 cookies=['ak_bmsc', 'bm_sv']
2026-06-01 00:58:09,782 INFO e14.session: primed Akamai session (thread 128939741669056): HTTP 200 cookies=['ak_bmsc', 'bm_sv']
2026-06-01 00:58:09,799 INFO e14.session: primed Akamai session (thread 128934221891264): HTTP 200 cookies=['ak_bmsc', 'bm_sv']
2026-06-01 00:58:09,800 INFO e14.session: primed Akamai session (thread 128937040529088): HTTP 200 cookies=['ak_bmsc', 'bm_sv']
2026-06-01 00:58:09,823 INFO e14.session: primed Akamai session (thread 128937057314496): HTTP 200 cookies=['ak_bmsc', 'bm_sv']
2026-06-01 00:58:09,859 INFO e14.session: primed Akamai session (thread 128941419390656): HTTP 200 cookies=['ak_bmsc', 'bm_sv']
2026-06-01 00:58:09,904 INFO e14.session: primed Akamai session (thread 128934280640192): HTTP 200 cookies=['ak_bmsc', 'bm_sv']
2026-06-01 00:58:09,918 INFO e14.session: primed Akamai session (thread 128934230283968): HTTP 200 cookies=['ak_bmsc', 'bm_sv']
2026-06-01 00:58:09,923 INFO e14.session: primed Akamai session (thread 128933986895552): HTTP 200 cookies=['ak_bmsc', 'bm_sv']
2026-06-01 00:58:09,994 INFO e14.session: primed Akamai session (thread 128934079215296): HTTP 200 cookies=['ak_bmsc', 'bm_sv']
2026-06-01 00:58:10,011 INFO e14.session: primed Akamai session (thread 128938776966848): HTTP 200 cookies=['ak_bmsc', 'bm_sv']
2026-06-01 00:58:10,071 INFO e14.session: primed Akamai session (thread 128934096000704): HTTP 200 cookies=['ak_bmsc', 'bm_sv']
2026-06-01 00:58:10,139 INFO e14.session: primed Akamai session (thread 128938508531392): HTTP 200 cookies=['ak_bmsc', 'bm_sv']
2026-06-01 00:58:10,336 INFO e14.session: primed Akamai session (thread 128934347781824): HTTP 200 cookies=['ak_bmsc', 'bm_sv']
2026-06-01 00:58:10,369 INFO e14.session: primed Akamai session (thread 128939716490944): HTTP 200 cookies=['ak_bmsc', 'bm_sv']
2026-06-01 00:58:10,384 INFO e14.session: primed Akamai session (thread 128941654476480): HTTP 200 cookies=['ak_bmsc', 'bm_sv']
2026-06-01 00:58:10,408 INFO e14.session: primed Akamai session (thread 128934339389120): HTTP 200 cookies=['ak_bmsc', 'bm_sv']
2026-06-01 00:58:10,451 INFO e14.session: primed Akamai session (thread 128933970110144): HTTP 200 cookies=['ak_bmsc', 'bm_sv']
2026-06-01 00:58:10,498 INFO e14.session: primed Akamai session (thread 128934289032896): HTTP 200 cookies=['ak_bmsc', 'bm_sv']
2026-06-01 00:58:10,541 INFO e14.session: primed Akamai session (thread 128934876260032): HTTP 200 cookies=['ak_bmsc', 'bm_sv']
2026-06-01 00:58:10,543 INFO e14.session: primed Akamai session (thread 128934112786112): HTTP 200 cookies=['ak_bmsc', 'bm_sv']
2026-06-01 00:58:10,608 INFO e14.session: primed Akamai session (thread 128934171535040): HTTP 200 cookies=['ak_bmsc', 'bm_sv']
2026-06-01 00:58:10,621 INFO e14.session: primed Akamai session (thread 128939171227328): HTTP 200 cookies=['ak_bmsc', 'bm_sv']
2026-06-01 00:58:10,626 INFO e14.session: primed Akamai session (thread 128934137964224): HTTP 200 cookies=['ak_bmsc', 'bm_sv']
2026-06-01 00:58:10,643 INFO e14.session: primed Akamai session (thread 128935991965376): HTTP 200 cookies=['ak_bmsc', 'bm_sv']
2026-06-01 00:58:10,656 INFO e14.session: primed Akamai session (thread 128940244969152): HTTP 200 cookies=['ak_bmsc', 'bm_sv']
2026-06-01 00:58:10,669 INFO e14.session: primed Akamai session (thread 128934045644480): HTTP 200 cookies=['ak_bmsc', 'bm_sv']
2026-06-01 00:58:10,700 INFO e14.session: primed Akamai session (thread 128939724883648): HTTP 200 cookies=['ak_bmsc', 'bm_sv']
2026-06-01 00:58:10,711 INFO e14.session: primed Akamai session (thread 128941427783360): HTTP 200 cookies=['ak_bmsc', 'bm_sv']
2026-06-01 00:58:10,732 INFO e14.session: primed Akamai session (thread 128934012073664): HTTP 200 cookies=['ak_bmsc', 'bm_sv']
2026-06-01 00:58:10,738 INFO e14.session: primed Akamai session (thread 128937963267776): HTTP 200 cookies=['ak_bmsc', 'bm_sv']
2026-06-01 00:58:10,791 INFO e14.session: primed Akamai session (thread 128938802144960): HTTP 200 cookies=['ak_bmsc', 'bm_sv']
2026-06-01 00:58:10,945 INFO e14.session: primed Akamai session (thread 128938491745984): HTTP 200 cookies=['ak_bmsc', 'bm_sv']
2026-06-01 00:58:10,976 INFO e14.session: primed Akamai session (thread 128934330996416): HTTP 200 cookies=['ak_bmsc', 'bm_sv']
2026-06-01 00:58:11,048 INFO e14.session: primed Akamai session (thread 128936486872768): HTTP 200 cookies=['ak_bmsc', 'bm_sv']
2026-06-01 00:58:11,130 INFO e14.session: primed Akamai session (thread 128940807018176): HTTP 200 cookies=['ak_bmsc', 'bm_sv']
2026-06-01 00:58:11,311 INFO e14.session: primed Akamai session (thread 128934163142336): HTTP 200 cookies=['ak_bmsc', 'bm_sv']
2026-06-01 00:58:11,424 INFO e14.session: primed Akamai session (thread 128941377427136): HTTP 200 cookies=['ak_bmsc', 'bm_sv']
2026-06-01 00:58:11,425 INFO e14.session: primed Akamai session (thread 128935421523648): HTTP 200 cookies=['ak_bmsc', 'bm_sv']
2026-06-01 00:58:11,449 INFO e14.session: primed Akamai session (thread 128935404738240): HTTP 200 cookies=['ak_bmsc', 'bm_sv']
2026-06-01 00:58:11,585 INFO e14.session: primed Akamai session (thread 128933877790400): HTTP 200 cookies=['ak_bmsc', 'bm_sv']
2026-06-01 00:58:11,768 INFO e14.session: primed Akamai session (thread 128940278539968): HTTP 200 cookies=['ak_bmsc', 'bm_sv']
2026-06-01 00:58:11,874 INFO e14.session: primed Akamai session (thread 128934213498560): HTTP 200 cookies=['ak_bmsc', 'bm_sv']
2026-06-01 00:58:11,949 INFO e14.session: primed Akamai session (thread 128938005231296): HTTP 200 cookies=['ak_bmsc', 'bm_sv']
2026-06-01 00:58:11,971 INFO e14.session: primed Akamai session (thread 128933953324736): HTTP 200 cookies=['ak_bmsc', 'bm_sv']
2026-06-01 00:58:11,972 INFO e14.session: primed Akamai session (thread 128935950001856): HTTP 200 cookies=['ak_bmsc', 'bm_sv']
2026-06-01 00:58:11,979 INFO e14.session: primed Akamai session (thread 128937988445888): HTTP 200 cookies=['ak_bmsc', 'bm_sv']
2026-06-01 00:58:12,170 INFO e14.session: primed Akamai session (thread 128937980053184): HTTP 200 cookies=['ak_bmsc', 'bm_sv']
2026-06-01 00:58:12,174 INFO e14.session: primed Akamai session (thread 128937048921792): HTTP 200 cookies=['ak_bmsc', 'bm_sv']
2026-06-01 00:58:12,175 INFO e14.session: primed Akamai session (thread 128934314211008): HTTP 200 cookies=['ak_bmsc', 'bm_sv']
2026-06-01 00:58:12,277 INFO e14.session: primed Akamai session (thread 128933928146624): HTTP 200 cookies=['ak_bmsc', 'bm_sv']
2026-06-01 00:58:12,285 INFO e14.session: primed Akamai session (thread 128933911361216): HTTP 200 cookies=['ak_bmsc', 'bm_sv']
2026-06-01 00:58:12,300 INFO e14.session: primed Akamai session (thread 128934918223552): HTTP 200 cookies=['ak_bmsc', 'bm_sv']
2026-06-01 00:58:12,329 INFO e14.session: primed Akamai session (thread 128934196713152): HTTP 200 cookies=['ak_bmsc', 'bm_sv']
2026-06-01 00:58:12,332 INFO e14.session: primed Akamai session (thread 128934028859072): HTTP 200 cookies=['ak_bmsc', 'bm_sv']
2026-06-01 00:58:12,410 INFO e14.session: primed Akamai session (thread 128939196405440): HTTP 200 cookies=['ak_bmsc', 'bm_sv']
2026-06-01 00:58:12,411 INFO e14.session: primed Akamai session (thread 128938760181440): HTTP 200 cookies=['ak_bmsc', 'bm_sv']
2026-06-01 00:58:12,506 INFO e14.session: primed Akamai session (thread 128940790232768): HTTP 200 cookies=['ak_bmsc', 'bm_sv']
2026-06-01 00:58:12,521 INFO e14.session: primed Akamai session (thread 128936478480064): HTTP 200 cookies=['ak_bmsc', 'bm_sv']
2026-06-01 00:58:12,577 INFO e14.session: primed Akamai session (thread 128933886183104): HTTP 200 cookies=['ak_bmsc', 'bm_sv']
2026-06-01 00:58:12,582 INFO e14.session: primed Akamai session (thread 128933944932032): HTTP 200 cookies=['ak_bmsc', 'bm_sv']
2026-06-01 00:58:12,603 INFO e14.session: primed Akamai session (thread 128937032136384): HTTP 200 cookies=['ak_bmsc', 'bm_sv']
2026-06-01 00:58:12,615 INFO e14.session: primed Akamai session (thread 128940781840064): HTTP 200 cookies=['ak_bmsc', 'bm_sv']
2026-06-01 00:58:12,630 INFO e14.session: primed Akamai session (thread 128935983572672): HTTP 200 cookies=['ak_bmsc', 'bm_sv']
2026-06-01 00:58:12,807 INFO e14.session: primed Akamai session (thread 128935975179968): HTTP 200 cookies=['ak_bmsc', 'bm_sv']
2026-06-01 00:58:12,809 INFO e14.session: primed Akamai session (thread 128934893045440): HTTP 200 cookies=['ak_bmsc', 'bm_sv']
2026-06-01 00:58:12,828 INFO e14.session: primed Akamai session (thread 128941410997952): HTTP 200 cookies=['ak_bmsc', 'bm_sv']
2026-06-01 00:58:12,880 INFO e14.session: primed Akamai session (thread 128935966787264): HTTP 200 cookies=['ak_bmsc', 'bm_sv']
2026-06-01 00:58:12,984 INFO e14.session: primed Akamai session (thread 128935413130944): HTTP 200 cookies=['ak_bmsc', 'bm_sv']
2026-06-01 00:58:13,133 INFO e14.session: primed Akamai session (thread 128933961717440): HTTP 200 cookies=['ak_bmsc', 'bm_sv']
2026-06-01 00:58:13,207 INFO e14.session: primed Akamai session (thread 128934272247488): HTTP 200 cookies=['ak_bmsc', 'bm_sv']
2026-06-01 00:58:13,272 INFO e14.session: primed Akamai session (thread 128938542102208): HTTP 200 cookies=['ak_bmsc', 'bm_sv']
2026-06-01 00:58:13,300 INFO e14.session: primed Akamai session (thread 128935438309056): HTTP 200 cookies=['ak_bmsc', 'bm_sv']
2026-06-01 00:58:13,346 INFO e14.session: primed Akamai session (thread 128934909830848): HTTP 200 cookies=['ak_bmsc', 'bm_sv']
2026-06-01 00:58:13,402 INFO e14.session: primed Akamai session (thread 128938533709504): HTTP 200 cookies=['ak_bmsc', 'bm_sv']
2026-06-01 00:58:13,667 INFO e14.session: primed Akamai session (thread 128936503658176): HTTP 200 cookies=['ak_bmsc', 'bm_sv']
2026-06-01 00:58:13,683 INFO e14.session: primed Akamai session (thread 128937015350976): HTTP 200 cookies=['ak_bmsc', 'bm_sv']
2026-06-01 00:58:13,770 INFO e14.session: primed Akamai session (thread 128933978502848): HTTP 200 cookies=['ak_bmsc', 'bm_sv']
2026-06-01 00:58:13,801 INFO e14.session: primed Akamai session (thread 128934884652736): HTTP 200 cookies=['ak_bmsc', 'bm_sv']
2026-06-01 00:58:14,048 INFO e14.session: primed Akamai session (thread 128939213190848): HTTP 200 cookies=['ak_bmsc', 'bm_sv']
2026-06-01 00:58:14,177 INFO e14.session: primed Akamai session (thread 128934263854784): HTTP 200 cookies=['ak_bmsc', 'bm_sv']
2026-06-01 00:58:14,363 INFO e14.session: primed Akamai session (thread 128933869397696): HTTP 200 cookies=['ak_bmsc', 'bm_sv']
2026-06-01 00:58:14,784 INFO e14.session: primed Akamai session (thread 128937996838592): HTTP 200 cookies=['ak_bmsc', 'bm_sv']
2026-06-01 00:58:14,800 INFO e14.session: primed Akamai session (thread 128936520443584): HTTP 200 cookies=['ak_bmsc', 'bm_sv']
2026-06-01 00:58:14,854 INFO e14.session: primed Akamai session (thread 128933852612288): HTTP 200 cookies=['ak_bmsc', 'bm_sv']
2026-06-01 00:58:14,959 INFO e14.session: primed Akamai session (thread 128938768574144): HTTP 200 cookies=['ak_bmsc', 'bm_sv']
2026-06-01 00:58:15,011 INFO e14.session: primed Akamai session (thread 128940236576448): HTTP 200 cookies=['ak_bmsc', 'bm_sv']
2026-06-01 00:58:15,319 INFO e14.session: primed Akamai session (thread 128935429916352): HTTP 200 cookies=['ak_bmsc', 'bm_sv']
2026-06-01 00:58:15,396 INFO e14.session: primed Akamai session (thread 128934062429888): HTTP 200 cookies=['ak_bmsc', 'bm_sv']
2026-06-01 00:58:16,073 INFO e14.session: primed Akamai session (thread 128940270147264): HTTP 200 cookies=['ak_bmsc', 'bm_sv']
2026-06-01 00:58:16,378 INFO e14.session: primed Akamai session (thread 128938525316800): HTTP 200 cookies=['ak_bmsc', 'bm_sv']
2026-06-01 00:58:16,460 INFO e14.session: primed Akamai session (thread 128934381352640): HTTP 200 cookies=['ak_bmsc', 'bm_sv']
2026-06-01 00:58:16,549 INFO e14.session: primed Akamai session (thread 128940286932672): HTTP 200 cookies=['ak_bmsc', 'bm_sv']
2026-06-01 00:58:16,613 INFO e14.session: primed Akamai session (thread 128939708098240): HTTP 200 cookies=['ak_bmsc', 'bm_sv']
2026-06-01 00:58:16,783 INFO e14.session: primed Akamai session (thread 128941402605248): HTTP 200 cookies=['ak_bmsc', 'bm_sv']
2026-06-01 00:58:16,860 INFO e14.session: primed Akamai session (thread 128936528836288): HTTP 200 cookies=['ak_bmsc', 'bm_sv']
2026-06-01 00:58:16,878 INFO e14.session: primed Akamai session (thread 128934054037184): HTTP 200 cookies=['ak_bmsc', 'bm_sv']
2026-06-01 00:58:18,042 INFO e14.session: primed Akamai session (thread 128934154749632): HTTP 200 cookies=['ak_bmsc', 'bm_sv']
2026-06-01 00:58:18,291 INFO e14.session: primed Akamai session (thread 128936512050880): HTTP 200 cookies=['ak_bmsc', 'bm_sv']
2026-06-01 00:58:19,030 INFO e14.session: primed Akamai session (thread 128933835826880): HTTP 200 cookies=['ak_bmsc', 'bm_sv']
2026-06-01 00:58:20,994 INFO e14.session: primed Akamai session (thread 128939750061760): HTTP 200 cookies=['ak_bmsc', 'bm_sv']
2026-06-01 00:58:22,025 INFO e14.session: primed Akamai session (thread 128938516924096): HTTP 200 cookies=['ak_bmsc', 'bm_sv']
2026-06-01 00:58:23,872 INFO e14.session: primed Akamai session (thread 128934364567232): HTTP 200 cookies=['ak_bmsc', 'bm_sv']
2026-06-01 00:58:26,229 INFO e14.session: primed Akamai session (thread 128937023743680): HTTP 200 cookies=['ak_bmsc', 'bm_sv']
2026-06-01 00:58:31,972 INFO e14.session: primed Akamai session (thread 128934188320448): HTTP 200 cookies=['ak_bmsc', 'bm_sv']
2026-06-01 00:58:39,033 INFO e14.session: primed Akamai session (thread 128941646083776): HTTP 200 cookies=['ak_bmsc', 'bm_sv']
2026-06-01 00:58:46,195 INFO e14.session: primed Akamai session (thread 128939162834624): HTTP 200 cookies=['ak_bmsc', 'bm_sv']
2026-06-01 00:58:47,753 INFO e14.session: primed Akamai session (thread 128933995288256): HTTP 200 cookies=['ak_bmsc', 'bm_sv']
2026-06-01 00:58:50,865 INFO e14.session: primed Akamai session (thread 128938810537664): HTTP 200 cookies=['ak_bmsc', 'bm_sv']
2026-06-01 00:58:51,723 INFO e14.session: primed Akamai session (thread 128934020466368): HTTP 200 cookies=['ak_bmsc', 'bm_sv']
2026-06-01 00:58:54,057 INFO e14.session: primed Akamai session (thread 128934146356928): HTTP 200 cookies=['ak_bmsc', 'bm_sv']
2026-06-01 00:58:54,590 INFO e14.session: primed Akamai session (thread 128939699705536): HTTP 200 cookies=['ak_bmsc', 'bm_sv']
2026-06-01 00:58:54,862 INFO e14.session: primed Akamai session (thread 128933919753920): HTTP 200 cookies=['ak_bmsc', 'bm_sv']
2026-06-01 00:58:58,274 INFO e14.session: primed Akamai session (thread 128934322603712): HTTP 200 cookies=['ak_bmsc', 'bm_sv']
2026-06-01 00:58:58,590 INFO e14.session: primed Akamai session (thread 128934104393408): HTTP 200 cookies=['ak_bmsc', 'bm_sv']
2026-06-01 00:58:59,976 INFO e14.session: primed Akamai session (thread 128940823803584): HTTP 200 cookies=['ak_bmsc', 'bm_sv']
2026-06-01 00:59:01,287 INFO e14.session: primed Akamai session (thread 128934121178816): HTTP 200 cookies=['ak_bmsc', 'bm_sv']
2026-06-01 00:59:02,120 INFO e14.session: primed Akamai session (thread 128938785359552): HTTP 200 cookies=['ak_bmsc', 'bm_sv']
2026-06-01 00:59:03,477 INFO e14.session: primed Akamai session (thread 128939733276352): HTTP 200 cookies=['ak_bmsc', 'bm_sv']
2026-06-01 00:59:03,806 INFO e14.session: primed Akamai session (thread 128940253361856): HTTP 200 cookies=['ak_bmsc', 'bm_sv']
2026-06-01 00:59:05,088 INFO e14.session: primed Akamai session (thread 128940815410880): HTTP 200 cookies=['ak_bmsc', 'bm_sv']
2026-06-01 00:59:06,286 INFO e14.session: primed Akamai session (thread 128933902968512): HTTP 200 cookies=['ak_bmsc', 'bm_sv']
2026-06-01 00:59:07,223 INFO e14.session: primed Akamai session (thread 128934070822592): HTTP 200 cookies=['ak_bmsc', 'bm_sv']
2026-06-01 00:59:07,639 INFO e14.session: primed Akamai session (thread 128939204798144): HTTP 200 cookies=['ak_bmsc', 'bm_sv']
2026-06-01 00:59:07,771 INFO e14.session: primed Akamai session (thread 128934003680960): HTTP 200 cookies=['ak_bmsc', 'bm_sv']
2026-06-01 00:59:08,027 INFO e14.session: primed Akamai session (thread 128935455094464): HTTP 200 cookies=['ak_bmsc', 'bm_sv']
2026-06-01 00:59:08,749 INFO e14.session: primed Akamai session (thread 128937954875072): HTTP 200 cookies=['ak_bmsc', 'bm_sv']
2026-06-01 00:59:09,012 INFO e14.session: primed Akamai session (thread 128934037251776): HTTP 200 cookies=['ak_bmsc', 'bm_sv']
2026-06-01 00:59:09,348 INFO e14.session: primed Akamai session (thread 128940261754560): HTTP 200 cookies=['ak_bmsc', 'bm_sv']
2026-06-01 00:59:09,483 INFO e14.session: primed Akamai session (thread 128936495265472): HTTP 200 cookies=['ak_bmsc', 'bm_sv']
2026-06-01 00:59:11,829 INFO e14.session: primed Akamai session (thread 128941385819840): HTTP 200 cookies=['ak_bmsc', 'bm_sv']
2026-06-01 00:59:12,140 INFO e14.session: primed Akamai session (thread 128935446701760): HTTP 200 cookies=['ak_bmsc', 'bm_sv']
2026-06-01 00:59:12,682 INFO e14.session: primed Akamai session (thread 128934867867328): HTTP 200 cookies=['ak_bmsc', 'bm_sv']
2026-06-01 00:59:12,902 INFO e14.session: primed Akamai session (thread 128938793752256): HTTP 200 cookies=['ak_bmsc', 'bm_sv']
2026-06-01 00:59:12,926 INFO e14.session: primed Akamai session (thread 128933986895552): HTTP 200 cookies=['ak_bmsc', 'bm_sv']
2026-06-01 00:59:13,120 INFO e14.session: primed Akamai session (thread 128934238676672): HTTP 200 cookies=['ak_bmsc', 'bm_sv']
2026-06-01 00:59:13,165 INFO e14.session: primed Akamai session (thread 128934129571520): HTTP 200 cookies=['ak_bmsc', 'bm_sv']
2026-06-01 00:59:13,494 INFO e14.session: primed Akamai session (thread 128934012073664): HTTP 200 cookies=['ak_bmsc', 'bm_sv']
2026-06-01 01:03:53,758 INFO e14.download: download: 316 to fetch, 120556 already done/skipped (variant=delegados)
2026-06-01 01:03:53,909 INFO e14.session: primed Akamai session (thread 132448336740480): HTTP 200 cookies=['ak_bmsc']
2026-06-01 01:03:54,075 INFO e14.session: primed Akamai session (thread 132448211084992): HTTP 200 cookies=['ak_bmsc']
2026-06-01 01:03:54,089 INFO e14.session: primed Akamai session (thread 132448092399296): HTTP 200 cookies=['ak_bmsc']
2026-06-01 01:03:54,090 INFO e14.session: primed Akamai session (thread 132448084006592): HTTP 200 cookies=['ak_bmsc']
2026-06-01 01:03:54,103 INFO e14.session: primed Akamai session (thread 132448134362816): HTTP 200 cookies=['ak_bmsc']
2026-06-01 01:03:54,108 INFO e14.session: primed Akamai session (thread 132448125970112): HTTP 200 cookies=['ak_bmsc']
2026-06-01 01:03:54,109 INFO e14.session: primed Akamai session (thread 132448117577408): HTTP 200 cookies=['ak_bmsc']
2026-06-01 01:03:54,120 INFO e14.session: primed Akamai session (thread 132448109184704): HTTP 200 cookies=['ak_bmsc']
2026-06-01 01:03:54,150 INFO e14.session: primed Akamai session (thread 132447505204928): HTTP 200 cookies=['ak_bmsc']
2026-06-01 01:03:54,155 INFO e14.session: primed Akamai session (thread 132446968334016): HTTP 200 cookies=['ak_bmsc']
2026-06-01 01:03:54,159 INFO e14.session: primed Akamai session (thread 132447496812224): HTTP 200 cookies=['ak_bmsc']
2026-06-01 01:03:54,166 INFO e14.session: primed Akamai session (thread 132446020417216): HTTP 200 cookies=['ak_bmsc']
2026-06-01 01:03:54,171 INFO e14.session: primed Akamai session (thread 132447480026816): HTTP 200 cookies=['ak_bmsc']
2026-06-01 01:03:54,182 INFO e14.session: primed Akamai session (thread 132446976726720): HTTP 200 cookies=['ak_bmsc']
2026-06-01 01:03:54,193 INFO e14.session: primed Akamai session (thread 132446045595328): HTTP 200 cookies=['ak_bmsc']
2026-06-01 01:03:54,204 INFO e14.session: primed Akamai session (thread 132447530383040): HTTP 200 cookies=['ak_bmsc']
2026-06-01 01:03:54,206 INFO e14.session: primed Akamai session (thread 132446012024512): HTTP 200 cookies=['ak_bmsc']
2026-06-01 01:03:54,207 INFO e14.session: primed Akamai session (thread 132446456641216): HTTP 200 cookies=['ak_bmsc']
2026-06-01 01:03:54,233 INFO e14.session: primed Akamai session (thread 132446959941312): HTTP 200 cookies=['ak_bmsc']
2026-06-01 01:03:54,239 INFO e14.session: primed Akamai session (thread 132446423070400): HTTP 200 cookies=['ak_bmsc']
2026-06-01 01:03:54,240 INFO e14.session: primed Akamai session (thread 132446028809920): HTTP 200 cookies=['ak_bmsc']
2026-06-01 01:03:54,241 INFO e14.session: primed Akamai session (thread 132444837635776): HTTP 200 cookies=['ak_bmsc']
2026-06-01 01:03:54,243 INFO e14.session: primed Akamai session (thread 132445382899392): HTTP 200 cookies=['ak_bmsc']
2026-06-01 01:03:54,243 INFO e14.session: primed Akamai session (thread 132444829243072): HTTP 200 cookies=['ak_bmsc']
2026-06-01 01:03:54,244 INFO e14.session: primed Akamai session (thread 132447521990336): HTTP 200 cookies=['ak_bmsc']
2026-06-01 01:03:54,244 INFO e14.session: primed Akamai session (thread 132446993512128): HTTP 200 cookies=['ak_bmsc']
2026-06-01 01:03:54,256 INFO e14.session: primed Akamai session (thread 132445357721280): HTTP 200 cookies=['ak_bmsc']
2026-06-01 01:03:54,259 INFO e14.session: primed Akamai session (thread 132447488419520): HTTP 200 cookies=['ak_bmsc']
2026-06-01 01:03:54,260 INFO e14.session: primed Akamai session (thread 132446037202624): HTTP 200 cookies=['ak_bmsc']
2026-06-01 01:03:54,262 INFO e14.session: primed Akamai session (thread 132448100792000): HTTP 200 cookies=['ak_bmsc']
2026-06-01 01:03:54,267 INFO e14.session: primed Akamai session (thread 132446053988032): HTTP 200 cookies=['ak_bmsc']
2026-06-01 01:03:54,270 INFO e14.session: primed Akamai session (thread 132446431463104): HTTP 200 cookies=['ak_bmsc']
2026-06-01 01:03:54,271 INFO e14.session: primed Akamai session (thread 132447513597632): HTTP 200 cookies=['ak_bmsc']
2026-06-01 01:03:54,276 INFO e14.session: primed Akamai session (thread 132443839395520): HTTP 200 cookies=['ak_bmsc']
2026-06-01 01:03:54,278 INFO e14.session: primed Akamai session (thread 132446414677696): HTTP 200 cookies=['ak_bmsc']
2026-06-01 01:03:54,280 INFO e14.session: primed Akamai session (thread 132445340935872): HTTP 200 cookies=['ak_bmsc']
2026-06-01 01:03:54,281 INFO e14.session: primed Akamai session (thread 132446985119424): HTTP 200 cookies=['ak_bmsc']
2026-06-01 01:03:54,287 INFO e14.session: primed Akamai session (thread 132446439855808): HTTP 200 cookies=['ak_bmsc']
2026-06-01 01:03:54,282 INFO e14.session: primed Akamai session (thread 132444703418048): HTTP 200 cookies=['ak_bmsc']
2026-06-01 01:03:54,286 INFO e14.session: primed Akamai session (thread 132444812457664): HTTP 200 cookies=['ak_bmsc']
2026-06-01 01:03:54,281 INFO e14.session: primed Akamai session (thread 132444846028480): HTTP 200 cookies=['ak_bmsc']
2026-06-01 01:03:54,306 INFO e14.session: primed Akamai session (thread 132444686632640): HTTP 200 cookies=['ak_bmsc']
2026-06-01 01:03:54,292 INFO e14.session: primed Akamai session (thread 132445366113984): HTTP 200 cookies=['ak_bmsc']
2026-06-01 01:03:54,298 INFO e14.session: primed Akamai session (thread 132445349328576): HTTP 200 cookies=['ak_bmsc']
2026-06-01 01:03:54,299 INFO e14.session: primed Akamai session (thread 132446943155904): HTTP 200 cookies=['ak_bmsc']
2026-06-01 01:03:54,299 INFO e14.session: primed Akamai session (thread 132446003631808): HTTP 200 cookies=['ak_bmsc']
2026-06-01 01:03:54,289 INFO e14.session: primed Akamai session (thread 132444795672256): HTTP 200 cookies=['ak_bmsc']
2026-06-01 01:03:54,309 INFO e14.session: primed Akamai session (thread 132444678239936): HTTP 200 cookies=['ak_bmsc']
2026-06-01 01:03:54,310 INFO e14.session: primed Akamai session (thread 132446448248512): HTTP 200 cookies=['ak_bmsc']
2026-06-01 01:03:54,313 INFO e14.session: primed Akamai session (thread 132443822610112): HTTP 200 cookies=['ak_bmsc']
2026-06-01 01:03:54,319 INFO e14.session: primed Akamai session (thread 132446406284992): HTTP 200 cookies=['ak_bmsc']
2026-06-01 01:03:54,320 INFO e14.session: primed Akamai session (thread 132443797432000): HTTP 200 cookies=['ak_bmsc']
2026-06-01 01:03:54,321 INFO e14.session: primed Akamai session (thread 132443789039296): HTTP 200 cookies=['ak_bmsc']
2026-06-01 01:03:54,322 INFO e14.session: primed Akamai session (thread 132444695025344): HTTP 200 cookies=['ak_bmsc']
2026-06-01 01:03:54,325 INFO e14.session: primed Akamai session (thread 132444804064960): HTTP 200 cookies=['ak_bmsc']
2026-06-01 01:03:54,325 INFO e14.session: primed Akamai session (thread 132443814217408): HTTP 200 cookies=['ak_bmsc']
2026-06-01 01:03:54,326 INFO e14.session: primed Akamai session (thread 132444661454528): HTTP 200 cookies=['ak_bmsc']
2026-06-01 01:03:54,327 INFO e14.session: primed Akamai session (thread 132444711810752): HTTP 200 cookies=['ak_bmsc']
2026-06-01 01:03:54,327 INFO e14.session: primed Akamai session (thread 132445374506688): HTTP 200 cookies=['ak_bmsc']
2026-06-01 01:03:54,329 INFO e14.session: primed Akamai session (thread 132443805824704): HTTP 200 cookies=['ak_bmsc']
2026-06-01 01:03:54,329 INFO e14.session: primed Akamai session (thread 132444669847232): HTTP 200 cookies=['ak_bmsc']
2026-06-01 01:03:54,334 INFO e14.session: primed Akamai session (thread 132444820850368): HTTP 200 cookies=['ak_bmsc']
2026-06-01 01:03:54,335 INFO e14.session: primed Akamai session (thread 132446951548608): HTTP 200 cookies=['ak_bmsc']
2026-06-01 01:03:54,338 INFO e14.session: primed Akamai session (thread 132445332543168): HTTP 200 cookies=['ak_bmsc']
2026-06-01 01:03:54,340 INFO e14.session: primed Akamai session (thread 132443831002816): HTTP 200 cookies=['ak_bmsc']
2026-06-01 08:03:05,433 INFO e14.universe: fetching national acta list: https://divulgacione14presidente.registraduria.gov.co/assets/temis/divipol_json/allTransmissionCodes.json
2026-06-01 08:03:05,625 INFO e14.session: primed Akamai session (thread 132479391326336): HTTP 200 cookies=['ak_bmsc']
2026-06-01 08:03:06,982 INFO e14.universe: parsed 121041 actas with filenames
2026-06-01 08:03:08,016 INFO e14.universe: wrote 121041 rows -> data/mesa_universe.csv
2026-06-01 08:03:15,368 INFO e14.download: download: 485 to fetch, 120556 already done/skipped (variant=delegados)
2026-06-01 08:03:15,489 INFO e14.session: primed Akamai session (thread 124748380225664): HTTP 200 cookies=['ak_bmsc']
2026-06-01 08:03:15,635 INFO e14.session: primed Akamai session (thread 124748250961600): HTTP 200 cookies=['ak_bmsc']
2026-06-01 08:03:15,636 INFO e14.session: primed Akamai session (thread 124748237108928): HTTP 200 cookies=['ak_bmsc']
2026-06-01 08:03:15,648 INFO e14.session: primed Akamai session (thread 124747861980864): HTTP 200 cookies=['ak_bmsc']
2026-06-01 08:03:15,651 INFO e14.session: primed Akamai session (thread 124747836372672): HTTP 200 cookies=['ak_bmsc']
2026-06-01 08:03:15,653 INFO e14.session: primed Akamai session (thread 124748211500736): HTTP 200 cookies=['ak_bmsc']
2026-06-01 08:03:15,654 INFO e14.session: primed Akamai session (thread 124748224304832): HTTP 200 cookies=['ak_bmsc']
2026-06-01 08:03:15,658 INFO e14.session: primed Akamai session (thread 124747823568576): HTTP 200 cookies=['ak_bmsc']
2026-06-01 08:03:15,690 INFO e14.session: primed Akamai session (thread 124747849176768): HTTP 200 cookies=['ak_bmsc']
2026-06-01 08:29:43,815 INFO e14.universe: fetching names tree: https://divulgacione14presidente.registraduria.gov.co/assets/temis/divipol_json/departmentsTree.json
2026-06-01 08:29:43,990 INFO e14.session: primed Akamai session (thread 131690436866176): HTTP 200 cookies=['ak_bmsc']
2026-06-01 08:29:44,222 INFO e14.universe: names dictionary: 14438 puestos
